Date,Open,High,Low,Close,Adj Close,Volume
1972-06-01,2.1492,2.1735,2.1492,2.1532,0.2056,1091238
1972-06-02,2.1532,2.1735,2.1411,2.1492,0.2052,1174468
1972-06-05,2.1492,2.1694,2.1411,2.1492,0.2052,5209582
1972-06-06,2.1492,2.1573,2.1167,2.1248,0.2029,1424158
1972-06-07,2.1248,2.137,2.1127,2.1127,0.2018,675088
1972-06-08,2.1127,2.1289,2.0964,2.0964,0.2002,1038834
1972-06-09,2.0964,2.1005,2.0437,2.0843,0.1991,6590583
1972-06-12,2.0843,2.1086,2.0681,2.0843,0.1991,1430323
1972-06-13,2.0843,2.1046,2.0843,2.1005,0.2006,934026
1972-06-14,2.1086,2.1532,2.1086,2.1329,0.2037,2940794
1972-06-15,2.1329,2.1532,2.1208,2.1248,0.2029,1464232
1972-06-16,2.1248,2.1329,2.1005,2.1329,0.2037,752153
1972-06-19,2.1329,2.1451,2.1127,2.1208,0.2025,530206
1972-06-20,2.1208,2.1411,2.1208,2.1289,0.2033,897034
1972-06-21,2.1289,2.1329,2.1086,2.1086,0.2014,1612196
1972-06-22,2.1046,2.1046,2.0762,2.0964,0.2002,1282359
1972-06-23,2.0924,2.0924,2.0721,2.0924,0.1998,1276193
1972-06-26,2.0924,2.0924,2.0762,2.0843,0.1991,622684
1972-06-27,2.0843,2.1005,2.0843,2.1005,0.2006,878539
1972-06-28,2.1005,2.1127,2.0924,2.0964,0.2002,906282
1972-06-29,2.0964,2.1046,2.0883,2.0883,0.1994,450059
1972-06-30,2.0762,2.0762,2.0518,2.0721,0.1979,826135
1972-07-03,2.0721,2.0721,2.0518,2.064,0.1971,440811
1972-07-05,2.064,2.0681,2.0316,2.0518,0.196,1396415
1972-07-06,2.06,2.0964,2.06,2.0762,0.1983,1174468
1972-07-07,2.0762,2.0883,2.0518,2.0681,0.1975,1353258
1972-07-10,2.0681,2.0721,2.0437,2.0437,0.1952,527123
1972-07-11,2.0437,2.06,2.0316,2.0316,0.194,548702
1972-07-12,2.0316,2.06,2.0153,2.0153,0.1925,1803317
1972-07-13,2.0153,2.0194,1.991,2.0153,0.1925,681253
1972-07-14,2.0153,2.0275,2.0072,2.0113,0.1921,943273
1972-07-17,2.0113,2.0275,2.0032,2.0113,0.1921,585693
1972-07-18,2.0113,2.0356,1.9789,2.0316,0.194,1340928
1972-07-19,2.0316,2.0762,2.0275,2.0437,0.1952,1710839
1972-07-20,2.0437,2.0518,2.0153,2.0153,0.1925,493215
1972-07-21,2.0153,2.0518,2.0153,2.0437,0.1952,604188
1972-07-24,2.06,2.1127,2.06,2.1005,0.2006,1458066
1972-07-25,2.1005,2.1046,2.0843,2.0924,0.2019,1553627
1972-07-26,2.0924,2.0924,2.0802,2.0843,0.2011,431563
1972-07-27,2.0843,2.0883,2.0762,2.0762,0.2004,1109733
1972-07-28,2.0843,2.1127,2.0843,2.0964,0.2023,1815647
1972-07-31,2.0964,2.1127,2.0883,2.0964,0.2023,1260780
1972-08-01,2.0964,2.1005,2.0762,2.0964,0.2023,1427240
1972-08-02,2.0964,2.1248,2.0964,2.1248,0.2051,2142402
1972-08-03,2.137,2.1816,2.137,2.1613,0.2086,4334125
1972-08-04,2.1613,2.1694,2.1613,2.1694,0.2094,1189881
1972-08-07,2.1694,2.1816,2.1694,2.1735,0.2098,1932786
1972-08-08,2.1735,2.1735,2.1573,2.1654,0.209,949439
1972-08-09,2.1654,2.1694,2.1208,2.1329,0.2058,2823655
1972-08-10,2.1329,2.137,2.1208,2.137,0.2062,1205294
1972-08-11,2.1411,2.1573,2.1411,2.1532,0.2078,1285441
1972-08-14,2.1613,2.1776,2.1613,2.1654,0.209,1889629
1972-08-15,2.1654,2.1694,2.1329,2.1492,0.2074,1128229
1972-08-16,2.1411,2.1411,2.0924,2.0924,0.2019,1140559
1972-08-17,2.0924,2.1289,2.0924,2.1289,0.2055,2133154
1972-08-18,2.1289,2.137,2.1248,2.1289,0.2055,974099
1972-08-21,2.1289,2.137,2.1127,2.137,0.2062,1008008
1972-08-22,2.1532,2.1776,2.1532,2.1694,0.2094,1704674
1972-08-23,2.1735,2.2587,2.1735,2.2546,0.2176,3171988
1972-08-24,2.2546,2.2546,2.2181,2.2222,0.2145,2450661
1972-08-25,2.2222,2.2262,2.1938,2.1938,0.2117,1587535
1972-08-28,2.1938,2.214,2.1938,2.1938,0.2117,585693
1972-08-29,2.1897,2.1897,2.1289,2.1573,0.2082,1957446
1972-08-30,2.1573,2.1573,2.1411,2.1411,0.2066,906282
1972-08-31,2.1411,2.1857,2.1411,2.1857,0.2109,782979
1972-09-01,2.1857,2.2019,2.1816,2.1857,0.2109,696666
1972-09-05,2.1857,2.1938,2.1573,2.1573,0.2082,391489
1972-09-06,2.1573,2.1573,2.1289,2.1411,0.2066,662757
1972-09-07,2.1451,2.1694,2.1451,2.1492,0.2074,739822
1972-09-08,2.1492,2.1613,2.1411,2.1451,0.207,742905
1972-09-11,2.1451,2.1451,2.137,2.1411,0.2066,576445
1972-09-12,2.1411,2.1411,2.1127,2.1167,0.2043,1233037
1972-09-13,2.1167,2.1289,2.1005,2.1289,0.2055,776813
1972-09-14,2.1289,2.1411,2.1167,2.1248,0.2051,487050
1972-09-15,2.1248,2.137,2.1208,2.1289,0.2055,496297
1972-09-18,2.1248,2.1248,2.1127,2.1248,0.2051,299011
1972-09-19,2.1248,2.1289,2.1127,2.1167,0.2043,853878
1972-09-20,2.1167,2.1208,2.0883,2.1005,0.2027,1646105
1972-09-21,2.0924,2.0924,2.0478,2.0518,0.198,1593700
1972-09-22,2.0518,2.0681,2.0437,2.0681,0.1996,829217
1972-09-25,2.0681,2.0843,2.06,2.0721,0.2,675088
1972-09-26,2.0721,2.0924,2.0681,2.0843,0.2011,635014
1972-09-27,2.0843,2.1208,2.0843,2.1167,0.2043,1963612
1972-09-28,2.1167,2.1451,2.1005,2.1451,0.207,2105411
1972-09-29,2.1573,2.1735,2.1573,2.1613,0.2086,1618361
1972-10-02,2.1613,2.1735,2.1573,2.1654,0.209,712079
1972-10-03,2.1654,2.1654,2.1289,2.1329,0.2058,835383
1972-10-04,2.1329,2.1492,2.1289,2.1289,0.2055,795309
1972-10-05,2.1289,2.1289,2.1086,2.1167,0.2043,650427
1972-10-06,2.1167,2.1208,2.0802,2.1167,0.2043,1103568
1972-10-09,2.1167,2.1329,2.1127,2.1248,0.2051,672005
1972-10-10,2.1329,2.1532,2.1329,2.1411,0.2066,844630
1972-10-11,2.137,2.137,2.1208,2.137,0.2062,394572
1972-10-12,2.1289,2.1289,2.1208,2.1208,0.2047,403820
1972-10-13,2.1208,2.1248,2.0762,2.0883,0.2015,2530809
1972-10-16,2.0843,2.0843,2.0681,2.0762,0.2004,379159
1972-10-17,2.0762,2.0762,2.06,2.0681,0.1996,1692343
1972-10-18,2.0681,2.0964,2.0681,2.0762,0.2004,601106
1972-10-19,2.0762,2.0762,2.06,2.064,0.1992,1208376
1972-10-20,2.0681,2.1046,2.0681,2.1005,0.2027,1797152
1972-10-23,2.1005,2.1167,2.1005,2.1046,0.2031,2509231
1972-10-24,2.1086,2.137,2.1086,2.137,0.2062,1211459
1972-10-25,2.1329,2.1329,2.1167,2.1248,0.2072,1072742
1972-10-26,2.1248,2.1329,2.1208,2.1289,0.2076,1356341
1972-10-27,2.1289,2.1492,2.1248,2.1492,0.2096,1655352
1972-10-30,2.1492,2.1532,2.137,2.1411,0.2088,1353258
1972-10-31,2.1451,2.1573,2.1451,2.1492,0.2096,1565957
1972-11-01,2.1613,2.2059,2.1613,2.1978,0.2143,2308862
1972-11-02,2.2181,2.2627,2.2181,2.2587,0.2202,4608476
1972-11-03,2.2749,2.3357,2.2749,2.3357,0.2277,6266911
1972-11-06,2.3398,2.3844,2.3398,2.36,0.2301,3689864
1972-11-08,2.36,2.3965,2.3479,2.3479,0.2289,4451264
1972-11-09,2.3479,2.3965,2.3195,2.3965,0.2337,3307622
1972-11-10,2.3965,2.4452,2.3965,2.429,0.2368,8326083
1972-11-13,2.429,2.4411,2.4046,2.4046,0.2345,3113419
1972-11-14,2.4046,2.4452,2.3844,2.4452,0.2384,2515396
1972-11-15,2.4452,2.4614,2.4249,2.429,0.2368,2694186
1972-11-16,2.429,2.4655,2.4046,2.4655,0.2404,2863729
1972-11-17,2.4655,2.5263,2.4655,2.5263,0.2463,7296497
1972-11-20,2.5263,2.5384,2.506,2.5344,0.2471,4953727
1972-11-21,2.5344,2.5587,2.5303,2.5547,0.2491,2928463
1972-11-22,2.5547,2.5547,2.5303,2.5384,0.2475,2290366
1972-11-24,2.5384,2.5384,2.4938,2.5141,0.2451,2093080
1972-11-27,2.502,2.502,2.4452,2.4736,0.2412,3101088
1972-11-28,2.4736,2.4736,2.4209,2.433,0.2372,1633774
1972-11-29,2.433,2.4371,2.3884,2.4168,0.2357,3353861
1972-11-30,2.4168,2.4492,2.4127,2.4452,0.2384,1180633
1972-12-01,2.4452,2.4614,2.4411,2.4573,0.2396,1673848
1972-12-04,2.4655,2.4938,2.4655,2.4695,0.2408,1664600
1972-12-05,2.4695,2.5222,2.4655,2.5222,0.2459,3631294
1972-12-06,2.5222,2.5303,2.5101,2.5263,0.2463,2318110
1972-12-07,2.5263,2.5466,2.506,2.5425,0.2479,2913050
1972-12-08,2.5344,2.5344,2.5101,2.5141,0.2451,2006768
1972-12-11,2.5141,2.5425,2.5101,2.5384,0.2475,2644865
1972-12-12,2.5384,2.5384,2.5101,2.5182,0.2455,3905645
1972-12-13,2.5182,2.5222,2.502,2.5141,0.2451,1960529
1972-12-14,2.5141,2.5263,2.506,2.5222,0.2459,2410588
1972-12-15,2.5222,2.5222,2.4817,2.4817,0.242,1874216
1972-12-18,2.4492,2.4492,2.3925,2.3965,0.2337,2666443
1972-12-19,2.3965,2.4371,2.3884,2.4127,0.2353,1202211
1972-12-20,2.4127,2.429,2.4046,2.4046,0.2345,1066577
1972-12-21,2.4046,2.429,2.4006,2.4046,0.2345,2416753
1972-12-22,2.4087,2.4492,2.4087,2.4492,0.2388,1516636
1972-12-26,2.4573,2.506,2.4573,2.506,0.2444,1966694
1972-12-27,2.506,2.5628,2.502,2.5628,0.2499,2617121
1972-12-29,2.5709,2.5912,2.5709,2.5831,0.2519,2706516
1973-01-02,2.5831,2.5871,2.5506,2.5628,0.2499,1784821
1973-01-03,2.5628,2.5628,2.5101,2.5344,0.2471,1926620
1973-01-04,2.5344,2.6033,2.5182,2.5993,0.2534,4025866
1973-01-05,2.5993,2.6114,2.5709,2.5993,0.2534,4133757
1973-01-08,2.5993,2.6155,2.579,2.6155,0.255,5104774
1973-01-09,2.6114,2.6114,2.5831,2.5952,0.2531,1960529
1973-01-10,2.5952,2.5952,2.5709,2.5749,0.2511,1202211
1973-01-11,2.5749,2.6723,2.5709,2.6114,0.2546,6541262
1973-01-12,2.6114,2.6277,2.5466,2.5506,0.2487,4482090
1973-01-15,2.5506,2.6033,2.5344,2.5425,0.2479,3261383
1973-01-16,2.5425,2.5466,2.4979,2.5182,0.2455,2324275
1973-01-17,2.5182,2.5425,2.5101,2.5263,0.2463,1254615
1973-01-18,2.5263,2.5263,2.4817,2.4817,0.242,2059172
1973-01-19,2.4817,2.4857,2.4411,2.4736,0.2412,3061015
1973-01-22,2.4736,2.4817,2.4452,2.4492,0.2388,1562875
1973-01-23,2.429,2.429,2.3884,2.429,0.2391,2808242
1973-01-24,2.429,2.4411,2.3965,2.4127,0.2375,3887149
1973-01-26,2.4127,2.4127,2.3844,2.4127,0.2375,2250293
1973-01-29,2.4127,2.4209,2.3925,2.4046,0.2367,2086915
1973-01-30,2.4046,2.4371,2.4006,2.4046,0.2367,4044362
1973-01-31,2.4046,2.4209,2.3965,2.4087,0.2371,995677
1973-02-01,2.4087,2.4168,2.2627,2.287,0.2251,3184318
1973-02-02,2.287,2.3195,2.283,2.287,0.2251,4075188
1973-02-05,2.287,2.3073,2.2627,2.2708,0.2235,2524643
1973-02-06,2.2708,2.283,2.2627,2.2627,0.2227,2139319
1973-02-07,2.2627,2.2951,2.2505,2.2505,0.2215,2765086
1973-02-08,2.2465,2.2465,2.1978,2.2424,0.2207,4472842
1973-02-09,2.2465,2.2789,2.2465,2.2708,0.2235,4525246
1973-02-12,2.2708,2.287,2.2708,2.2708,0.2235,964852
1973-02-13,2.3033,2.3844,2.3033,2.3114,0.2275,9371082
1973-02-14,2.2992,2.2992,2.2546,2.2546,0.2219,2626369
1973-02-15,2.2546,2.2546,2.214,2.2181,0.2183,1797152
1973-02-16,2.2546,2.2749,2.2546,2.2668,0.2231,2040676
1973-02-20,2.2668,2.287,2.2627,2.2789,0.2243,1470397
1973-02-21,2.2789,2.2951,2.2505,2.2546,0.2219,1661518
1973-02-22,2.2546,2.2587,2.2384,2.2465,0.2211,900117
1973-02-23,2.2465,2.2505,2.1897,2.1897,0.2155,1152890
1973-02-26,2.1897,2.1938,2.1451,2.1654,0.2131,2509231
1973-02-27,2.1654,2.1694,2.1248,2.1289,0.2095,1507388
1973-02-28,2.1289,2.1573,2.1167,2.1411,0.2107,2111576
1973-03-01,2.1411,2.1532,2.1167,2.1208,0.2087,1787904
1973-03-02,2.1208,2.1613,2.0924,2.1573,0.2123,1868051
1973-03-05,2.1573,2.1694,2.1289,2.1329,0.2099,1630692
1973-03-06,2.1411,2.1613,2.1411,2.1573,0.2123,2108493
1973-03-07,2.1613,2.1816,2.1613,2.1776,0.2143,2392092
1973-03-08,2.1776,2.1857,2.1411,2.1451,0.2111,727492
1973-03-09,2.1451,2.1451,2.1248,2.137,0.2103,844630
1973-03-12,2.137,2.1532,2.1208,2.1208,0.2087,1125146
1973-03-13,2.1208,2.1248,2.1046,2.1248,0.2091,1710839
1973-03-14,2.1248,2.1411,2.1167,2.1167,0.2083,1189881
1973-03-15,2.1167,2.1208,2.1005,2.1046,0.2071,1085073
1973-03-16,2.1046,2.1046,2.0762,2.0924,0.2059,1044999
1973-03-19,2.0924,2.0924,2.0316,2.0437,0.2011,1827978
1973-03-20,2.0437,2.0518,2.0397,2.0478,0.2015,1118981
1973-03-21,2.0478,2.064,2.0153,2.0194,0.1987,1411827
1973-03-22,2.0194,2.0235,1.9748,1.9951,0.1964,1831060
1973-03-23,1.9951,2.0113,1.9505,2.0113,0.1979,1766326
1973-03-26,2.0113,2.0194,1.987,2.0113,0.1979,1417993
1973-03-27,2.0113,2.0316,2.0032,2.0316,0.1999,3467917
1973-03-28,2.0316,2.0437,2.0194,2.0356,0.2003,1307019
1973-03-29,2.0397,2.1005,2.0397,2.0843,0.2051,1883464
1973-03-30,2.0843,2.0883,2.0478,2.0559,0.2023,1741665
1973-04-02,2.0559,2.064,2.0478,2.0478,0.2015,548702
1973-04-03,2.0437,2.0437,2.0113,2.0235,0.1991,1966694
1973-04-04,2.0235,2.0397,2.0072,2.0153,0.1983,1152890
1973-04-05,2.0032,2.0032,1.9829,1.9951,0.1964,712079
1973-04-06,2.0032,2.0194,2.0032,2.0032,0.1972,1112816
1973-04-09,2.0072,2.0721,2.0072,2.0681,0.2035,4186161
1973-04-10,2.0681,2.0924,2.0681,2.0762,0.2043,2987032
1973-04-11,2.0762,2.1532,2.0762,2.1492,0.2115,3273714
1973-04-12,2.1411,2.1411,2.1167,2.1167,0.2083,1911208
1973-04-13,2.1167,2.1248,2.0883,2.1005,0.2067,890869
1973-04-16,2.1005,2.1005,2.0518,2.0518,0.2019,1174468
1973-04-17,2.0518,2.0843,2.0356,2.0843,0.2051,1270028
1973-04-18,2.0843,2.0924,2.0721,2.0843,0.2051,1381002
1973-04-19,2.1005,2.1329,2.1005,2.1289,0.2095,3088758
1973-04-23,2.1289,2.1532,2.1005,2.1005,0.2067,924778
1973-04-24,2.0681,2.0681,2.0153,2.0235,0.2013,1522801
1973-04-25,2.0194,2.0194,1.9707,1.991,0.1981,1827978
1973-04-26,1.991,2.0072,1.9748,2.0032,0.1993,1282359
1973-04-27,2.0032,2.0032,1.9464,1.9545,0.1945,2256458
1973-04-30,1.9545,1.9951,1.9464,1.991,0.1981,2167063
1973-05-01,1.991,1.9951,1.9261,1.9789,0.1969,2620204
1973-05-02,1.9789,2.0275,1.9707,2.0072,0.1997,1319350
1973-05-03,2.0072,2.0762,1.9789,2.0762,0.2066,2046842
1973-05-04,2.0721,2.0924,2.0559,2.0802,0.207,1485810
1973-05-07,2.0802,2.0802,2.0559,2.0681,0.2058,955604
1973-05-08,2.0681,2.0721,2.0478,2.064,0.2054,1411827
1973-05-09,2.064,2.0924,1.9789,1.9829,0.1973,3437091
1973-05-10,1.9829,1.987,1.9424,1.9667,0.1957,4300217
1973-05-11,1.9545,1.9545,1.8978,1.9018,0.1892,2589378
1973-05-14,1.8978,1.8978,1.8369,1.8369,0.1828,4106014
1973-05-15,1.8369,1.9099,1.8004,1.9018,0.1892,4719450
1973-05-16,1.9018,1.918,1.8694,1.8978,0.1888,3520321
1973-05-17,1.8978,1.8978,1.8734,1.8775,0.1868,1553627
1973-05-18,1.8694,1.8694,1.8207,1.8369,0.1828,3024024
1973-05-21,1.8369,1.841,1.8045,1.8369,0.1828,2450661
1973-05-22,1.8531,1.8978,1.8531,1.8694,0.186,1720087
1973-05-23,1.8694,1.9059,1.8531,1.8856,0.1876,1747830
1973-05-24,1.8856,2.06,1.8694,2.0235,0.2013,3372357
1973-05-25,2.0032,2.0032,1.9261,1.9626,0.1953,5027709
1973-05-29,1.9586,1.9586,1.9099,1.914,0.1904,927860
1973-05-30,1.914,1.914,1.8856,1.8856,0.1876,1387167
1973-05-31,1.8815,1.8815,1.8491,1.8572,0.1848,1661518
1973-06-01,1.8572,1.8694,1.8369,1.845,0.1836,1337845
1973-06-04,1.8329,1.8329,1.8126,1.8167,0.1807,1411827
1973-06-05,1.8167,1.8613,1.8126,1.845,0.1836,2173228
1973-06-06,1.845,1.8653,1.8207,1.8531,0.1844,1485810
1973-06-07,1.8572,1.8856,1.8572,1.8694,0.186,1695426
1973-06-08,1.8694,1.8815,1.8572,1.8815,0.1872,1683096
1973-06-11,1.8815,1.8937,1.845,1.8856,0.1876,2068420
1973-06-12,1.8856,1.9059,1.8775,1.9059,0.1896,1347093
1973-06-13,1.9059,1.914,1.8572,1.8613,0.1852,3680616
1973-06-14,1.8613,1.8815,1.8491,1.8653,0.1856,1057329
1973-06-15,1.8613,1.8613,1.8369,1.8531,0.1844,992595
1973-06-18,1.845,1.845,1.8085,1.8126,0.1803,1935868
1973-06-19,1.8126,1.8329,1.7761,1.7964,0.1787,3612799
1973-06-20,1.7964,1.8004,1.7518,1.7761,0.1767,2376679
1973-06-21,1.772,1.772,1.7234,1.7274,0.1719,1485810
1973-06-22,1.7599,1.8167,1.7599,1.7639,0.1755,6547427
1973-06-25,1.7518,1.7518,1.7274,1.7396,0.1731,2213302
1973-06-26,1.7396,1.7802,1.7315,1.7761,0.1767,1926620
1973-06-27,1.7761,1.7761,1.7518,1.7761,0.1767,1464232
1973-06-28,1.7761,1.7842,1.772,1.7842,0.1775,801474
1973-06-29,1.7842,1.7842,1.768,1.772,0.1763,1122064
1973-07-02,1.7639,1.7639,1.7437,1.7477,0.1739,786061
1973-07-03,1.7477,1.7477,1.7274,1.7396,0.1731,693583
1973-07-05,1.7396,1.7518,1.7356,1.7356,0.1727,1590618
1973-07-06,1.7356,1.7356,1.7072,1.7193,0.1711,860043
1973-07-09,1.7193,1.7396,1.7072,1.7356,0.1727,1254615
1973-07-10,1.7437,1.7639,1.7437,1.7477,0.1739,1883464
1973-07-11,1.7518,1.8207,1.7518,1.8207,0.1812,3202814
1973-07-12,1.8207,1.8369,1.7923,1.7964,0.1787,4346456
1973-07-13,1.7842,1.7842,1.7558,1.7639,0.1755,2459909
1973-07-16,1.7639,1.7923,1.7599,1.7802,0.1771,2943876
1973-07-17,1.7802,1.7923,1.7518,1.7558,0.1747,2666443
1973-07-18,1.7558,1.7842,1.7558,1.7761,0.1767,1926620
1973-07-19,1.7761,1.7802,1.7599,1.7761,0.1767,2780499
1973-07-20,1.7761,1.8004,1.768,1.8004,0.1791,3631294
1973-07-23,1.8045,1.8329,1.8045,1.8288,0.182,2919215
1973-07-24,1.8167,1.8167,1.7883,1.8126,0.1836,2053007
1973-07-25,1.8167,1.8329,1.8167,1.8248,0.1848,3356944
1973-07-26,1.8248,1.841,1.8085,1.841,0.1865,1698509
1973-07-27,1.841,1.8775,1.841,1.8491,0.1873,3045602
1973-07-30,1.8491,1.8531,1.845,1.8531,0.1877,1630692
1973-07-31,1.8531,1.8531,1.8248,1.8248,0.1848,2250293
1973-08-01,1.8167,1.8167,1.8004,1.8085,0.1832,1248450
1973-08-02,1.8004,1.8004,1.7883,1.8004,0.1824,1205294
1973-08-03,1.8004,1.8126,1.7964,1.8004,0.1824,1239202
1973-08-06,1.8004,1.8085,1.7964,1.8045,0.1828,767566
1973-08-07,1.8004,1.8004,1.7518,1.7518,0.1774,2330440
1973-08-08,1.7518,1.7518,1.7193,1.7193,0.1742,1945116
1973-08-09,1.7193,1.7477,1.7193,1.7315,0.1754,1075825
1973-08-10,1.7315,1.7396,1.7193,1.7396,0.1762,752153
1973-08-13,1.7396,1.7477,1.7234,1.7477,0.177,690501
1973-08-14,1.7477,1.7518,1.7437,1.7518,0.1774,687418
1973-08-15,1.7518,1.7639,1.7477,1.7558,0.1779,1470397
1973-08-16,1.7558,1.768,1.7356,1.7437,0.1766,2444496
1973-08-17,1.7437,1.7477,1.7315,1.7477,0.177,937108
1973-08-20,1.7477,1.7477,1.7315,1.7315,0.1754,477802
1973-08-21,1.7315,1.7396,1.7193,1.7234,0.1746,801474
1973-08-22,1.7234,1.7274,1.7072,1.7234,0.1746,841548
1973-08-23,1.7234,1.7477,1.7234,1.7437,0.1766,1313185
1973-08-24,1.7437,1.7437,1.7193,1.7274,0.175,1285441
1973-08-27,1.7274,1.7356,1.7234,1.7274,0.175,631932
1973-08-28,1.7274,1.7396,1.7234,1.7396,0.1762,937108
1973-08-29,1.7437,1.8085,1.7437,1.7558,0.1779,3544982
1973-08-30,1.7558,1.7761,1.7437,1.7761,0.1799,1279276
1973-08-31,1.7761,1.7923,1.7761,1.7923,0.1815,1211459
1973-09-04,1.7923,1.8045,1.7842,1.8004,0.1824,1399497
1973-09-05,1.8004,1.8085,1.7923,1.8004,0.1824,1683096
1973-09-06,1.8004,1.8045,1.7883,1.7883,0.1811,841548
1973-09-07,1.7883,1.7923,1.7802,1.7923,0.1815,749070
1973-09-10,1.7923,1.8045,1.772,1.7761,0.1799,1877299
1973-09-11,1.7761,1.8004,1.7599,1.7923,0.1815,930943
1973-09-12,1.7923,1.8045,1.7802,1.8004,0.1824,1094320
1973-09-13,1.8004,1.8045,1.7802,1.7883,0.1811,844630
1973-09-14,1.7883,1.8004,1.7802,1.8004,0.1824,1152890
1973-09-17,1.8004,1.8045,1.772,1.7923,0.1815,1763243
1973-09-18,1.7923,1.7923,1.772,1.7842,0.1807,1180633
1973-09-19,1.7842,1.7842,1.7558,1.7802,0.1803,2472239
1973-09-20,1.7802,1.7964,1.768,1.7964,0.182,3301457
1973-09-21,1.7964,1.8531,1.7964,1.8491,0.1873,4069022
1973-09-24,1.8531,1.9099,1.8531,1.9099,0.1935,4084435
1973-09-25,1.918,1.9545,1.918,1.9505,0.1976,3609716
1973-09-26,1.9545,2.0194,1.9545,1.9991,0.2025,3480247
1973-09-27,1.9991,2.0113,1.9424,1.9505,0.1976,1954364
1973-09-28,1.9505,1.9545,1.9342,1.9424,0.1967,1929703
1973-10-01,1.9424,1.9464,1.9221,1.9383,0.1963,1340928
1973-10-02,1.9383,1.9464,1.9302,1.9424,0.1967,1091238
1973-10-03,1.9424,1.9545,1.9424,1.9464,0.1972,1516636
1973-10-04,1.9464,1.9464,1.9342,1.9424,0.1967,878539
1973-10-05,1.9424,1.987,1.9383,1.987,0.2013,2358183
1973-10-08,1.987,2.0235,1.9667,2.0113,0.2037,1686178
1973-10-09,2.0113,2.0113,1.991,1.9951,0.2021,1901960
1973-10-10,1.9951,1.9951,1.9383,1.9586,0.1984,2681856
1973-10-11,1.9586,2.0113,1.9505,2.0113,0.2037,1535131
1973-10-12,1.9991,1.9991,1.9586,1.9748,0.2,1300854
1973-10-15,1.9545,1.9545,1.9302,1.9383,0.1963,1322432
1973-10-16,1.9221,1.9221,1.9018,1.9059,0.193,2274953
1973-10-17,1.8978,1.8978,1.841,1.8491,0.1873,2681856
1973-10-18,1.8491,1.8613,1.8207,1.8369,0.1861,3122666
1973-10-19,1.8369,1.8531,1.8288,1.8531,0.1877,3159658
1973-10-22,1.8369,1.8369,1.8126,1.8288,0.1852,1951281
1973-10-23,1.8085,1.8085,1.7923,1.8085,0.1858,2191723
1973-10-24,1.8085,1.8085,1.7923,1.8085,0.1858,1186798
1973-10-25,1.7883,1.7883,1.7477,1.7518,0.18,2253375
1973-10-26,1.768,1.8085,1.768,1.8045,0.1854,2299614
1973-10-29,1.8045,1.8045,1.7599,1.7639,0.1812,1689261
1973-10-30,1.7639,1.772,1.7356,1.7477,0.1796,1146725
1973-10-31,1.7477,1.7477,1.6788,1.6991,0.1746,2370514
1973-11-01,1.6991,1.6991,1.6382,1.6463,0.1692,3338448
1973-11-02,1.6463,1.6666,1.6423,1.6626,0.1708,3258301
1973-11-05,1.6545,1.6545,1.6261,1.6382,0.1683,1886547
1973-11-06,1.6382,1.6504,1.6017,1.6017,0.1646,2518478
1973-11-07,1.6017,1.6382,1.6017,1.622,0.1667,1815647
1973-11-08,1.622,1.6423,1.5774,1.5815,0.1625,3372357
1973-11-09,1.5774,1.5774,1.5287,1.5571,0.16,3689864
1973-11-12,1.549,1.549,1.5125,1.5206,0.1562,2376679
1973-11-13,1.5206,1.5328,1.4801,1.4963,0.1537,3588138
1973-11-14,1.4963,1.5044,1.4314,1.4476,0.1487,4768771
1973-11-15,1.4476,1.476,1.3828,1.4233,0.1462,5357546
1973-11-16,1.4233,1.5328,1.4152,1.4801,0.1521,4821175
1973-11-19,1.4679,1.4679,1.399,1.403,0.1442,2583213
1973-11-20,1.403,1.4314,1.3868,1.4111,0.145,2398257
1973-11-21,1.4152,1.4598,1.4152,1.4436,0.1483,3606634
1973-11-23,1.4436,1.4679,1.4395,1.4639,0.1504,2617121
1973-11-26,1.4395,1.4395,1.4152,1.4274,0.1467,2207136
1973-11-27,1.4274,1.4436,1.4193,1.4274,0.1467,2404422
1973-11-28,1.4274,1.4436,1.403,1.4355,0.1475,3113419
1973-11-29,1.4355,1.4395,1.399,1.4152,0.1454,1877299
1973-11-30,1.4111,1.4111,1.3706,1.3706,0.1408,1735500
1973-12-03,1.3706,1.3747,1.3219,1.3219,0.1358,1658435
1973-12-04,1.3219,1.3463,1.3098,1.326,0.1362,2086915
1973-12-05,1.3098,1.3098,1.253,1.2652,0.13,4062857
1973-12-06,1.2652,1.3584,1.2652,1.3584,0.1396,4463594
1973-12-07,1.3747,1.4152,1.3747,1.3868,0.1425,5228077
1973-12-10,1.3868,1.403,1.3665,1.3909,0.1429,2478405
1973-12-11,1.3909,1.4274,1.3828,1.3828,0.1421,3588138
1973-12-12,1.3665,1.3665,1.3057,1.326,0.1362,2173228
1973-12-13,1.326,1.33,1.2976,1.3179,0.1354,1929703
1973-12-14,1.3179,1.3868,1.3098,1.3625,0.14,2136237
1973-12-17,1.3625,1.3706,1.326,1.3382,0.1375,1849556
1973-12-18,1.3382,1.3503,1.3138,1.3341,0.1371,2515396
1973-12-19,1.3341,1.3584,1.3341,1.3382,0.1375,2715764
1973-12-20,1.3382,1.3584,1.3341,1.3422,0.1379,2053007
1973-12-21,1.3422,1.3463,1.3057,1.3219,0.1358,2715764
1973-12-24,1.3017,1.3017,1.2611,1.2936,0.1329,2367431
1973-12-26,1.3219,1.3584,1.3219,1.3422,0.1379,2133154
1973-12-27,1.3544,1.3868,1.3544,1.3747,0.1412,3397017
1973-12-28,1.3665,1.3665,1.3219,1.33,0.1367,4220070
1973-12-31,1.3179,1.3179,1.2895,1.3138,0.135,2882224
1974-01-02,1.3138,1.3179,1.2976,1.3138,0.135,696666
1974-01-03,1.3138,1.3382,1.3138,1.33,0.1367,1639939
1974-01-04,1.33,1.3341,1.3138,1.3179,0.1354,2191723
1974-01-07,1.3179,1.3179,1.2976,1.3057,0.1342,2071502
1974-01-08,1.3057,1.3098,1.2895,1.3017,0.1337,1717004
1974-01-09,1.3017,1.3017,1.2773,1.2854,0.1321,2675691
1974-01-10,1.2854,1.3219,1.2814,1.2895,0.1325,2487652
1974-01-11,1.2895,1.3422,1.2895,1.3382,0.1375,1852638
1974-01-14,1.3382,1.3584,1.33,1.3544,0.1392,2533891
1974-01-15,1.3544,1.3747,1.3544,1.3665,0.1404,1905042
1974-01-16,1.3787,1.4193,1.3787,1.4152,0.1454,2062255
1974-01-17,1.4193,1.4801,1.4193,1.4639,0.1504,4377282
1974-01-18,1.4639,1.4639,1.403,1.4152,0.1454,2154732
1974-01-21,1.4152,1.4558,1.3828,1.4558,0.1496,1781739
1974-01-22,1.4558,1.4922,1.4558,1.4922,0.1533,2974702
1974-01-23,1.4922,1.5085,1.4922,1.5085,0.155,1827978
1974-01-24,1.5044,1.5044,1.4679,1.4922,0.1533,1966694
1974-01-25,1.4639,1.4639,1.4355,1.4476,0.1514,1454984
1974-01-28,1.4476,1.4598,1.4314,1.4395,0.1505,940191
1974-01-29,1.4395,1.4598,1.4395,1.4517,0.1518,1498140
1974-01-30,1.4558,1.476,1.4558,1.476,0.1543,1599866
1974-01-31,1.476,1.5004,1.472,1.476,0.1543,2284201
1974-02-01,1.476,1.476,1.4476,1.4679,0.1535,1689261
1974-02-04,1.4517,1.4517,1.3949,1.4071,0.1471,1713922
1974-02-05,1.4111,1.4395,1.4111,1.4233,0.1488,539454
1974-02-06,1.4233,1.4355,1.4193,1.4314,0.1497,1562875
1974-02-07,1.4355,1.4517,1.4355,1.4436,0.151,909365
1974-02-08,1.4436,1.4598,1.4274,1.4476,0.1514,1729335
1974-02-11,1.4395,1.4395,1.4152,1.4233,0.1488,850796
1974-02-12,1.4233,1.4395,1.403,1.4355,0.1501,2287284
1974-02-13,1.4355,1.4355,1.4152,1.4233,0.1488,1214542
1974-02-14,1.4233,1.4476,1.4233,1.4395,0.1505,1710839
1974-02-15,1.4395,1.4517,1.4355,1.4436,0.151,1676930
1974-02-19,1.4436,1.4558,1.4193,1.4193,0.1484,1729335
1974-02-20,1.4193,1.4517,1.4193,1.4436,0.151,1152890
1974-02-21,1.4476,1.4639,1.4476,1.4598,0.1526,1920455
1974-02-22,1.4679,1.4882,1.4679,1.4841,0.1552,1790986
1974-02-25,1.4841,1.4882,1.4639,1.4801,0.1548,924778
1974-02-26,1.4801,1.5085,1.4801,1.5044,0.1573,1609113
1974-02-27,1.5044,1.5247,1.4963,1.5206,0.159,1029586
1974-02-28,1.5206,1.5206,1.5044,1.5206,0.159,1849556
1974-03-01,1.5206,1.5287,1.5044,1.5206,0.159,1057329
1974-03-04,1.5206,1.5287,1.5044,1.5287,0.1599,906282
1974-03-05,1.549,1.5734,1.549,1.5693,0.1641,3319952
1974-03-06,1.5734,1.6382,1.5734,1.6342,0.1709,4149170
1974-03-07,1.622,1.622,1.5977,1.6139,0.1688,2318110
1974-03-08,1.6139,1.6545,1.5977,1.6423,0.1717,2327358
1974-03-11,1.6423,1.6788,1.6058,1.6707,0.1747,2647947
1974-03-12,1.6707,1.6909,1.6463,1.6666,0.1743,3227475
1974-03-13,1.6666,1.695,1.6666,1.6828,0.176,1627609
1974-03-14,1.6828,1.7153,1.6828,1.7031,0.1781,3397017
1974-03-15,1.6869,1.6869,1.6585,1.6828,0.176,2327358
1974-03-18,1.6828,1.6909,1.6585,1.6585,0.1734,2792829
1974-03-19,1.6585,1.6666,1.6463,1.6585,0.1734,2623286
1974-03-20,1.6585,1.6747,1.6545,1.6666,0.1743,1421075
1974-03-21,1.6666,1.6909,1.6626,1.6626,0.1739,1162137
1974-03-22,1.6626,1.6707,1.6545,1.6545,0.173,986430
1974-03-25,1.6545,1.6666,1.6423,1.6666,0.1743,1393332
1974-03-26,1.6666,1.6788,1.6666,1.6747,0.1751,1097403
1974-03-27,1.6747,1.6788,1.6504,1.6504,0.1726,755235
1974-03-28,1.6261,1.6261,1.5896,1.5936,0.1666,2456826
1974-03-29,1.5936,1.6058,1.5896,1.5936,0.1666,1131312
1974-04-01,1.5936,1.6058,1.5734,1.5734,0.1645,1137477
1974-04-02,1.5734,1.5855,1.5693,1.5815,0.1654,1535131
1974-04-03,1.5855,1.6139,1.5855,1.6139,0.1688,644262
1974-04-04,1.6139,1.6301,1.6098,1.6261,0.17,1014173
1974-04-05,1.622,1.622,1.5815,1.5936,0.1666,1260780
1974-04-08,1.5936,1.6058,1.5815,1.5977,0.1671,699749
1974-04-09,1.5977,1.6301,1.5936,1.618,0.1692,1559792
1974-04-10,1.618,1.6261,1.6098,1.622,0.1696,1146725
1974-04-11,1.622,1.6423,1.618,1.6342,0.1709,665840
1974-04-15,1.6382,1.6666,1.6382,1.6545,0.173,1562875
1974-04-16,1.6626,1.695,1.6626,1.695,0.1772,2472239
1974-04-17,1.695,1.7112,1.6788,1.7072,0.1785,1038834
1974-04-18,1.7031,1.7031,1.6828,1.6991,0.1777,995677
1974-04-19,1.6991,1.6991,1.6747,1.6909,0.1768,1004925
1974-04-22,1.6909,1.695,1.6828,1.695,0.1772,937108
1974-04-23,1.695,1.6991,1.6585,1.6666,0.1743,4189244
1974-04-24,1.6463,1.6463,1.6098,1.6139,0.1714,1846473
1974-04-25,1.6058,1.6058,1.5652,1.5896,0.1688,3649790
1974-04-26,1.5896,1.6139,1.5774,1.6058,0.1706,1938951
1974-04-29,1.6017,1.6017,1.5855,1.6017,0.1701,1001843
1974-04-30,1.6017,1.618,1.5896,1.6017,0.1701,708996
1974-05-01,1.6017,1.6909,1.6017,1.6545,0.1757,2370514
1974-05-02,1.6545,1.6788,1.6545,1.6545,0.1757,2077668
1974-05-03,1.6545,1.6707,1.6382,1.6585,0.1762,1556709
1974-05-06,1.6585,1.6788,1.6504,1.6788,0.1783,1063495
1974-05-07,1.6828,1.7072,1.6828,1.6909,0.1796,2077668
1974-05-08,1.6909,1.7072,1.6707,1.6707,0.1775,1473479
1974-05-09,1.6747,1.7072,1.6747,1.6991,0.1805,1057329
1974-05-10,1.6991,1.7031,1.6707,1.6747,0.1779,995677
1974-05-13,1.6666,1.6666,1.6463,1.6463,0.1749,684336
1974-05-14,1.6463,1.6545,1.622,1.622,0.1723,1118981
1974-05-15,1.622,1.6545,1.6139,1.6342,0.1736,1004925
1974-05-16,1.6342,1.6382,1.5936,1.5936,0.1693,1846473
1974-05-17,1.5896,1.5896,1.5531,1.5774,0.1676,2281119
1974-05-20,1.5774,1.6058,1.5774,1.6058,0.1706,838465
1974-05-21,1.6058,1.618,1.6058,1.6058,0.1706,656592
1974-05-22,1.6058,1.6301,1.5774,1.5815,0.168,2755838
1974-05-23,1.5815,1.622,1.5774,1.622,0.1723,1371754
1974-05-24,1.622,1.6423,1.622,1.6423,0.1744,863126
1974-05-28,1.6423,1.6666,1.6382,1.6666,0.177,1211459
1974-05-29,1.6666,1.6828,1.6666,1.6747,0.1779,2053007
1974-05-30,1.6747,1.6828,1.6423,1.6788,0.1783,2062255
1974-05-31,1.6788,1.6788,1.6585,1.6788,0.1783,826135
1974-06-03,1.6788,1.7031,1.6747,1.6991,0.1805,2102328
1974-06-04,1.7072,1.7274,1.7072,1.7072,0.1813,2395175
1974-06-05,1.7072,1.7437,1.695,1.7274,0.1835,1103568
1974-06-06,1.7274,1.7356,1.7153,1.7356,0.1844,1763243
1974-06-07,1.7356,1.7639,1.7274,1.7274,0.1835,2395175
1974-06-10,1.7356,1.7558,1.7356,1.7518,0.1861,1800234
1974-06-11,1.7518,1.7599,1.7477,1.7518,0.1861,1868051
1974-06-12,1.7477,1.7477,1.7315,1.7437,0.1852,1732417
1974-06-13,1.7437,1.7599,1.7356,1.7437,0.1852,1276193
1974-06-14,1.7437,1.7437,1.7356,1.7396,0.1848,943273
1974-06-17,1.7315,1.7315,1.7153,1.7193,0.1826,1162137
1974-06-18,1.7193,1.7234,1.7072,1.7153,0.1822,1408745
1974-06-19,1.7072,1.7072,1.695,1.6991,0.1805,1032669
1974-06-20,1.6991,1.7153,1.695,1.7072,0.1813,1282359
1974-06-21,1.7072,1.7072,1.6909,1.6909,0.1796,779896
1974-06-24,1.6909,1.7072,1.6869,1.6909,0.1796,1180633
1974-06-25,1.695,1.7112,1.695,1.7112,0.1818,1408745
1974-06-26,1.7072,1.7072,1.695,1.695,0.18,1337845
1974-06-27,1.6788,1.6788,1.6545,1.6545,0.1757,1439571
1974-06-28,1.6463,1.6463,1.5896,1.5896,0.1688,1340928
1974-07-01,1.5896,1.6058,1.5896,1.5936,0.1693,641179
1974-07-02,1.5936,1.6017,1.5734,1.5815,0.168,1035751
1974-07-03,1.5815,1.5936,1.5734,1.5855,0.1684,1417993
1974-07-05,1.5855,1.5977,1.5855,1.5855,0.1684,813804
1974-07-08,1.5693,1.5693,1.545,1.5531,0.165,1874216
1974-07-09,1.5531,1.5652,1.549,1.5531,0.165,1602948
1974-07-10,1.5531,1.5531,1.5004,1.5044,0.1598,1911208
1974-07-11,1.5044,1.5125,1.4963,1.5004,0.1594,1757078
1974-07-12,1.5166,1.5531,1.5166,1.5531,0.165,2037594
1974-07-15,1.5531,1.5774,1.5531,1.5774,0.1676,1017256
1974-07-16,1.5734,1.5734,1.5612,1.5693,0.1667,733657
1974-07-17,1.5693,1.6017,1.5612,1.5977,0.1697,946356
1974-07-18,1.5977,1.6017,1.5734,1.5774,0.1676,668923
1974-07-19,1.5774,1.5855,1.5652,1.5693,0.1667,594940
1974-07-22,1.5693,1.5734,1.5531,1.5652,0.1663,1004925
1974-07-23,1.5652,1.5896,1.5652,1.5774,0.1676,1038834
1974-07-24,1.5774,1.5855,1.5693,1.5734,0.1671,1695426
1974-07-25,1.5531,1.5531,1.5125,1.5166,0.1638,1942033
1974-07-26,1.5166,1.5287,1.476,1.476,0.1594,1319350
1974-07-29,1.472,1.472,1.4558,1.4679,0.1585,860043
1974-07-30,1.4598,1.4598,1.403,1.4314,0.1546,1251533
1974-07-31,1.4314,1.4355,1.4152,1.4193,0.1533,702831
1974-08-01,1.4193,1.4558,1.4111,1.4436,0.1559,844630
1974-08-02,1.4436,1.4436,1.4233,1.4314,0.1546,961769
1974-08-05,1.4314,1.4558,1.4233,1.4395,0.1555,838465
1974-08-06,1.4517,1.4801,1.4517,1.4598,0.1577,890869
1974-08-07,1.4598,1.4882,1.4558,1.4841,0.1603,1263863
1974-08-08,1.4841,1.4882,1.4476,1.4558,0.1572,1627609
1974-08-09,1.4517,1.4517,1.4355,1.4395,0.1555,1584453
1974-08-12,1.4274,1.4274,1.399,1.399,0.1511,1738582
1974-08-13,1.399,1.4071,1.3747,1.3828,0.1493,1017256
1974-08-14,1.3625,1.3625,1.3219,1.3219,0.1428,1038834
1974-08-15,1.3219,1.3382,1.3098,1.3098,0.1415,1226872
1974-08-16,1.3098,1.3138,1.3017,1.3057,0.141,1658435
1974-08-19,1.2976,1.2976,1.2773,1.2895,0.1393,1340928
1974-08-20,1.2895,1.3017,1.2854,1.3017,0.1406,739822
1974-08-21,1.3017,1.3017,1.2854,1.2895,0.1393,742905
1974-08-22,1.2895,1.2976,1.2773,1.2814,0.1384,767566
1974-08-23,1.2814,1.2895,1.2773,1.2773,0.138,705914
1974-08-26,1.2773,1.2895,1.2611,1.2652,0.1366,921695
1974-08-27,1.2652,1.2652,1.2327,1.2368,0.1336,1060412
1974-08-28,1.2368,1.2408,1.2043,1.2043,0.1301,795309
1974-08-29,1.2043,1.2125,1.1962,1.2084,0.1305,607271
1974-08-30,1.2084,1.2895,1.2084,1.2895,0.1393,998760
1974-09-03,1.2895,1.3017,1.2733,1.2733,0.1375,773731
1974-09-04,1.2611,1.2611,1.2327,1.2408,0.134,2330440
1974-09-05,1.2489,1.2976,1.2489,1.2976,0.1401,641179
1974-09-06,1.2976,1.3179,1.2814,1.3098,0.1415,1390249
1974-09-09,1.2976,1.2976,1.2773,1.2814,0.1384,416150
1974-09-10,1.2814,1.2936,1.2692,1.2854,0.1388,730574
1974-09-11,1.2854,1.2976,1.2814,1.2895,0.1393,1658435
1974-09-12,1.2895,1.2895,1.2733,1.2814,0.1384,1032669
1974-09-13,1.2733,1.2733,1.2206,1.2206,0.1318,2355101
1974-09-16,1.2206,1.253,1.2003,1.2408,0.134,2071502
1974-09-17,1.2449,1.2733,1.2449,1.2652,0.1366,804557
1974-09-18,1.2652,1.2773,1.2408,1.2733,0.1375,604188
1974-09-19,1.2773,1.2976,1.2773,1.2976,0.1401,724409
1974-09-20,1.2976,1.3017,1.2652,1.2976,0.1401,1143642
1974-09-23,1.2976,1.3179,1.2814,1.2854,0.1388,594940
1974-09-24,1.2854,1.2854,1.2692,1.2733,0.1375,773731
1974-09-25,1.2692,1.2692,1.2246,1.2287,0.1327,1837225
1974-09-26,1.2287,1.2287,1.1841,1.2084,0.1305,1251533
1974-09-27,1.2084,1.2165,1.1881,1.1922,0.1288,1461149
1974-09-30,1.1922,1.1962,1.1638,1.1962,0.1292,1396415
1974-10-01,1.1962,1.2246,1.1678,1.2084,0.1305,1155972
1974-10-02,1.2084,1.2165,1.2003,1.2084,0.1305,1088155
1974-10-03,1.2043,1.2043,1.1557,1.1597,0.1253,1115899
1974-10-04,1.1476,1.1476,1.1354,1.1395,0.1231,1069660
1974-10-07,1.1476,1.176,1.1476,1.1638,0.1257,2848316
1974-10-08,1.1638,1.1719,1.0908,1.0949,0.1182,2493818
1974-10-09,1.0949,1.1314,1.0786,1.1232,0.1213,2093080
1974-10-10,1.1232,1.18,1.1232,1.1395,0.1231,4260143
1974-10-11,1.1395,1.1678,1.1354,1.1678,0.1261,1458066
1974-10-14,1.1841,1.2125,1.1841,1.1922,0.1288,1581370
1974-10-15,1.1881,1.1881,1.1597,1.176,0.127,1602948
1974-10-16,1.1719,1.1719,1.1435,1.1557,0.1248,967934
1974-10-17,1.1557,1.1638,1.1435,1.1516,0.1244,1186798
1974-10-18,1.1516,1.1678,1.1435,1.1476,0.1239,946356
1974-10-21,1.1395,1.1395,1.0867,1.0908,0.1178,2034511
1974-10-22,1.0908,1.0989,1.0624,1.0665,0.1152,2552387
1974-10-23,1.0503,1.0503,0.9975,1.0219,0.1104,7971585
1974-10-24,1.0178,1.0178,0.9894,1.0178,0.1099,3859406
1974-10-25,1.0097,1.0097,0.9732,0.9773,0.1083,4321795
1974-10-28,0.961,0.961,0.9327,0.9489,0.1052,3945719
1974-10-29,0.957,1.03,0.957,1.0219,0.1133,3011693
1974-10-30,1.0219,1.0543,1.0219,1.0421,0.1155,3893315
1974-10-31,1.0421,1.0827,1.0421,1.0462,0.1159,2712682
1974-11-01,1.0462,1.0462,1.0259,1.034,0.1146,1559792
1974-11-04,1.0219,1.0219,0.9975,1.0138,0.1124,2820572
1974-11-05,1.0138,1.0381,0.9854,1.034,0.1146,1393332
1974-11-06,1.0624,1.0908,1.0624,1.0786,0.1195,2607873
1974-11-07,1.0786,1.1314,1.0746,1.1232,0.1245,1664600
1974-11-08,1.1232,1.1273,1.103,1.1192,0.124,2469157
1974-11-11,1.1151,1.1151,1.0949,1.103,0.1222,1001843
1974-11-12,1.103,1.1151,1.0786,1.0827,0.12,1707756
1974-11-13,1.0827,1.0827,1.0624,1.0746,0.1191,850796
1974-11-14,1.0746,1.0908,1.0665,1.0665,0.1182,2302697
1974-11-15,1.0584,1.0584,1.0138,1.0178,0.1128,1784821
1974-11-18,0.9975,0.9975,0.9773,0.9854,0.1092,1960529
1974-11-19,0.9854,1.0097,0.9773,0.9975,0.1106,2210219
1974-11-20,0.9975,1.0138,0.9935,0.9935,0.1101,1140559
1974-11-21,0.9935,1.0138,0.9894,0.9975,0.1106,816887
1974-11-22,0.9975,1.0178,0.9975,1.0056,0.1115,943273
1974-11-25,1.0056,1.0138,0.9894,0.9935,0.1101,1189881
1974-11-26,0.9935,1.0138,0.9894,1.0056,0.1115,1137477
1974-11-27,1.0097,1.03,1.0097,1.0138,0.1124,1214542
1974-11-29,1.0097,1.0097,0.9935,1.0016,0.111,1399497
1974-12-02,1.0016,1.0016,0.9813,0.9894,0.1097,1205294
1974-12-03,0.9894,0.9935,0.9773,0.9813,0.1088,789144
1974-12-04,0.9894,1.0016,0.9894,0.9894,0.1097,1239202
1974-12-05,0.9894,1.0056,0.9894,0.9894,0.1097,856961
1974-12-06,0.9894,0.9975,0.9773,0.9773,0.1083,1433406
1974-12-09,0.9773,0.9975,0.9732,0.9935,0.1101,1695426
1974-12-10,0.9935,1.0462,0.9935,1.0381,0.1151,2487652
1974-12-11,1.0381,1.0827,1.034,1.0584,0.1173,1945116
1974-12-12,1.0584,1.0867,1.0421,1.0786,0.1195,2062255
1974-12-13,1.0786,1.0949,1.0665,1.0705,0.1186,943273
1974-12-16,1.0746,1.107,1.0746,1.0867,0.1204,1464232
1974-12-17,1.0867,1.0989,1.0786,1.0949,0.1213,841548
1974-12-18,1.0949,1.1111,1.0949,1.107,0.1227,1519718
1974-12-19,1.107,1.1151,1.0867,1.107,0.1227,1864969
1974-12-20,1.0949,1.0949,1.0786,1.0908,0.1209,1535131
1974-12-23,1.0867,1.0867,1.0665,1.0786,0.1195,1288524
1974-12-24,1.0786,1.0908,1.0786,1.0908,0.1209,1085073
1974-12-26,1.0908,1.1111,1.0867,1.1111,0.1231,2074585
1974-12-27,1.1111,1.1192,1.0827,1.0867,0.1204,1319350
1974-12-30,1.0827,1.0827,1.0624,1.0786,0.1195,1562875
1974-12-31,1.0786,1.0908,1.0705,1.0827,0.12,1168303
1975-01-02,1.0867,1.0989,1.0867,1.0989,0.1218,582610
1975-01-03,1.0989,1.1151,1.0949,1.1151,0.1236,1350176
1975-01-06,1.1232,1.1516,1.1232,1.1435,0.1267,1125146
1975-01-07,1.1395,1.1395,1.1192,1.1314,0.1254,1029586
1975-01-08,1.1314,1.1395,1.1192,1.1273,0.1249,1732417
1975-01-09,1.1273,1.1841,1.1232,1.1841,0.1312,1233037
1975-01-10,1.1841,1.2043,1.1841,1.1922,0.1321,1122064
1975-01-13,1.1922,1.2043,1.1841,1.1841,0.1312,1732417
1975-01-14,1.1841,1.1881,1.1597,1.176,0.1303,1778656
1975-01-15,1.176,1.1841,1.1638,1.1841,0.1312,1097403
1975-01-16,1.1841,1.1881,1.1678,1.1841,0.1312,1960529
1975-01-17,1.1841,1.1841,1.1638,1.1638,0.129,1035751
1975-01-20,1.1638,1.1638,1.1395,1.1597,0.1285,801474
1975-01-21,1.1597,1.176,1.1516,1.1557,0.1281,946356
1975-01-22,1.1557,1.1678,1.1435,1.1678,0.1294,782979
1975-01-23,1.1678,1.1719,1.1557,1.1597,0.1285,2145485
1975-01-24,1.1597,1.176,1.1395,1.1678,0.1324,2487652
1975-01-27,1.18,1.2125,1.18,1.2084,0.137,2065337
1975-01-28,1.2084,1.2165,1.2003,1.2003,0.1361,1202211
1975-01-29,1.2003,1.2206,1.1922,1.2125,0.1375,1390249
1975-01-30,1.2125,1.2165,1.1841,1.1962,0.1356,1655352
1975-01-31,1.1962,1.2043,1.1881,1.1922,0.1352,1340928
1975-02-03,1.1922,1.2125,1.176,1.2084,0.137,1011090
1975-02-04,1.1516,1.1516,1.107,1.1111,0.126,7228680
1975-02-05,1.1111,1.1435,1.1111,1.1395,0.1292,3788507
1975-02-06,1.1395,1.1516,1.1111,1.1111,0.126,2200971
1975-02-07,1.1111,1.1151,1.0989,1.1111,0.126,1467314
1975-02-10,1.1111,1.1192,1.1111,1.1111,0.126,1871134
1975-02-11,1.1111,1.1273,1.103,1.1192,0.1269,2281119
1975-02-12,1.1192,1.1678,1.1192,1.1678,0.1324,2410588
1975-02-13,1.1678,1.2003,1.1476,1.1516,0.1306,3128832
1975-02-14,1.1516,1.1719,1.1395,1.1597,0.1315,1701591
1975-02-18,1.1516,1.1516,1.1273,1.1395,0.1292,1399497
1975-02-19,1.1395,1.1435,1.1314,1.1354,0.1287,1066577
1975-02-20,1.1314,1.1314,1.107,1.107,0.1255,1562875
1975-02-21,1.107,1.1354,1.107,1.1314,0.1283,3655955
1975-02-24,1.1314,1.1314,1.0989,1.107,0.1255,2851398
1975-02-25,1.0949,1.0949,1.0584,1.0665,0.1209,2151650
1975-02-26,1.0665,1.0827,1.0624,1.0827,0.1227,2549304
1975-02-27,1.0827,1.0827,1.0503,1.0543,0.1195,5240408
1975-02-28,1.0543,1.0705,1.0543,1.0705,0.1214,1831060
1975-03-03,1.0705,1.0827,1.0624,1.0827,0.1227,3295292
1975-03-04,1.0867,1.1273,1.0867,1.1151,0.1264,6800200
1975-03-05,1.1151,1.1354,1.1111,1.1151,0.1264,2681856
1975-03-06,1.1151,1.1435,1.107,1.1395,0.1292,2540056
1975-03-07,1.1516,1.1678,1.1516,1.1678,0.1324,2632534
1975-03-10,1.1719,1.2125,1.1719,1.2084,0.137,2059172
1975-03-11,1.2084,1.2368,1.2003,1.2165,0.1379,3147327
1975-03-12,1.2165,1.2206,1.1962,1.2084,0.137,2179393
1975-03-13,1.2084,1.2125,1.1962,1.2003,0.1361,1417993
1975-03-14,1.2003,1.2084,1.1881,1.1922,0.1352,3649790
1975-03-17,1.1922,1.2125,1.1841,1.2125,0.1375,2617121
1975-03-18,1.2125,1.2368,1.2125,1.2125,0.1375,4488255
1975-03-19,1.2125,1.2125,1.1922,1.1962,0.1356,872374
1975-03-20,1.1962,1.2489,1.1881,1.2206,0.1384,2244128
1975-03-21,1.2206,1.2287,1.2125,1.2246,0.1388,761400
1975-03-24,1.2043,1.2043,1.1881,1.1922,0.1352,1340928
1975-03-25,1.1922,1.2003,1.18,1.2003,0.1361,2407505
1975-03-26,1.2003,1.2084,1.1962,1.2084,0.137,1125146
1975-03-27,1.2125,1.2246,1.2125,1.2125,0.1375,1159055
1975-03-31,1.2125,1.2287,1.2043,1.2043,0.1365,1353258
1975-04-01,1.2043,1.2084,1.1881,1.2003,0.1361,1491975
1975-04-02,1.2003,1.2003,1.1881,1.1881,0.1347,764483
1975-04-03,1.1881,1.1962,1.1435,1.1557,0.131,1340928
1975-04-04,1.1557,1.1557,1.1395,1.1395,0.1292,557949
1975-04-07,1.1354,1.1354,1.1192,1.1232,0.1273,1038834
1975-04-08,1.1232,1.1516,1.1232,1.1395,0.1292,875456
1975-04-09,1.1395,1.1516,1.1395,1.1516,0.1306,1319350
1975-04-10,1.1516,1.2003,1.1516,1.2003,0.1361,2540056
1975-04-11,1.2003,1.2043,1.1881,1.1962,0.1356,1217624
1975-04-14,1.1962,1.2125,1.1922,1.2125,0.1375,1162137
1975-04-15,1.2125,1.2165,1.2003,1.2043,0.1365,2863729
1975-04-16,1.2003,1.2003,1.1841,1.2003,0.1361,1593700
1975-04-17,1.2003,1.2327,1.2003,1.2003,0.1361,1975942
1975-04-18,1.2003,1.2084,1.1881,1.1922,0.1352,1553627
1975-04-21,1.1922,1.2125,1.1922,1.2084,0.137,1575205
1975-04-22,1.2125,1.2449,1.2125,1.2246,0.1388,1569040
1975-04-23,1.2246,1.2287,1.2084,1.2125,0.1375,983347
1975-04-24,1.1962,1.1962,1.1841,1.1922,0.1374,1112816
1975-04-25,1.1922,1.2003,1.1841,1.1841,0.1364,1020338
1975-04-28,1.1841,1.1922,1.1557,1.1678,0.1346,1938951
1975-04-29,1.1678,1.1962,1.1516,1.1597,0.1336,844630
1975-04-30,1.1597,1.1678,1.1557,1.1678,0.1346,554867
1975-05-01,1.176,1.1841,1.176,1.18,0.136,1753995
1975-05-02,1.18,1.1922,1.1678,1.176,0.1355,5878504
1975-05-05,1.176,1.1922,1.1638,1.1922,0.1374,2657195
1975-05-06,1.1922,1.1962,1.1557,1.176,0.1355,1729335
1975-05-07,1.176,1.176,1.1516,1.1638,0.1341,1840308
1975-05-08,1.1638,1.1678,1.1516,1.1638,0.1341,1920455
1975-05-09,1.1678,1.1841,1.1678,1.1841,0.1364,1470397
1975-05-12,1.1841,1.1962,1.18,1.1922,0.1374,1852638
1975-05-13,1.1922,1.2408,1.1841,1.2408,0.143,3677533
1975-05-14,1.2449,1.3017,1.2449,1.2854,0.1481,3819332
1975-05-15,1.2854,1.2936,1.2571,1.2611,0.1453,2133154
1975-05-16,1.2611,1.2611,1.2368,1.2449,0.1434,1374836
1975-05-19,1.2449,1.253,1.2246,1.2489,0.1439,1371754
1975-05-20,1.2489,1.2571,1.2043,1.2125,0.1397,2037594
1975-05-21,1.2084,1.2084,1.1922,1.2003,0.1383,977182
1975-05-22,1.2003,1.2084,1.1962,1.2043,0.1388,1325515
1975-05-23,1.2043,1.2165,1.2003,1.2125,0.1397,1670765
1975-05-27,1.2125,1.2206,1.1962,1.2003,0.1383,1618361
1975-05-28,1.1962,1.1962,1.176,1.1841,0.1364,1331680
1975-05-29,1.1841,1.1962,1.1719,1.1962,0.1378,601106
1975-05-30,1.1962,1.2043,1.1841,1.2003,0.1383,1827978
1975-06-02,1.2003,1.2043,1.176,1.18,0.136,3902562
1975-06-03,1.18,1.1962,1.18,1.1881,0.1369,2259541
1975-06-04,1.1881,1.2003,1.1841,1.1962,0.1378,1954364
1975-06-05,1.1922,1.1922,1.176,1.1922,0.1374,1014173
1975-06-06,1.1922,1.1962,1.1841,1.1922,0.1374,1612196
1975-06-09,1.1922,1.1922,1.176,1.1841,0.1364,1054247
1975-06-10,1.1597,1.1597,1.1354,1.1516,0.1327,2154732
1975-06-11,1.1516,1.1678,1.1476,1.1516,0.1327,1242285
1975-06-12,1.1516,1.1638,1.1476,1.1516,0.1327,1208376
1975-06-13,1.1516,1.1597,1.1395,1.1597,0.1336,736740
1975-06-16,1.1597,1.1962,1.1476,1.1922,0.1374,1347093
1975-06-17,1.1841,1.1841,1.1597,1.1678,0.1346,1636857
1975-06-18,1.1678,1.18,1.1557,1.176,0.1355,650427
1975-06-19,1.176,1.2165,1.1719,1.2125,0.1397,2595543
1975-06-20,1.2125,1.2206,1.2003,1.2043,0.1388,1815647
1975-06-23,1.2043,1.2125,1.1922,1.2125,0.1397,1276193
1975-06-24,1.2125,1.2408,1.2125,1.2287,0.1416,1538214
1975-06-25,1.2287,1.2408,1.2206,1.2368,0.1425,653510
1975-06-26,1.2408,1.3098,1.2408,1.2976,0.1495,3054849
1975-06-27,1.2976,1.3382,1.2936,1.33,0.1532,2151650
1975-06-30,1.33,1.3422,1.3179,1.3341,0.1537,2228715
1975-07-01,1.33,1.33,1.2936,1.2976,0.1495,2432166
1975-07-02,1.2976,1.2976,1.2773,1.2895,0.1486,767566
1975-07-03,1.2936,1.3138,1.2936,1.3138,0.1514,1128229
1975-07-07,1.3138,1.33,1.3138,1.3138,0.1514,1140559
1975-07-08,1.3138,1.3179,1.3057,1.3179,0.1518,1285441
1975-07-09,1.326,1.3584,1.326,1.3584,0.1565,2953124
1975-07-10,1.3584,1.3787,1.3584,1.3706,0.1579,3227475
1975-07-11,1.3665,1.3665,1.3463,1.3544,0.156,893952
1975-07-14,1.3544,1.3625,1.3422,1.3544,0.156,1011090
1975-07-15,1.3544,1.3706,1.3463,1.3625,0.157,1942033
1975-07-16,1.3625,1.3747,1.33,1.3382,0.1542,1901960
1975-07-17,1.3382,1.3503,1.3179,1.3219,0.1523,1029586
1975-07-18,1.3219,1.3219,1.2936,1.3017,0.15,909365
1975-07-21,1.3017,1.3179,1.2895,1.2976,0.1495,755235
1975-07-22,1.2976,1.2976,1.2895,1.2936,0.149,758318
1975-07-23,1.2936,1.3017,1.2611,1.2773,0.1472,2564717
1975-07-24,1.2773,1.2854,1.2611,1.2814,0.1476,1979025
1975-07-25,1.2692,1.2692,1.2408,1.2489,0.1461,582610
1975-07-28,1.2489,1.2489,1.2327,1.2408,0.1452,542536
1975-07-29,1.2408,1.2571,1.2246,1.2449,0.1456,1057329
1975-07-30,1.2449,1.2611,1.2408,1.2611,0.1475,949439
1975-07-31,1.2611,1.2773,1.2611,1.2652,0.148,724409
1975-08-01,1.2652,1.2692,1.2368,1.2408,0.1452,1578288
1975-08-04,1.2408,1.2408,1.2287,1.2408,0.1452,730574
1975-08-05,1.2408,1.2408,1.2287,1.2327,0.1442,1421075
1975-08-06,1.2327,1.2571,1.2327,1.253,0.1466,1165220
1975-08-07,1.253,1.2692,1.253,1.2571,0.1471,1162137
1975-08-08,1.2571,1.2611,1.253,1.2571,0.1471,724409
1975-08-11,1.2571,1.2733,1.2489,1.2733,0.149,419233
1975-08-12,1.2733,1.2936,1.2733,1.2773,0.1494,727492
1975-08-13,1.2773,1.2854,1.2611,1.2652,0.148,1168303
1975-08-14,1.2652,1.2733,1.2652,1.2733,0.149,564114
1975-08-15,1.2733,1.2733,1.2652,1.2692,0.1485,570280
1975-08-18,1.2692,1.2854,1.2652,1.2652,0.148,502463
1975-08-19,1.2652,1.2652,1.2368,1.2449,0.1456,684336
1975-08-20,1.2408,1.2408,1.2246,1.2327,0.1442,1895795
1975-08-21,1.2327,1.2449,1.2327,1.2368,0.1447,992595
1975-08-22,1.2408,1.2611,1.2408,1.2571,0.1471,416150
1975-08-25,1.2571,1.2692,1.253,1.2611,0.1475,554867
1975-08-26,1.2611,1.2733,1.2571,1.2652,0.148,594940
1975-08-27,1.2571,1.2571,1.2449,1.2489,0.1461,672005
1975-08-28,1.253,1.2733,1.253,1.2733,0.149,2071502
1975-08-29,1.2733,1.2854,1.2733,1.2814,0.1499,995677
1975-09-02,1.2814,1.2814,1.2571,1.2652,0.148,764483
1975-09-03,1.2652,1.2652,1.2489,1.2611,0.1475,1017256
1975-09-04,1.2611,1.2652,1.2489,1.2489,0.1461,2077668
1975-09-05,1.2489,1.2489,1.2327,1.2408,0.1452,961769
1975-09-08,1.2408,1.2489,1.2327,1.2408,0.1452,1686178
1975-09-09,1.2408,1.2489,1.1881,1.1962,0.14,1994438
1975-09-10,1.1881,1.1881,1.1476,1.1557,0.1352,1680013
1975-09-11,1.1557,1.18,1.1516,1.176,0.1376,795309
1975-09-12,1.176,1.1922,1.1678,1.176,0.1376,1917373
1975-09-15,1.176,1.176,1.1638,1.1678,0.1366,354498
1975-09-16,1.1678,1.1719,1.1516,1.1557,0.1352,921695
1975-09-17,1.1557,1.1638,1.1354,1.1354,0.1328,1717004
1975-09-18,1.1435,1.1638,1.1435,1.1597,0.1357,977182
1975-09-19,1.1597,1.18,1.1597,1.18,0.1381,1963612
1975-09-22,1.18,1.1922,1.1719,1.18,0.1381,986430
1975-09-23,1.18,1.1881,1.1638,1.1841,0.1385,1331680
1975-09-24,1.1881,1.2043,1.1881,1.1962,0.14,1001843
1975-09-25,1.1962,1.2125,1.1922,1.2043,0.1409,782979
1975-09-26,1.2084,1.2287,1.2084,1.2206,0.1428,2237962
1975-09-29,1.2206,1.2246,1.1962,1.1962,0.14,893952
1975-09-30,1.1881,1.1881,1.1557,1.176,0.1376,1257698
1975-10-01,1.176,1.18,1.1597,1.1638,0.1362,1319350
1975-10-02,1.1638,1.176,1.1557,1.1638,0.1362,659675
1975-10-03,1.1638,1.1922,1.1557,1.1922,0.1395,1569040
1975-10-06,1.1922,1.2084,1.176,1.2043,0.1409,2435248
1975-10-07,1.2043,1.2287,1.1922,1.2287,0.1437,2262623
1975-10-08,1.2287,1.2571,1.2125,1.253,0.1466,1189881
1975-10-09,1.253,1.2733,1.2489,1.2571,0.1471,1029586
1975-10-10,1.253,1.253,1.2246,1.2327,0.1442,1044999
1975-10-13,1.2327,1.2652,1.2246,1.2611,0.1475,718244
1975-10-14,1.2611,1.2773,1.2489,1.2571,0.1471,1035751
1975-10-15,1.2571,1.2692,1.2408,1.2408,0.1452,1276193
1975-10-16,1.2408,1.2611,1.2327,1.2408,0.1452,1233037
1975-10-17,1.2408,1.2489,1.2327,1.2449,0.1456,672005
1975-10-20,1.2449,1.2611,1.2408,1.2611,0.1475,1590618
1975-10-21,1.2652,1.3138,1.2652,1.3098,0.1532,3458669
1975-10-22,1.3098,1.326,1.3098,1.326,0.1551,2296532
1975-10-23,1.326,1.3503,1.3179,1.3463,0.1575,3276796
1975-10-24,1.3463,1.3463,1.2895,1.2895,0.1531,1932786
1975-10-27,1.2895,1.3098,1.2854,1.3098,0.1555,789144
1975-10-28,1.3138,1.326,1.3138,1.3219,0.1569,1344010
1975-10-29,1.3219,1.3219,1.2976,1.2976,0.154,1695426
1975-10-30,1.2976,1.3179,1.2976,1.3017,0.1545,1522801
1975-10-31,1.3017,1.3138,1.3017,1.3057,0.155,1017256
1975-11-03,1.3057,1.3179,1.3057,1.3098,0.1555,1051164
1975-11-04,1.3098,1.33,1.3098,1.326,0.1574,804557
1975-11-05,1.33,1.3706,1.33,1.3584,0.1613,1951281
1975-11-06,1.3584,1.3747,1.3422,1.3665,0.1622,1510470
1975-11-07,1.3706,1.3949,1.3706,1.3787,0.1637,2771251
1975-11-10,1.3787,1.3828,1.3584,1.3787,0.1637,1461149
1975-11-11,1.3828,1.399,1.3828,1.3909,0.1651,1442653
1975-11-12,1.3949,1.4314,1.3949,1.4314,0.1699,2154732
1975-11-13,1.4314,1.4679,1.4233,1.4233,0.169,2826738
1975-11-14,1.4233,1.4233,1.4111,1.4193,0.1685,749070
1975-11-17,1.4152,1.4152,1.3868,1.3868,0.1646,1458066
1975-11-18,1.3868,1.4071,1.3828,1.3868,0.1646,1313185
1975-11-19,1.3868,1.3868,1.3463,1.3503,0.1603,1612196
1975-11-20,1.3544,1.3868,1.3544,1.3706,0.1627,1060412
1975-11-21,1.3706,1.3828,1.3706,1.3787,0.1637,690501
1975-11-24,1.3787,1.3787,1.3584,1.3747,0.1632,1032669
1975-11-25,1.3747,1.3868,1.3706,1.3828,0.1641,1359423
1975-11-26,1.3828,1.3868,1.3665,1.3828,0.1641,755235
1975-11-28,1.3828,1.3909,1.3828,1.3868,0.1646,906282
1975-12-01,1.3868,1.399,1.3828,1.3868,0.1646,869291
1975-12-02,1.3868,1.3868,1.3665,1.3706,0.1627,1041916
1975-12-03,1.3544,1.3544,1.3341,1.3382,0.1589,2829820
1975-12-04,1.3382,1.3503,1.3341,1.3463,0.1598,1196046
1975-12-05,1.3463,1.3544,1.3341,1.3382,0.1589,1205294
1975-12-08,1.3382,1.3625,1.3341,1.3584,0.1613,937108
1975-12-09,1.3584,1.3787,1.3503,1.3665,0.1622,2086915
1975-12-10,1.3665,1.3787,1.3625,1.3787,0.1637,1263863
1975-12-11,1.3787,1.3949,1.3747,1.3909,0.1651,1766326
1975-12-12,1.3909,1.4111,1.3828,1.4071,0.167,1541296
1975-12-15,1.4071,1.4233,1.4071,1.4193,0.1685,1581370
1975-12-16,1.4193,1.4436,1.4193,1.4314,0.1699,3430926
1975-12-17,1.4314,1.4355,1.4193,1.4193,0.1685,1590618
1975-12-18,1.4193,1.4395,1.4152,1.4314,0.1699,1516636
1975-12-19,1.4314,1.4314,1.4152,1.4152,0.168,1402580
1975-12-22,1.4152,1.4314,1.4111,1.4274,0.1694,1615279
1975-12-23,1.4274,1.4476,1.4193,1.4436,0.1714,2126989
1975-12-24,1.4436,1.4517,1.4395,1.4436,0.1714,903200
1975-12-26,1.4436,1.4558,1.4436,1.4558,0.1728,545619
1975-12-29,1.4558,1.4558,1.4355,1.4355,0.1704,884704
1975-12-30,1.4355,1.4355,1.4152,1.4193,0.1685,881622
1975-12-31,1.4193,1.4314,1.4193,1.4274,0.1694,681253
1976-01-02,1.4274,1.4314,1.4152,1.4314,0.1699,471637
1976-01-05,1.4476,1.4679,1.4476,1.4679,0.1743,1522801
1976-01-06,1.472,1.4882,1.472,1.4882,0.1767,2179393
1976-01-07,1.4882,1.5044,1.4801,1.4882,0.1767,4297134
1976-01-08,1.4882,1.5125,1.4841,1.5004,0.1781,3107254
1976-01-09,1.5004,1.5328,1.4922,1.5206,0.1805,5175673
1976-01-12,1.5206,1.5693,1.5125,1.5652,0.1858,3819332
1976-01-13,1.5652,1.5693,1.5409,1.545,0.1834,3634377
1976-01-14,1.545,1.5936,1.5369,1.5855,0.1882,3412430
1976-01-15,1.5855,1.6139,1.5734,1.5734,0.1868,5052370
1976-01-16,1.5734,1.5815,1.5571,1.5734,0.1868,3360026
1976-01-19,1.5855,1.6342,1.5855,1.6342,0.194,3017858
1976-01-20,1.6463,1.6747,1.6463,1.6707,0.1983,4087518
1976-01-21,1.6707,1.695,1.6463,1.6828,0.1998,4167665
1976-01-22,1.6788,1.6788,1.6626,1.6747,0.1988,2740425
1976-01-23,1.6747,1.6747,1.6423,1.6585,0.1992,4062857
1976-01-26,1.6585,1.6747,1.6382,1.6463,0.1977,4309465
1976-01-27,1.6463,1.6504,1.6139,1.6139,0.1938,2595543
1976-01-28,1.6139,1.622,1.5815,1.6017,0.1924,2740425
1976-01-29,1.5936,1.5936,1.5571,1.5896,0.1909,3945719
1976-01-30,1.5936,1.622,1.5936,1.6098,0.1934,6041882
1976-02-02,1.6098,1.6342,1.6058,1.622,0.1948,1824895
1976-02-03,1.622,1.6423,1.6058,1.6139,0.1938,1840308
1976-02-04,1.6139,1.6261,1.6098,1.618,0.1943,1732417
1976-02-05,1.618,1.6261,1.6139,1.6139,0.1938,2564717
1976-02-06,1.6139,1.6261,1.5977,1.618,0.1943,2049924
1976-02-09,1.622,1.6423,1.622,1.6261,0.1953,2546222
1976-02-10,1.6301,1.6545,1.6301,1.6504,0.1982,1226872
1976-02-11,1.6504,1.6666,1.6463,1.6463,0.1977,3427843
1976-02-12,1.6463,1.6463,1.6261,1.6342,0.1963,1445736
1976-02-13,1.6261,1.6261,1.6139,1.6139,0.1938,1270028
1976-02-17,1.6139,1.6139,1.5855,1.5936,0.1914,1294689
1976-02-18,1.5936,1.6301,1.5936,1.6301,0.1958,1667683
1976-02-19,1.6423,1.7112,1.6423,1.7112,0.2055,3344613
1976-02-20,1.7112,1.7274,1.6788,1.6788,0.2016,4315630
1976-02-23,1.6788,1.6869,1.6504,1.6545,0.1987,2274953
1976-02-24,1.6626,1.7315,1.6626,1.6626,0.1997,2506148
1976-02-25,1.6707,1.6991,1.6707,1.6909,0.2031,2484570
1976-02-26,1.6909,1.7153,1.6747,1.6869,0.2026,2466074
1976-02-27,1.6869,1.6869,1.6382,1.6585,0.1992,2758921
1976-03-01,1.6585,1.6747,1.6463,1.6666,0.2002,2133154
1976-03-02,1.6707,1.6909,1.6707,1.6828,0.2021,1639939
1976-03-03,1.6828,1.7153,1.6545,1.6909,0.2031,2503065
1976-03-04,1.6909,1.6909,1.6707,1.6707,0.2007,2194806
1976-03-05,1.6788,1.7315,1.6788,1.7315,0.208,4873579
1976-03-08,1.7356,1.7923,1.7356,1.7842,0.2143,5579493
1976-03-09,1.7883,1.8207,1.7883,1.7883,0.2148,5823018
1976-03-10,1.7883,1.8248,1.7883,1.8207,0.2187,4648550
1976-03-11,1.8248,1.8694,1.8248,1.8613,0.2235,4796514
1976-03-12,1.8613,1.8653,1.8126,1.8207,0.2187,4861249
1976-03-15,1.8207,1.8207,1.7923,1.8004,0.2162,3221309
1976-03-16,1.8004,1.8126,1.7842,1.8126,0.2177,2922298
1976-03-17,1.8167,1.8491,1.8167,1.8329,0.2201,5406868
1976-03-18,1.8329,1.8329,1.8085,1.8126,0.2177,2786664
1976-03-19,1.8126,1.8126,1.7883,1.8004,0.2162,1784821
1976-03-22,1.8004,1.8004,1.7842,1.7923,0.2153,1701591
1976-03-23,1.7923,1.8126,1.7842,1.8085,0.2172,1356341
1976-03-24,1.8167,1.8369,1.8167,1.8329,0.2201,3840911
1976-03-25,1.8329,1.841,1.8248,1.8329,0.2201,3356944
1976-03-26,1.8329,1.8369,1.8207,1.8288,0.2197,1855721
1976-03-29,1.8288,1.845,1.8288,1.8329,0.2201,1655352
1976-03-30,1.8329,1.8329,1.8126,1.8248,0.2192,1895795
1976-03-31,1.8248,1.8613,1.8248,1.8491,0.2221,4065940
1976-04-01,1.8491,1.8613,1.8369,1.841,0.2211,2086915
1976-04-02,1.841,1.8572,1.8329,1.8572,0.2231,1307019
1976-04-05,1.8572,1.8937,1.8572,1.8896,0.227,3770011
1976-04-06,1.8937,1.9099,1.8937,1.8978,0.2279,3538817
1976-04-07,1.8978,1.9059,1.8613,1.8653,0.224,3258301
1976-04-08,1.8653,1.8815,1.841,1.845,0.2216,3298374
1976-04-09,1.8531,1.914,1.8531,1.8896,0.227,5613401
1976-04-12,1.8896,1.9018,1.8734,1.8856,0.2265,3594303
1976-04-13,1.8937,1.9424,1.8937,1.9383,0.2328,4303300
1976-04-14,1.9383,1.9464,1.918,1.9342,0.2323,4278639
1976-04-15,1.9342,1.9383,1.9261,1.9383,0.2328,2025263
1976-04-19,1.9383,1.9424,1.9302,1.9383,0.2328,1495057
1976-04-20,1.9383,1.9586,1.9383,1.9586,0.2352,6313150
1976-04-21,1.9586,1.9748,1.9505,1.9626,0.2357,4457429
1976-04-22,1.9626,1.9667,1.9464,1.9545,0.2347,2191723
1976-04-23,1.9342,1.9342,1.8978,1.9059,0.2312,3051767
1976-04-26,1.9059,1.9261,1.8856,1.9261,0.2337,2663360
1976-04-27,1.9261,1.9464,1.9261,1.9261,0.2337,2786664
1976-04-28,1.9261,1.9383,1.918,1.9383,0.2351,1840308
1976-04-29,1.9383,1.9586,1.9261,1.9586,0.2376,4106014
1976-04-30,1.9545,1.9545,1.914,1.9261,0.2337,2953124
1976-05-03,1.918,1.918,1.8694,1.8734,0.2273,2660278
1976-05-04,1.8734,1.8896,1.8531,1.8815,0.2283,3813167
1976-05-05,1.8815,1.8896,1.8491,1.8491,0.2243,3286044
1976-05-06,1.8491,1.8694,1.845,1.8572,0.2253,2130072
1976-05-07,1.8572,1.8775,1.8531,1.8734,0.2273,2213302
1976-05-10,1.8815,1.914,1.8815,1.914,0.2322,1991355
1976-05-11,1.914,1.9261,1.9059,1.914,0.2322,2854481
1976-05-12,1.914,1.918,1.8978,1.8978,0.2302,1371754
1976-05-13,1.8978,1.9018,1.8734,1.8896,0.2292,1495057
1976-05-14,1.8856,1.8856,1.8653,1.8694,0.2268,1393332
1976-05-17,1.8694,1.8694,1.8491,1.8572,0.2253,1929703
1976-05-18,1.8572,1.8653,1.841,1.8491,0.2243,1652270
1976-05-19,1.8491,1.8531,1.8085,1.8167,0.2204,1720087
1976-05-20,1.8167,1.845,1.8085,1.841,0.2233,2823655
1976-05-21,1.841,1.841,1.8085,1.8126,0.2199,1226872
1976-05-24,1.8045,1.8045,1.7437,1.7518,0.2125,1871134
1976-05-25,1.7518,1.768,1.7437,1.7599,0.2135,2222549
1976-05-26,1.7599,1.7883,1.7518,1.7761,0.2155,2601708
1976-05-27,1.7761,1.7842,1.7599,1.772,0.215,2259541
1976-05-28,1.772,1.7923,1.772,1.7802,0.216,3193566
1976-06-01,1.7802,1.7883,1.7802,1.7842,0.2164,2293449
1976-06-02,1.7842,1.8085,1.772,1.8085,0.2194,2675691
1976-06-03,1.8207,1.8531,1.8207,1.8369,0.2228,2835985
1976-06-04,1.8369,1.8531,1.8207,1.8329,0.2224,5077030
1976-06-07,1.8329,1.8572,1.8288,1.841,0.2233,2872976
1976-06-08,1.845,1.8856,1.845,1.8653,0.2263,5471602
1976-06-09,1.8653,1.8694,1.8491,1.8491,0.2243,3474082
1976-06-10,1.8491,1.8815,1.845,1.8775,0.2278,3159658
1976-06-11,1.8775,1.8856,1.8491,1.8815,0.2283,2247210
1976-06-14,1.8815,1.8896,1.8653,1.8775,0.2278,2293449
1976-06-15,1.8734,1.8734,1.8531,1.8613,0.2258,1504305
1976-06-16,1.8613,1.8896,1.8613,1.8896,0.2292,2401340
1976-06-17,1.8896,1.918,1.8856,1.914,0.2322,4001205
1976-06-18,1.9261,1.9464,1.9261,1.9261,0.2337,3249053
1976-06-21,1.9261,1.9342,1.9059,1.918,0.2327,1778656
1976-06-22,1.918,1.9221,1.8856,1.8856,0.2287,2244128
1976-06-23,1.8856,1.9018,1.8694,1.8856,0.2287,2031429
1976-06-24,1.8896,1.9099,1.8896,1.9018,0.2307,1673848
1976-06-25,1.9059,1.914,1.9059,1.9099,0.2317,1670765
1976-06-28,1.9099,1.918,1.9018,1.9059,0.2312,2163980
1976-06-29,1.9059,1.9099,1.8896,1.9018,0.2307,2142402
1976-06-30,1.9018,1.9099,1.8937,1.8978,0.2302,1507388
1976-07-01,1.8978,1.9018,1.8734,1.8815,0.2283,2980867
1976-07-02,1.8815,1.8856,1.8491,1.8491,0.2243,2866811
1976-07-06,1.845,1.845,1.7964,1.7964,0.2179,1908125
1976-07-07,1.7964,1.8653,1.7964,1.8288,0.2219,2641782
1976-07-08,1.8329,1.8815,1.8329,1.8613,0.2258,3625129
1976-07-09,1.8613,1.8937,1.8613,1.8937,0.2297,1926620
1976-07-12,1.8937,1.918,1.8734,1.914,0.2322,1975942
1976-07-13,1.9221,1.9424,1.9221,1.9383,0.2351,3659038
1976-07-14,1.9383,1.9383,1.9221,1.9342,0.2346,2749673
1976-07-15,1.9261,1.9261,1.9018,1.9018,0.2307,3868654
1976-07-16,1.8815,1.8815,1.8491,1.8572,0.2253,3930306
1976-07-19,1.8531,1.8531,1.8288,1.8491,0.2243,3202814
1976-07-20,1.845,1.845,1.8248,1.8288,0.2219,1627609
1976-07-21,1.8288,1.841,1.8248,1.8329,0.2224,2604791
1976-07-22,1.8248,1.8248,1.8085,1.8207,0.2209,2857564
1976-07-23,1.8248,1.841,1.8248,1.8329,0.2224,2086915
1976-07-26,1.8329,1.845,1.8329,1.845,0.2238,2752755
1976-07-27,1.8329,1.8329,1.8207,1.8248,0.2245,1424158
1976-07-28,1.8167,1.8167,1.8004,1.8167,0.2235,872374
1976-07-29,1.8167,1.8329,1.8045,1.8288,0.225,3020941
1976-07-30,1.8288,1.845,1.8126,1.8329,0.2255,4852001
1976-08-02,1.8329,1.8369,1.8207,1.8288,0.225,2000603
1976-08-03,1.8288,1.8694,1.8248,1.8694,0.23,2157815
1976-08-04,1.8694,1.8815,1.8572,1.8734,0.2305,3406265
1976-08-05,1.8694,1.8694,1.841,1.8531,0.228,1636857
1976-08-06,1.845,1.845,1.8288,1.8369,0.226,2197889
1976-08-09,1.8369,1.841,1.8207,1.8329,0.2255,2012933
1976-08-10,1.8329,1.8653,1.8207,1.8653,0.2295,1451901
1976-08-11,1.8653,1.8653,1.8207,1.8248,0.2245,1649187
1976-08-12,1.8248,1.8329,1.8085,1.8329,0.2255,1273111
1976-08-13,1.8329,1.8775,1.8045,1.8248,0.2245,1516636
1976-08-16,1.8248,1.8288,1.8167,1.8207,0.224,915530
1976-08-17,1.8207,1.8491,1.8167,1.8329,0.2255,2962372
1976-08-18,1.8329,1.841,1.8248,1.8329,0.2255,1217624
1976-08-19,1.8329,1.841,1.8045,1.8167,0.2235,1787904
1976-08-20,1.8126,1.8126,1.7842,1.7842,0.2195,2046842
1976-08-23,1.7802,1.7802,1.7518,1.768,0.2175,1680013
1976-08-24,1.768,1.7761,1.6909,1.695,0.2086,2466074
1976-08-25,1.695,1.772,1.6909,1.7639,0.217,3104171
1976-08-26,1.7639,1.7842,1.7558,1.7558,0.216,2025263
1976-08-27,1.7558,1.7761,1.7518,1.772,0.218,1014173
1976-08-30,1.7771,1.8004,1.7771,1.7964,0.221,798392
1976-08-31,1.7964,1.8085,1.7964,1.7964,0.221,1547462
1976-09-01,1.8004,1.8248,1.8004,1.8207,0.224,2706516
1976-09-02,1.8207,1.8248,1.8004,1.8085,0.2225,2536974
1976-09-03,1.8085,1.8126,1.7964,1.8126,0.223,2691103
1976-09-07,1.8126,1.8248,1.8004,1.8207,0.224,2231797
1976-09-08,1.8207,1.8288,1.8126,1.8167,0.2235,1969777
1976-09-09,1.8167,1.8207,1.8045,1.8126,0.223,2604791
1976-09-10,1.8126,1.8207,1.8045,1.8126,0.223,1291606
1976-09-13,1.8126,1.8207,1.8085,1.8126,0.223,1313185
1976-09-14,1.8085,1.8085,1.7964,1.8045,0.222,1553627
1976-09-15,1.8004,1.8004,1.7842,1.7883,0.22,2068420
1976-09-16,1.7883,1.8085,1.772,1.8085,0.2225,1643022
1976-09-17,1.8167,1.8531,1.8167,1.8491,0.2275,2512313
1976-09-20,1.8491,1.8653,1.8369,1.8613,0.229,2669525
1976-09-21,1.8653,1.9383,1.8653,1.9383,0.2385,3279879
1976-09-22,1.9383,1.9505,1.9099,1.9099,0.235,4608476
1976-09-23,1.9099,1.9302,1.9018,1.9018,0.234,3307622
1976-09-24,1.9018,1.9302,1.8937,1.9302,0.2375,1602948
1976-09-27,1.9302,1.9626,1.9261,1.9626,0.2415,5280481
1976-09-28,1.9626,1.9626,1.918,1.9261,0.237,4041279
1976-09-29,1.9261,1.9383,1.9059,1.9302,0.2375,3917975
1976-09-30,1.9302,1.9302,1.914,1.9261,0.237,2447579
1976-10-01,1.9261,1.9342,1.8775,1.8815,0.2315,3045602
1976-10-04,1.8815,1.8937,1.8613,1.8896,0.2325,2293449
1976-10-05,1.8896,1.9099,1.8572,1.8653,0.2295,3440174
1976-10-06,1.8653,1.8734,1.8491,1.8653,0.2295,2728095
1976-10-07,1.8653,1.8775,1.8613,1.8775,0.231,2968537
1976-10-08,1.8775,1.8775,1.8572,1.8694,0.23,1757078
1976-10-11,1.8613,1.8613,1.8045,1.8167,0.2235,1451901
1976-10-12,1.8167,1.8248,1.8085,1.8167,0.2235,1975942
1976-10-13,1.8167,1.8369,1.8126,1.8329,0.2255,2647947
1976-10-14,1.8288,1.8288,1.7883,1.7964,0.221,2614039
1976-10-15,1.7964,1.8085,1.7883,1.8045,0.222,1282359
1976-10-18,1.8045,1.8085,1.7923,1.8004,0.2215,1954364
1976-10-19,1.8004,1.8167,1.7964,1.8004,0.2215,3310705
1976-10-20,1.8004,1.8288,1.7923,1.8248,0.2245,2274953
1976-10-21,1.8248,1.8288,1.8085,1.8126,0.223,2080750
1976-10-22,1.8126,1.8207,1.7923,1.8004,0.2215,1639939
1976-10-25,1.8004,1.8207,1.7883,1.8167,0.2235,1159055
1976-10-26,1.8045,1.8045,1.7923,1.8004,0.2247,1377919
1976-10-27,1.8004,1.8329,1.7964,1.8288,0.2283,2071502
1976-10-28,1.8288,1.841,1.8126,1.8207,0.2273,2376679
1976-10-29,1.8207,1.8491,1.8167,1.841,0.2298,1639939
1976-11-01,1.841,1.8734,1.841,1.8613,0.2323,2765086
1976-11-03,1.8613,1.8653,1.8329,1.8572,0.2318,2657195
1976-11-04,1.8572,1.8896,1.845,1.8856,0.2354,3822415
1976-11-05,1.8815,1.8815,1.841,1.841,0.2298,1935868
1976-11-08,1.841,1.841,1.8085,1.8085,0.2258,1387167
1976-11-09,1.8085,1.8126,1.7761,1.7923,0.2237,2361266
1976-11-10,1.7923,1.8207,1.7802,1.7842,0.2227,4290969
1976-11-11,1.7842,1.8045,1.772,1.8004,0.2247,2207136
1976-11-12,1.7964,1.7964,1.768,1.7842,0.2227,2543139
1976-11-15,1.7842,1.7883,1.768,1.7883,0.2232,2318110
1976-11-16,1.7883,1.7923,1.7771,1.7802,0.2222,1695426
1976-11-17,1.7802,1.8085,1.772,1.7842,0.2227,1908125
1976-11-18,1.7883,1.8369,1.7883,1.8369,0.2293,1596783
1976-11-19,1.8369,1.8572,1.8329,1.8531,0.2313,3803919
1976-11-22,1.8531,1.8694,1.8491,1.8653,0.2328,1951281
1976-11-23,1.8653,1.8694,1.8491,1.8491,0.2308,1858803
1976-11-24,1.8369,1.8369,1.8126,1.8167,0.2268,3603551
1976-11-26,1.8126,1.8126,1.7842,1.8126,0.2263,1972859
1976-11-29,1.8045,1.8045,1.7761,1.7761,0.2217,1572122
1976-11-30,1.7761,1.7802,1.7599,1.772,0.2212,2176311
1976-12-01,1.772,1.8045,1.772,1.8004,0.2247,1606031
1976-12-02,1.8045,1.8329,1.8045,1.8167,0.2268,2666443
1976-12-03,1.8167,1.841,1.8004,1.8167,0.2268,2370514
1976-12-06,1.8329,1.8572,1.8329,1.845,0.2303,2429083
1976-12-07,1.845,1.8572,1.841,1.841,0.2298,1612196
1976-12-08,1.841,1.8613,1.8329,1.8613,0.2323,1843390
1976-12-09,1.8613,1.8978,1.8613,1.8815,0.2349,4155335
1976-12-10,1.8815,1.9018,1.8775,1.8937,0.2364,3036354
1976-12-13,1.8937,1.8937,1.8734,1.8815,0.2349,1479645
1976-12-14,1.8815,1.9059,1.8815,1.9059,0.2379,2620204
1976-12-15,1.914,1.9342,1.914,1.9261,0.2404,4475925
1976-12-16,1.9261,1.9586,1.914,1.9383,0.242,4334125
1976-12-17,1.9383,1.9545,1.9099,1.914,0.2389,3708359
1976-12-20,1.914,1.9221,1.9018,1.9099,0.2384,1498140
1976-12-21,1.9099,1.9221,1.8937,1.914,0.2389,4013536
1976-12-22,1.9261,1.9667,1.9261,1.9505,0.2435,6729300
1976-12-23,1.9505,1.9545,1.9383,1.9464,0.243,3282961
1976-12-27,1.9464,2.0032,1.9464,1.9951,0.249,3474082
1976-12-28,1.9951,2.0072,1.987,1.9951,0.249,4401942
1976-12-29,1.9951,1.9991,1.9748,1.9829,0.2475,2626369
1976-12-30,1.9829,1.9951,1.9829,1.987,0.248,2154732
1976-12-31,1.987,1.9991,1.987,1.9951,0.249,1146725
1977-01-03,1.9789,1.9991,1.9789,1.987,0.248,1405662
1977-01-04,1.987,1.987,1.914,1.9302,0.2409,2361266
1977-01-05,1.9302,1.9424,1.8978,1.9059,0.2379,2324275
1977-01-06,1.914,1.9586,1.914,1.9383,0.242,2620204
1977-01-07,1.9383,1.9626,1.9342,1.9505,0.2435,1476562
1977-01-10,1.9505,1.9667,1.9505,1.9667,0.2455,2093080
1977-01-11,1.9667,1.9748,1.9505,1.9545,0.244,2965454
1977-01-12,1.9545,1.9667,1.9464,1.9626,0.245,1491975
1977-01-13,1.9626,1.9789,1.9626,1.9789,0.247,4435851
1977-01-14,1.9748,1.9748,1.9667,1.9707,0.246,1424158
1977-01-17,1.9707,1.9748,1.9586,1.9586,0.2445,1874216
1977-01-18,1.9586,1.9667,1.9464,1.9667,0.2455,1467314
1977-01-19,1.9667,1.991,1.9626,1.9748,0.2465,2620204
1977-01-20,1.9748,1.9829,1.9545,1.9626,0.245,1717004
1977-01-21,1.9626,1.9707,1.9505,1.9707,0.246,3779259
1977-01-24,1.9707,1.9748,1.9586,1.9586,0.2445,3014776
1977-01-25,1.9545,1.9545,1.918,1.9342,0.2447,2241045
1977-01-26,1.9383,1.9667,1.9383,1.9545,0.2473,3264466
1977-01-27,1.9545,1.9707,1.9505,1.9505,0.2467,1800234
1977-01-28,1.9586,1.9748,1.9586,1.9667,0.2488,2151650
1977-01-31,1.9667,1.9707,1.9505,1.9626,0.2483,1803317
1977-02-01,1.9626,1.9626,1.9383,1.9424,0.2457,1806399
1977-02-02,1.9424,1.9505,1.9342,1.9342,0.2447,1162137
1977-02-03,1.9342,1.9383,1.9018,1.9099,0.2416,2931546
1977-02-04,1.9099,1.918,1.9018,1.9099,0.2416,1673848
1977-02-07,1.9099,1.9261,1.9018,1.9018,0.2406,1421075
1977-02-08,1.9018,1.9099,1.8815,1.8815,0.238,1618361
1977-02-09,1.8815,1.8815,1.8167,1.8248,0.2308,8961097
1977-02-10,1.8248,1.841,1.8167,1.8288,0.2314,3406265
1977-02-11,1.8288,1.8369,1.8004,1.8004,0.2278,2919215
1977-02-14,1.8004,1.8126,1.7842,1.8045,0.2283,2019098
1977-02-15,1.8045,1.8207,1.8004,1.8167,0.2298,3239805
1977-02-16,1.8167,1.8613,1.8167,1.845,0.2334,9784149
1977-02-17,1.845,1.8572,1.8369,1.8491,0.2339,1491975
1977-02-18,1.8491,1.8572,1.841,1.8572,0.2349,1790986
1977-02-22,1.8531,1.8531,1.845,1.8491,0.2339,2096163
1977-02-23,1.8491,1.8572,1.841,1.8491,0.2339,3628212
1977-02-24,1.8491,1.8531,1.8207,1.8329,0.2319,1763243
1977-02-25,1.8329,1.8531,1.8248,1.841,0.2329,2549304
1977-02-28,1.841,1.8775,1.841,1.8775,0.2375,1217624
1977-03-01,1.8775,1.9059,1.8734,1.9018,0.2406,1948199
1977-03-02,1.9018,1.914,1.8978,1.8978,0.2401,3443256
1977-03-03,1.8978,1.914,1.8815,1.9059,0.2411,1596783
1977-03-04,1.9059,1.9221,1.9059,1.918,0.2426,1815647
1977-03-07,1.918,1.9302,1.9059,1.918,0.2426,1587535
1977-03-08,1.918,1.918,1.8856,1.8856,0.2385,3273714
1977-03-09,1.8815,1.8815,1.8531,1.8613,0.2355,1951281
1977-03-10,1.8613,1.8775,1.8572,1.8694,0.2365,2395175
1977-03-11,1.8734,1.8775,1.8572,1.8694,0.2365,2241045
1977-03-14,1.8734,1.8937,1.8734,1.8856,0.2385,1602948
1977-03-15,1.8896,1.9342,1.8896,1.9261,0.2437,2999363
1977-03-16,1.9261,1.9383,1.9221,1.9221,0.2432,2638699
1977-03-17,1.9221,1.9342,1.9099,1.9302,0.2442,3338448
1977-03-18,1.9302,1.9342,1.9018,1.9018,0.2406,2570882
1977-03-21,1.9018,1.9099,1.8694,1.8896,0.239,1806399
1977-03-22,1.8856,1.8856,1.8531,1.8734,0.237,2496900
1977-03-23,1.8734,1.8856,1.841,1.8491,0.2339,3393935
1977-03-24,1.8491,1.8694,1.841,1.841,0.2329,1562875
1977-03-25,1.841,1.845,1.8045,1.8085,0.2288,2225632
1977-03-28,1.8126,1.8248,1.8126,1.8167,0.2298,2857564
1977-03-29,1.8167,1.8329,1.8167,1.8167,0.2298,3440174
1977-03-30,1.8167,1.8288,1.772,1.7802,0.2252,2922298
1977-03-31,1.7802,1.8004,1.7558,1.7558,0.2221,1914290
1977-04-01,1.7639,1.7923,1.7639,1.7923,0.2267,2561635
1977-04-04,1.7923,1.7923,1.7315,1.7315,0.219,7059137
1977-04-05,1.7315,1.7356,1.7153,1.7274,0.2185,4818093
1977-04-06,1.7274,1.7396,1.7274,1.7315,0.219,2462992
1977-04-07,1.7315,1.7761,1.7315,1.772,0.2242,3526486
1977-04-11,1.7761,1.7964,1.7761,1.7964,0.2272,3150410
1977-04-12,1.8004,1.8288,1.8004,1.8167,0.2298,2937711
1977-04-13,1.8167,1.8207,1.7802,1.8167,0.2298,6054212
1977-04-14,1.8248,1.845,1.8248,1.8369,0.2324,6495023
1977-04-15,1.841,1.8775,1.841,1.845,0.2334,10764414
1977-04-18,1.845,1.845,1.8126,1.8369,0.2324,8116467
1977-04-19,1.8004,1.8004,1.7761,1.7842,0.2257,7376645
1977-04-20,1.7842,1.8207,1.7842,1.8004,0.2278,4784184
1977-04-21,1.8004,1.8207,1.7883,1.7964,0.2272,7253341
1977-04-22,1.7964,1.8288,1.768,1.7842,0.2257,3834745
1977-04-25,1.7883,1.8085,1.7883,1.8085,0.2288,3162740
1977-04-26,1.7842,1.7842,1.772,1.7802,0.2293,2130072
1977-04-27,1.7802,1.7883,1.768,1.7761,0.2288,2752755
1977-04-28,1.7761,1.7964,1.7639,1.7964,0.2314,2580130
1977-04-29,1.7964,1.8004,1.7842,1.8004,0.2319,4306382
1977-05-02,1.8004,1.8167,1.7964,1.8167,0.234,1908125
1977-05-03,1.8167,1.841,1.8167,1.8288,0.2356,3085675
1977-05-04,1.8288,1.8288,1.8126,1.8167,0.234,3581973
1977-05-05,1.8167,1.8207,1.8045,1.8045,0.2324,2435248
1977-05-06,1.8004,1.8004,1.7842,1.7883,0.2304,1618361
1977-05-09,1.7883,1.8004,1.7883,1.7923,0.2309,875456
1977-05-10,1.7923,1.8248,1.7923,1.8207,0.2345,3467917
1977-05-11,1.8207,1.8207,1.7761,1.7761,0.2288,2564717
1977-05-12,1.7802,1.8045,1.7802,1.8045,0.2324,3631294
1977-05-13,1.8045,1.8167,1.8004,1.8045,0.2324,1717004
1977-05-16,1.8085,1.8248,1.8085,1.8207,0.2345,2444496
1977-05-17,1.8207,1.8207,1.8045,1.8126,0.2335,1701591
1977-05-18,1.8126,1.8288,1.8126,1.8248,0.2351,4084435
1977-05-19,1.8248,1.8248,1.8085,1.8126,0.2335,2170145
1977-05-20,1.8126,1.8126,1.8004,1.8004,0.2319,1701591
1977-05-23,1.8004,1.8045,1.7599,1.7639,0.2272,4220070
1977-05-24,1.7639,1.7639,1.7356,1.7639,0.2272,3107254
1977-05-25,1.7639,1.768,1.7437,1.7477,0.2251,2956206
1977-05-26,1.7477,1.7599,1.7356,1.7599,0.2267,3421678
1977-05-27,1.7599,1.768,1.7477,1.7558,0.2262,2737342
1977-05-31,1.7558,1.768,1.7396,1.7639,0.2272,2996280
1977-06-01,1.7639,1.8004,1.7599,1.7964,0.2314,3227475
1977-06-02,1.7964,1.8085,1.7842,1.8085,0.233,2857564
1977-06-03,1.8085,1.8126,1.7842,1.7883,0.2304,2456826
1977-06-06,1.7883,1.8004,1.7761,1.7802,0.2293,1951281
1977-06-07,1.7802,1.7964,1.772,1.7964,0.2314,3104171
1977-06-08,1.7964,1.8085,1.7923,1.8045,0.2324,2715764
1977-06-09,1.8045,1.8045,1.7883,1.7923,0.2309,2943876
1977-06-10,1.7923,1.8045,1.7842,1.8004,0.2319,2731177
1977-06-13,1.8004,1.8126,1.7964,1.8126,0.2335,2262623
1977-06-14,1.8248,1.841,1.8248,1.841,0.2371,4605394
1977-06-15,1.841,1.841,1.8288,1.8369,0.2366,1901960
1977-06-16,1.8369,1.8369,1.8248,1.8288,0.2356,2167063
1977-06-17,1.8288,1.8329,1.8248,1.8248,0.2351,1078907
1977-06-20,1.8248,1.8329,1.8167,1.8329,0.2361,1670765
1977-06-21,1.8329,1.841,1.8248,1.841,0.2371,2583213
1977-06-22,1.841,1.841,1.8288,1.8369,0.2366,1495057
1977-06-23,1.8369,1.8613,1.8329,1.8613,0.2398,1387167
1977-06-24,1.8613,1.8775,1.8613,1.8694,0.2408,2478405
1977-06-27,1.8957,1.8957,1.8755,1.8957,0.2442,1612813
1977-06-28,1.8957,1.8957,1.8602,1.8755,0.2416,1849556
1977-06-29,1.8755,1.8805,1.8653,1.8755,0.2416,2776800
1977-06-30,1.8755,1.9008,1.8653,1.9008,0.2448,2138086
1977-07-01,1.9008,1.9109,1.8907,1.9008,0.2448,2912434
1977-07-05,1.9059,1.9211,1.9059,1.9109,0.2462,2273720
1977-07-06,1.9059,1.9059,1.845,1.845,0.2377,2214535
1977-07-07,1.845,1.8602,1.8248,1.8552,0.239,6276159
1977-07-08,1.8552,1.8602,1.8349,1.84,0.237,1524034
1977-07-11,1.84,1.8501,1.8248,1.84,0.237,1339078
1977-07-12,1.84,1.84,1.8146,1.8197,0.2344,3319336
1977-07-13,1.8197,1.8197,1.7994,1.8045,0.2324,2875443
1977-07-15,1.8045,1.8197,1.7944,1.8146,0.2337,3484563
1977-07-18,1.8146,1.8552,1.8096,1.8349,0.2364,3324268
1977-07-19,1.8349,1.8653,1.8349,1.8552,0.239,1856954
1977-07-20,1.8552,1.8704,1.84,1.8501,0.2383,1072742
1977-07-21,1.8501,1.8602,1.845,1.8501,0.2383,1856954
1977-07-22,1.8501,1.8704,1.845,1.8653,0.2403,1336612
1977-07-25,1.8653,1.8755,1.845,1.845,0.2377,2320576
1977-07-26,1.845,1.8602,1.8248,1.8552,0.239,2051774
1977-07-27,1.8146,1.8146,1.7791,1.7994,0.2359,2160281
1977-07-28,1.7994,1.8096,1.7893,1.8096,0.2372,2160281
1977-07-29,1.8096,1.8096,1.7842,1.8045,0.2366,2073968
1977-08-01,1.8045,1.8248,1.8045,1.8096,0.2372,2342771
1977-08-02,1.8096,1.8146,1.7944,1.7944,0.2353,1440187
1977-08-03,1.7842,1.7842,1.7487,1.7639,0.2313,3176304
1977-08-04,1.7639,1.7791,1.7335,1.7741,0.2326,2323042
1977-08-05,1.7741,1.7791,1.7589,1.7639,0.2313,1790370
1977-08-08,1.7639,1.769,1.7538,1.7589,0.2306,1376069
1977-08-09,1.7589,1.7639,1.7487,1.7538,0.2299,1876682
1977-08-10,1.7538,1.7791,1.7487,1.7741,0.2326,1639939
1977-08-11,1.7741,1.7893,1.7335,1.7335,0.2273,3149177
1977-08-12,1.7183,1.7183,1.6879,1.7132,0.2246,5242874
1977-08-15,1.7132,1.7487,1.698,1.7437,0.2286,2530192
1977-08-16,1.7437,1.7437,1.7132,1.7183,0.2253,1284825
1977-08-17,1.7183,1.7234,1.6778,1.6778,0.22,2387160
1977-08-18,1.6828,1.7082,1.6828,1.693,0.222,2697885
1977-08-19,1.693,1.7031,1.6828,1.698,0.2226,2130688
1977-08-22,1.698,1.7234,1.698,1.7082,0.224,1154123
1977-08-23,1.7082,1.7132,1.698,1.7031,0.2233,1758311
1977-08-24,1.7031,1.7132,1.693,1.7031,0.2233,1316884
1977-08-25,1.7031,1.7082,1.698,1.7031,0.2233,1430323
1977-08-26,1.7031,1.7183,1.693,1.7183,0.2253,1570889
1977-08-29,1.7285,1.769,1.7285,1.7639,0.2313,2559785
1977-08-30,1.7639,1.769,1.7132,1.7183,0.2253,3247820
1977-08-31,1.7183,1.769,1.7183,1.769,0.2319,1578288
1977-09-01,1.769,1.7842,1.7538,1.7842,0.2339,3607867
1977-09-02,1.7842,1.7944,1.769,1.7842,0.2339,3763229
1977-09-06,1.7842,1.7893,1.769,1.7741,0.2326,1958063
1977-09-07,1.7741,1.7893,1.7639,1.7842,0.2339,1657202
1977-09-08,1.7842,1.7842,1.769,1.7741,0.2326,1501839
1977-09-09,1.7741,1.7741,1.7487,1.769,0.2319,2086299
1977-09-12,1.769,1.7944,1.7589,1.7893,0.2346,2236729
1977-09-13,1.7893,1.8045,1.7741,1.7994,0.2359,2808859
1977-09-14,1.7994,1.8096,1.7842,1.7893,0.2346,2653496
1977-09-15,1.7893,1.8197,1.7842,1.8197,0.2386,2471006
1977-09-16,1.8197,1.8197,1.7944,1.8096,0.2372,1506771
1977-09-19,1.7994,1.7994,1.7791,1.7842,0.2339,2485803
1977-09-20,1.7842,1.8146,1.7639,1.7994,0.2359,4577034
1977-09-21,1.7994,1.8146,1.7944,1.8096,0.2372,1699125
1977-09-22,1.8096,1.8197,1.7994,1.8096,0.2372,2066570
1977-09-23,1.8096,1.8096,1.7944,1.7994,0.2359,1852022
1977-09-26,1.7994,1.8298,1.7944,1.8248,0.2392,3336598
1977-09-27,1.8248,1.8349,1.8146,1.8248,0.2392,2290983
1977-09-28,1.8248,1.84,1.7893,1.8298,0.2399,2278653
1977-09-29,1.8298,1.8653,1.8248,1.8602,0.2439,1866818
1977-09-30,1.8602,1.8755,1.8602,1.8755,0.2459,1716388
1977-10-03,1.8755,1.8755,1.8552,1.8704,0.2452,2073968
1977-10-04,1.8704,1.8704,1.84,1.8552,0.2432,1245367
1977-10-05,1.84,1.84,1.8146,1.8248,0.2392,1649804
1977-10-06,1.8248,1.845,1.8248,1.84,0.2412,1778040
1977-10-07,1.84,1.8602,1.84,1.8501,0.2426,1228105
1977-10-10,1.8501,1.8552,1.84,1.8552,0.2432,705297
1977-10-11,1.8552,1.8552,1.8349,1.8349,0.2406,1023421
1977-10-12,1.8248,1.8248,1.8045,1.8045,0.2366,1538830
1977-10-13,1.8045,1.8146,1.7842,1.7893,0.2346,2776800
1977-10-14,1.7893,1.8096,1.7741,1.7944,0.2353,3282345
1977-10-17,1.7944,1.7994,1.7893,1.7994,0.2359,1704057
1977-10-18,1.7994,1.8146,1.7944,1.8096,0.2372,1901343
1977-10-19,1.8096,1.8197,1.8045,1.8096,0.2372,2996280
1977-10-20,1.8096,1.8248,1.7994,1.8197,0.2386,2769401
1977-10-21,1.8197,1.8298,1.8096,1.8248,0.2392,2039443
1977-10-24,1.8248,1.84,1.8197,1.8298,0.2399,1940800
1977-10-25,1.7842,1.7842,1.7386,1.7538,0.2341,7092429
1977-10-26,1.7538,1.7589,1.7234,1.7386,0.2321,1960529
1977-10-27,1.7386,1.7437,1.7132,1.7386,0.2321,1718854
1977-10-28,1.7386,1.7487,1.7335,1.7386,0.2321,2544989
1977-10-31,1.7386,1.7487,1.7335,1.7386,0.2321,2303313
1977-11-01,1.7386,1.7386,1.7234,1.7234,0.23,2406888
1977-11-02,1.7234,1.7285,1.7082,1.7183,0.2293,1992588
1977-11-03,1.7082,1.7082,1.698,1.7082,0.228,1706523
1977-11-04,1.7082,1.7285,1.7082,1.7183,0.2293,2720080
1977-11-07,1.7183,1.7437,1.7132,1.7386,0.2321,2096163
1977-11-08,1.7487,1.7944,1.7487,1.7791,0.2375,2115892
1977-11-09,1.7791,1.7842,1.7589,1.7791,0.2375,2843384
1977-11-10,1.7842,1.8349,1.7842,1.8248,0.2436,2318110
1977-11-11,1.8298,1.8501,1.8298,1.845,0.2463,2466074
1977-11-14,1.845,1.8602,1.8248,1.8298,0.2442,1274960
1977-11-15,1.8298,1.84,1.8248,1.8349,0.2449,2688021
1977-11-16,1.8349,1.84,1.8146,1.8197,0.2429,1605414
1977-11-17,1.8197,1.8197,1.7994,1.8045,0.2408,2325508
1977-11-18,1.8045,1.8096,1.7944,1.7944,0.2395,2108493
1977-11-21,1.7944,1.7944,1.7791,1.7893,0.2388,979031
1977-11-22,1.7893,1.8096,1.7842,1.8045,0.2408,2004918
1977-11-23,1.8045,1.8146,1.7944,1.8146,0.2422,1810098
1977-11-25,1.8045,1.8045,1.7842,1.7994,0.2402,1324282
1977-11-28,1.7994,1.7994,1.7639,1.7791,0.2375,2064104
1977-11-29,1.7741,1.7741,1.7234,1.7285,0.2307,2870510
1977-11-30,1.7285,1.7538,1.7183,1.7538,0.2341,2959289
1977-12-01,1.7538,1.7842,1.7487,1.7639,0.2354,2569649
1977-12-02,1.7639,1.7944,1.7639,1.7944,0.2395,1679397
1977-12-05,1.7944,1.8045,1.7842,1.7944,0.2395,1575821
1977-12-06,1.7842,1.7842,1.7437,1.7538,0.2341,3580740
1977-12-07,1.7538,1.7791,1.7487,1.7538,0.2341,4567169
1977-12-08,1.7538,1.7741,1.7538,1.7538,0.2341,2352635
1977-12-09,1.7538,1.7994,1.7538,1.7994,0.2402,1743514
1977-12-12,1.7994,1.8096,1.7893,1.8045,0.2408,1654736
1977-12-13,1.7994,1.7994,1.7741,1.7893,0.2388,1696659
1977-12-14,1.7893,1.7944,1.7589,1.7944,0.2395,2759537
1977-12-15,1.7944,1.7994,1.7791,1.7791,0.2375,1635007
1977-12-16,1.7791,1.7842,1.7589,1.7791,0.2375,3188634
1977-12-19,1.7791,1.7791,1.7639,1.7639,0.2354,2241661
1977-12-20,1.7639,1.7893,1.7538,1.7893,0.2388,1760777
1977-12-21,1.7893,1.8146,1.7842,1.7944,0.2395,2688021
1977-12-22,1.8045,1.8298,1.8045,1.8248,0.2436,3149177
1977-12-23,1.8248,1.84,1.8248,1.8349,0.2449,2128222
1977-12-27,1.8349,1.84,1.8248,1.84,0.2456,2340304
1977-12-28,1.84,1.845,1.8298,1.845,0.2463,2559785
1977-12-29,1.845,1.8552,1.8248,1.8501,0.2469,1785438
1977-12-30,1.8501,1.8552,1.845,1.8552,0.2476,1711456
1978-01-03,1.8501,1.8501,1.8096,1.8197,0.2429,1684329
1978-01-04,1.8096,1.8096,1.7944,1.8045,0.2408,2584446
1978-01-05,1.8045,1.8146,1.769,1.769,0.2361,3117118
1978-01-06,1.769,1.769,1.7487,1.7589,0.2348,3166439
1978-01-09,1.7437,1.7437,1.7183,1.7386,0.2321,4076421
1978-01-10,1.7386,1.7386,1.7132,1.7183,0.2293,3385920
1978-01-11,1.7183,1.7234,1.693,1.7082,0.228,2384694
1978-01-12,1.7082,1.7335,1.6524,1.6727,0.2233,3928456
1978-01-13,1.6778,1.698,1.6778,1.6778,0.2239,1644872
1978-01-16,1.6778,1.698,1.6778,1.693,0.226,1124530
1978-01-17,1.693,1.7335,1.693,1.7234,0.23,1400730
1978-01-18,1.7234,1.7639,1.7234,1.7639,0.2354,1191114
1978-01-19,1.7589,1.7589,1.7183,1.7234,0.23,1469780
1978-01-20,1.7183,1.7183,1.7031,1.7132,0.2287,387174
1978-01-23,1.6676,1.6676,1.6423,1.6423,0.2234,1965461
1978-01-24,1.6423,1.6575,1.6372,1.6423,0.2234,1408128
1978-01-25,1.6423,1.6474,1.622,1.6474,0.2241,1891479
1978-01-26,1.6626,1.6879,1.6626,1.6879,0.2296,3977778
1978-01-27,1.6879,1.7031,1.6727,1.693,0.2303,1960529
1978-01-30,1.693,1.7031,1.6778,1.7031,0.2317,1713922
1978-01-31,1.7031,1.7082,1.6778,1.698,0.231,2135620
1978-02-01,1.698,1.7031,1.6828,1.7031,0.2317,1435255
1978-02-02,1.7031,1.7031,1.6879,1.698,0.231,1188648
1978-02-03,1.698,1.698,1.6828,1.6879,0.2296,1477178
1978-02-06,1.6828,1.6828,1.6676,1.6727,0.2276,789144
1978-02-07,1.6727,1.698,1.6676,1.6879,0.2296,1265096
1978-02-08,1.7132,1.7285,1.7132,1.7234,0.2345,1684329
1978-02-09,1.7234,1.7335,1.7132,1.7335,0.2358,4520314
1978-02-10,1.7335,1.7437,1.7234,1.7234,0.2345,1193580
1978-02-13,1.7234,1.7285,1.7132,1.7285,0.2352,892719
1978-02-14,1.7234,1.7234,1.698,1.7031,0.2317,1953131
1978-02-15,1.7031,1.7082,1.6828,1.693,0.2303,1168919
1978-02-16,1.693,1.693,1.6676,1.6828,0.2289,1294689
1978-02-17,1.6879,1.7031,1.6879,1.698,0.231,1252766
1978-02-21,1.698,1.7082,1.6879,1.693,0.2303,1341544
1978-02-22,1.698,1.7132,1.698,1.7082,0.2324,1075208
1978-02-23,1.7082,1.7132,1.698,1.7031,0.2317,1741048
1978-02-24,1.7031,1.7183,1.7031,1.7132,0.2331,1491975
1978-02-27,1.7132,1.7183,1.7082,1.7082,0.2324,1504305
1978-02-28,1.7082,1.7386,1.698,1.7082,0.2324,1351409
1978-03-01,1.7082,1.7234,1.7031,1.7082,0.2324,5452490
1978-03-02,1.7132,1.7335,1.7132,1.7234,0.2345,1763243
1978-03-03,1.7335,1.769,1.7335,1.769,0.2407,1898877
1978-03-06,1.769,1.8045,1.7487,1.7589,0.2393,2352635
1978-03-07,1.7589,1.7842,1.7538,1.7842,0.2427,2478405
1978-03-08,1.7842,1.7893,1.769,1.7893,0.2434,1741048
1978-03-09,1.7893,1.7994,1.7842,1.7893,0.2434,2182476
1978-03-10,1.7893,1.8045,1.7791,1.7842,0.2427,3257684
1978-03-13,1.7893,1.7944,1.7893,1.7893,0.2434,2638699
1978-03-14,1.7893,1.7944,1.769,1.7842,0.2427,1911208
1978-03-15,1.7842,1.7944,1.7791,1.7842,0.2427,1866818
1978-03-16,1.7842,1.7994,1.7791,1.7994,0.2448,2241661
1978-03-17,1.7994,1.8096,1.7994,1.8096,0.2462,2007384
1978-03-20,1.8096,1.8298,1.8045,1.8197,0.2476,4179996
1978-03-21,1.8197,1.8248,1.7944,1.7994,0.2448,2727478
1978-03-22,1.7994,1.8197,1.7944,1.8197,0.2476,2638699
1978-03-23,1.8197,1.8197,1.8096,1.8096,0.2462,1704057
1978-03-27,1.8096,1.8248,1.8096,1.8248,0.2483,1926004
1978-03-28,1.8248,1.8349,1.8197,1.8349,0.2496,2954357
1978-03-29,1.8349,1.845,1.8298,1.84,0.2503,3462368
1978-03-30,1.84,1.845,1.8298,1.84,0.2503,2448812
1978-03-31,1.84,1.845,1.8349,1.845,0.251,2288517
1978-04-03,1.845,1.8552,1.8298,1.8349,0.2496,1326748
1978-04-04,1.8349,1.8501,1.8248,1.845,0.251,2853248
1978-04-05,1.845,1.8755,1.845,1.8653,0.2538,4451264
1978-04-06,1.8653,1.8907,1.8653,1.8856,0.2565,3943253
1978-04-07,1.8856,1.8856,1.8653,1.8755,0.2552,1654736
1978-04-10,1.8755,1.8856,1.8704,1.8856,0.2565,1674464
1978-04-11,1.8856,1.8907,1.8755,1.8907,0.2572,1644872
1978-04-12,1.8907,1.9059,1.8856,1.9059,0.2593,3469766
1978-04-13,1.9059,1.9413,1.9008,1.9261,0.262,5519074
1978-04-14,1.9413,1.9667,1.9413,1.9667,0.2676,4389612
1978-04-17,1.9768,2.0377,1.9768,1.9971,0.2717,6207109
1978-04-18,1.9971,2.0022,1.9515,1.9667,0.2676,4088751
1978-04-19,1.9667,1.992,1.9312,1.9616,0.2669,5089977
1978-04-20,1.9819,2.0022,1.9819,1.9971,0.2717,6118330
1978-04-21,1.9971,1.9971,1.9819,1.987,0.2703,3911194
1978-04-24,1.987,2.0326,1.9819,2.0326,0.2765,4234249
1978-04-25,2.0326,2.0427,1.9971,2.0072,0.2781,6902542
1978-04-26,2.0174,2.0579,2.0174,2.0478,0.2837,7085031
1978-04-27,2.0478,2.0579,2.0174,2.0326,0.2816,5220679
1978-04-28,2.0326,2.0731,2.0123,2.0731,0.2872,5533871
1978-05-01,2.0731,2.1035,2.0681,2.0883,0.2893,5864325
1978-05-02,2.0833,2.0833,2.0529,2.0579,0.2851,3159041
1978-05-03,2.0579,2.0782,2.0123,2.0224,0.2802,5390838
1978-05-04,2.0224,2.0275,1.9768,2.0174,0.2795,5662106
1978-05-05,2.0174,2.0377,2.0072,2.0275,0.2809,3294675
1978-05-08,2.0275,2.0529,2.0174,2.0224,0.2802,2643632
1978-05-09,2.0174,2.0174,1.9819,1.992,0.276,1928470
1978-05-10,2.0072,2.0377,2.0072,2.0174,0.2795,3797754
1978-05-11,2.0174,2.0326,2.0123,2.0224,0.2802,1884081
1978-05-12,2.0427,2.0579,2.0427,2.0478,0.2837,2562251
1978-05-15,2.0478,2.063,2.0427,2.0529,0.2844,2241661
1978-05-16,2.0529,2.063,2.0478,2.0529,0.2844,2426617
1978-05-17,2.0478,2.0478,2.0326,2.0478,0.2837,2325508
1978-05-18,2.0478,2.0478,2.0326,2.0377,0.2823,2152883
1978-05-19,2.0275,2.0275,1.9819,2.0022,0.2774,2636233
1978-05-22,2.0022,2.0022,1.9819,2.0022,0.2774,2480871
1978-05-23,2.0022,2.0072,1.992,1.9971,0.2767,2811325
1978-05-24,1.9971,1.9971,1.9768,1.9971,0.2767,1578288
1978-05-25,1.9971,1.9971,1.9819,1.987,0.2753,1060412
1978-05-26,1.987,2.0174,1.9718,1.9768,0.2739,1114666
1978-05-30,1.9768,1.9819,1.9667,1.9819,0.2746,1136860
1978-05-31,1.9819,2.0174,1.9718,2.0072,0.2781,1790370
1978-06-01,2.0072,2.0123,1.987,1.9971,0.2767,2641165
1978-06-02,1.9971,2.0022,1.9819,1.987,0.2753,3168905
1978-06-05,2.0022,2.0224,2.0022,2.0224,0.2802,3341531
1978-06-06,2.0224,2.063,2.0174,2.0224,0.2802,4826107
1978-06-07,2.0224,2.0326,2.0174,2.0275,0.2809,1864352
1978-06-08,2.0275,2.0275,2.0022,2.0022,0.2774,3097389
1978-06-09,2.0022,2.0072,1.992,1.992,0.276,2392092
1978-06-12,1.992,1.9971,1.9819,1.9819,0.2746,2241661
1978-06-13,1.9718,1.9718,1.9363,1.9515,0.2704,3035737
1978-06-14,1.9515,1.9667,1.8755,1.8856,0.2612,8503024
1978-06-15,1.8856,1.9059,1.8501,1.8552,0.257,4397010
1978-06-16,1.8552,1.8805,1.8552,1.8704,0.2591,3385920
1978-06-19,1.8755,1.9059,1.8755,1.9059,0.264,2914900
1978-06-20,1.9059,1.9059,1.8856,1.9008,0.2633,1679397
1978-06-21,1.8907,1.8907,1.8704,1.8755,0.2598,2036977
1978-06-22,1.8856,1.9059,1.8856,1.9059,0.264,1659668
1978-06-23,1.9059,1.9211,1.8957,1.8957,0.2626,1886547
1978-06-26,1.8957,1.916,1.8907,1.8907,0.2619,2133154
1978-06-27,1.8907,1.9109,1.8907,1.9059,0.264,1807632
1978-06-28,1.9059,1.916,1.8907,1.9059,0.264,2340304
1978-06-29,1.9059,1.9109,1.8856,1.9008,0.2633,1824895
1978-06-30,1.9008,1.9008,1.8907,1.8907,0.2619,1526500
1978-07-03,1.8907,1.9059,1.8856,1.8907,0.2619,717628
1978-07-05,1.8805,1.8805,1.8501,1.8602,0.2577,1289757
1978-07-06,1.8602,1.8653,1.84,1.8653,0.2584,1625143
1978-07-07,1.8653,1.9008,1.8653,1.8907,0.2619,1447586
1978-07-10,1.8907,1.8907,1.8755,1.8856,0.2612,1482111
1978-07-11,1.8856,1.8957,1.8755,1.8805,0.2605,1852022
1978-07-12,1.8805,1.916,1.8805,1.916,0.2654,2544989
1978-07-13,1.9059,1.9059,1.8805,1.8957,0.2626,808872
1978-07-14,1.8957,1.9109,1.8907,1.9008,0.2633,877922
1978-07-17,1.9008,1.9059,1.8856,1.8957,0.2626,2404422
1978-07-18,1.8856,1.8856,1.8552,1.8602,0.2577,1805166
1978-07-19,1.8602,1.8805,1.8552,1.8755,0.2598,1600482
1978-07-20,1.8755,1.8856,1.8552,1.8552,0.257,1324282
1978-07-21,1.8552,1.8602,1.8349,1.84,0.2549,1708989
1978-07-24,1.84,1.8501,1.8096,1.8501,0.2563,3020941
1978-07-25,1.8146,1.8146,1.7994,1.8146,0.2565,1578288
1978-07-26,1.8146,1.8298,1.8096,1.8197,0.2572,1923538
1978-07-27,1.8197,1.8653,1.8096,1.8552,0.2622,3662120
1978-07-28,1.845,1.845,1.8146,1.8298,0.2586,2547455
1978-07-31,1.8298,1.8349,1.8248,1.8349,0.2593,2377296
1978-08-01,1.8349,1.845,1.8248,1.8349,0.2593,2473472
1978-08-02,1.8349,1.9109,1.8349,1.9109,0.2701,2798994
1978-08-03,1.9515,1.9819,1.9515,1.9566,0.2765,4806379
1978-08-04,1.9515,1.9515,1.9312,1.9413,0.2744,3050534
1978-08-07,1.9413,1.9464,1.9109,1.9211,0.2715,1319350
1978-08-08,1.9109,1.9109,1.8957,1.9008,0.2686,1292223
1978-08-09,1.9008,1.9059,1.8856,1.8856,0.2665,4761989
1978-08-10,1.8856,1.8957,1.8653,1.8704,0.2643,2382228
1978-08-11,1.8704,1.8957,1.8552,1.8856,0.2665,2722546
1978-08-14,1.8856,1.8907,1.8704,1.8755,0.265,1112199
1978-08-15,1.8755,1.8805,1.8653,1.8755,0.265,1311951
1978-08-16,1.8755,1.8856,1.8552,1.8602,0.2629,3630061
1978-08-17,1.8602,1.8704,1.845,1.8552,0.2622,3514156
1978-08-18,1.8552,1.8907,1.845,1.8501,0.2615,2281119
1978-08-21,1.8501,1.8552,1.8349,1.845,0.2607,1827361
1978-08-22,1.845,1.845,1.8298,1.845,0.2607,2443880
1978-08-23,1.845,1.8602,1.8349,1.8602,0.2629,1551161
1978-08-24,1.8602,1.8602,1.8501,1.8501,0.2615,1901343
1978-08-25,1.8501,1.8552,1.84,1.8501,0.2615,1136860
1978-08-28,1.8501,1.8501,1.8349,1.84,0.26,1472246
1978-08-29,1.8248,1.8248,1.7589,1.7842,0.2522,5082579
1978-08-30,1.7842,1.7944,1.769,1.7842,0.2522,4591830
1978-08-31,1.7842,1.7944,1.7639,1.7842,0.2522,2414287
1978-09-01,1.7842,1.7994,1.7842,1.7994,0.2543,2246594
1978-09-05,1.8045,1.8248,1.8045,1.8146,0.2565,3477165
1978-09-06,1.8248,1.8501,1.8248,1.8298,0.2586,2919832
1978-09-07,1.84,1.8552,1.84,1.8501,0.2615,4525246
1978-09-08,1.8501,1.8755,1.84,1.8653,0.2636,5679369
1978-09-11,1.8755,1.8907,1.8755,1.8805,0.2658,4909954
1978-09-12,1.8805,1.8805,1.8602,1.8653,0.2636,2251526
1978-09-13,1.8653,1.8704,1.8501,1.8602,0.2629,4803913
1978-09-14,1.8602,1.8602,1.8298,1.84,0.26,3149177
1978-09-15,1.84,1.84,1.8197,1.8298,0.2586,2475939
1978-09-18,1.8298,1.8501,1.8146,1.8146,0.2565,1886547
1978-09-19,1.8146,1.8248,1.8096,1.8096,0.2557,2877909
1978-09-20,1.8096,1.8248,1.8045,1.8096,0.2557,2789130
1978-09-21,1.8096,1.8197,1.7994,1.8045,0.255,2288517
1978-09-22,1.8096,1.8248,1.8096,1.8248,0.2579,2813791
1978-09-25,1.8248,1.84,1.8096,1.84,0.26,1565957
1978-09-26,1.84,1.84,1.8248,1.84,0.26,1565957
1978-09-27,1.84,1.84,1.8248,1.8298,0.2586,1696659
1978-09-28,1.8298,1.845,1.8146,1.84,0.26,1575821
1978-09-29,1.84,1.8552,1.8248,1.845,0.2607,5294661
1978-10-02,1.845,1.845,1.8248,1.8349,0.2593,843397
1978-10-03,1.8349,1.8501,1.7994,1.7994,0.2543,2231797
1978-10-04,1.7994,1.8197,1.7944,1.8197,0.2572,1615279
1978-10-05,1.8197,1.8298,1.8146,1.8248,0.2579,2115892
1978-10-06,1.8248,1.8349,1.8248,1.8298,0.2586,1129462
1978-10-09,1.8298,1.84,1.8298,1.84,0.26,1753379
1978-10-10,1.84,1.845,1.8298,1.8298,0.2586,1864352
1978-10-11,1.8298,1.845,1.8298,1.845,0.2607,3884067
1978-10-12,1.845,1.8704,1.8349,1.8552,0.2622,2478405
1978-10-13,1.8552,1.8602,1.84,1.845,0.2607,1637473
1978-10-16,1.845,1.8552,1.84,1.845,0.2607,2369897
1978-10-17,1.845,1.845,1.8096,1.8298,0.2586,3003678
1978-10-18,1.8298,1.8349,1.8146,1.8197,0.2572,1541296
1978-10-19,1.8197,1.8248,1.7994,1.7994,0.2543,2695419
1978-10-20,1.7994,1.8096,1.7741,1.7893,0.2529,1918606
1978-10-23,1.7893,1.7893,1.7639,1.7842,0.2522,2219467
1978-10-24,1.7842,1.7893,1.7639,1.769,0.25,4369884
1978-10-25,1.7487,1.7487,1.7234,1.7335,0.2501,1738582
1978-10-26,1.7335,1.7437,1.6879,1.7082,0.2465,4244114
1978-10-27,1.7082,1.7234,1.6575,1.6626,0.2399,2946959
1978-10-30,1.6626,1.6626,1.6068,1.6575,0.2392,5156561
1978-10-31,1.6575,1.6778,1.622,1.622,0.2341,5827333
1978-11-01,1.6626,1.7031,1.6626,1.698,0.245,3617731
1978-11-02,1.698,1.7031,1.6676,1.6828,0.2428,3161507
1978-11-03,1.6828,1.6828,1.6423,1.6524,0.2384,5196018
1978-11-06,1.6423,1.6423,1.6321,1.6321,0.2355,1373603
1978-11-07,1.622,1.622,1.6068,1.6169,0.2333,5528938
1978-11-08,1.6169,1.6169,1.5967,1.6169,0.2333,4776786
1978-11-09,1.6169,1.6321,1.6119,1.6169,0.2333,4204657
1978-11-10,1.6169,1.6321,1.6119,1.622,0.2341,3186168
1978-11-13,1.622,1.6271,1.5815,1.5815,0.2282,4308232
1978-11-14,1.5815,1.6271,1.5815,1.6271,0.2348,2722546
1978-11-15,1.6372,1.6524,1.6372,1.6372,0.2363,1593084
1978-11-16,1.6474,1.6676,1.6474,1.6676,0.2406,2330440
1978-11-17,1.6676,1.6828,1.6676,1.6828,0.2428,2239195
1978-11-20,1.6828,1.698,1.6828,1.6879,0.2436,2138086
1978-11-21,1.6778,1.6778,1.6676,1.6727,0.2414,2187408
1978-11-22,1.6727,1.6727,1.6524,1.6626,0.2399,2027113
1978-11-24,1.6626,1.6626,1.6474,1.6474,0.2377,1003692
1978-11-27,1.6575,1.6778,1.6575,1.6778,0.2421,2128222
1978-11-28,1.6676,1.6676,1.6524,1.6575,0.2392,2039443
1978-11-29,1.6524,1.6524,1.6321,1.6423,0.237,2347703
1978-11-30,1.6423,1.6676,1.6321,1.6676,0.2406,1938334
1978-12-01,1.6676,1.6727,1.6423,1.6575,0.2392,4345223
1978-12-04,1.6575,1.6778,1.6575,1.6727,0.2414,3351395
1978-12-05,1.6727,1.693,1.6676,1.6778,0.2421,2826121
1978-12-06,1.6778,1.7031,1.6778,1.693,0.2443,2461142
1978-12-07,1.6879,1.6879,1.6626,1.6727,0.2414,3178770
1978-12-08,1.6727,1.6778,1.6626,1.6676,0.2406,3807619
1978-12-11,1.6676,1.7031,1.6626,1.693,0.2443,2510464
1978-12-12,1.698,1.7082,1.698,1.698,0.245,1832293
1978-12-13,1.698,1.7031,1.6626,1.6626,0.2399,2184942
1978-12-14,1.6626,1.6676,1.6474,1.6626,0.2399,2197272
1978-12-15,1.6626,1.6727,1.6524,1.6626,0.2399,1521568
1978-12-18,1.6474,1.6474,1.622,1.6321,0.2355,5602921
1978-12-19,1.6321,1.6321,1.6119,1.622,0.2341,4041896
1978-12-20,1.622,1.622,1.6068,1.6169,0.2333,4143005
1978-12-21,1.6169,1.622,1.6119,1.6169,0.2333,4059158
1978-12-22,1.6169,1.6575,1.6119,1.6575,0.2392,3025873
1978-12-26,1.6575,1.693,1.6575,1.693,0.2443,2397024
1978-12-27,1.693,1.693,1.6778,1.693,0.2443,1871750
1978-12-28,1.693,1.7082,1.6676,1.693,0.2443,2833519
1978-12-29,1.693,1.7132,1.6879,1.7082,0.2465,2675691
1979-01-02,1.7082,1.7183,1.693,1.7183,0.248,1822429
1979-01-03,1.7234,1.7437,1.7234,1.7437,0.2516,1561025
1979-01-04,1.7437,1.7791,1.7437,1.7639,0.2545,1639939
1979-01-05,1.7639,1.7791,1.7538,1.7741,0.256,1758311
1979-01-08,1.7741,1.7842,1.7639,1.7842,0.2575,1844624
1979-01-09,1.7842,1.8248,1.7842,1.8146,0.2619,1694193
1979-01-10,1.8146,1.8197,1.8045,1.8096,0.2611,2029579
1979-01-11,1.8096,1.8096,1.7944,1.7994,0.2597,3240422
1979-01-12,1.7994,1.8146,1.7741,1.7944,0.2589,3191100
1979-01-15,1.7842,1.7842,1.7639,1.7741,0.256,3080127
1979-01-16,1.7639,1.7639,1.7437,1.7437,0.2516,2145485
1979-01-17,1.7386,1.7386,1.7183,1.7386,0.2509,1558559
1979-01-18,1.7386,1.7386,1.7234,1.7335,0.2501,1684329
1979-01-19,1.7335,1.7386,1.7183,1.7335,0.2501,1605414
1979-01-22,1.7234,1.7234,1.7031,1.7082,0.2465,2290983
1979-01-23,1.7082,1.7183,1.698,1.7132,0.2472,4170132
1979-01-24,1.698,1.698,1.6474,1.6474,0.2429,2858180
1979-01-25,1.6474,1.6575,1.6423,1.6524,0.2436,2988882
1979-01-26,1.6524,1.6676,1.6474,1.6676,0.2459,6236702
1979-01-29,1.6676,1.6676,1.6575,1.6676,0.2459,3262616
1979-01-30,1.6676,1.6727,1.6575,1.6727,0.2466,1395798
1979-01-31,1.6727,1.6727,1.6524,1.6575,0.2444,2360033
1979-02-01,1.6575,1.6676,1.6524,1.6676,0.2459,1943266
1979-02-02,1.6676,1.6676,1.6575,1.6626,0.2451,3425377
1979-02-05,1.6575,1.6575,1.6423,1.6423,0.2421,2355101
1979-02-06,1.6423,1.6524,1.6423,1.6524,0.2436,1812565
1979-02-07,1.6524,1.6524,1.6321,1.6423,0.2421,1854488
1979-02-08,1.6423,1.6575,1.6372,1.6575,0.2444,1292223
1979-02-09,1.6524,1.6524,1.6372,1.6423,0.2421,2707749
1979-02-12,1.6423,1.6575,1.622,1.6524,0.2436,5415499
1979-02-13,1.6524,1.6575,1.6474,1.6575,0.2444,2406888
1979-02-14,1.6575,1.6676,1.6524,1.6626,0.2451,2609107
1979-02-15,1.6626,1.698,1.6524,1.6676,0.2459,1122064
1979-02-16,1.6676,1.6778,1.6575,1.6676,0.2459,1437721
1979-02-20,1.6676,1.6879,1.6626,1.6879,0.2489,1247834
1979-02-21,1.6879,1.698,1.6828,1.6828,0.2481,1415527
1979-02-22,1.6778,1.6778,1.6372,1.6474,0.2429,2416753
1979-02-23,1.6423,1.6423,1.6321,1.6423,0.2421,2796528
1979-02-26,1.6372,1.6372,1.6271,1.6321,0.2406,1368671
1979-02-27,1.6321,1.6372,1.6169,1.6271,0.2399,1879149
1979-02-28,1.6271,1.6727,1.622,1.6676,0.2459,1528966
1979-03-01,1.6727,1.7031,1.6727,1.693,0.2496,7186140
1979-03-02,1.693,1.693,1.6626,1.6879,0.2489,2110960
1979-03-05,1.6879,1.698,1.6778,1.6879,0.2489,1593084
1979-03-06,1.6879,1.698,1.6879,1.693,0.2496,2073968
1979-03-07,1.693,1.7285,1.693,1.7031,0.2511,3928456
1979-03-08,1.7082,1.7234,1.7082,1.7183,0.2534,1302087
1979-03-09,1.7285,1.7386,1.7285,1.7335,0.2556,1568423
1979-03-12,1.7335,1.7741,1.7285,1.769,0.2608,2865578
1979-03-13,1.769,1.7741,1.7437,1.769,0.2608,3654722
1979-03-14,1.769,1.769,1.7487,1.7538,0.2586,1930936
1979-03-15,1.7538,1.7639,1.7538,1.7538,0.2586,2249060
1979-03-16,1.7538,1.7791,1.7437,1.7538,0.2586,3102321
1979-03-19,1.7589,1.7791,1.7589,1.769,0.2608,3533884
1979-03-20,1.769,1.7741,1.7639,1.769,0.2608,2591844
1979-03-21,1.769,1.7842,1.7639,1.7842,0.2631,2426617
1979-03-22,1.7842,1.7842,1.769,1.7791,0.2623,2747207
1979-03-23,1.7791,1.7791,1.769,1.769,0.2608,2170145
1979-03-26,1.769,1.7741,1.7538,1.7639,0.2601,2034511
1979-03-27,1.7639,1.7893,1.7589,1.7791,0.2623,3521554
1979-03-28,1.7791,1.7994,1.7791,1.7842,0.2631,2557319
1979-03-29,1.7791,1.7791,1.7589,1.7741,0.2616,3198498
1979-03-30,1.7741,1.7791,1.769,1.7791,0.2623,1881615
1979-04-02,1.7741,1.7741,1.7589,1.7741,0.2616,1750913
1979-04-03,1.7741,1.7791,1.769,1.7791,0.2623,2231797
1979-04-04,1.7791,1.7944,1.7741,1.7944,0.2646,4170132
1979-04-05,1.7893,1.7893,1.7741,1.7842,0.2631,1689261
1979-04-06,1.7842,1.7842,1.7639,1.7741,0.2616,1240435
1979-04-09,1.7741,1.7791,1.7639,1.7791,0.2623,1336612
1979-04-10,1.7791,1.7842,1.769,1.7791,0.2623,2258924
1979-04-11,1.7791,1.7842,1.7639,1.769,0.2608,2434015
1979-04-12,1.769,1.8146,1.769,1.8096,0.2668,4155335
1979-04-16,1.8096,1.8146,1.7994,1.8096,0.2668,1620211
1979-04-17,1.8096,1.8146,1.7994,1.8045,0.2661,2426617
1979-04-18,1.8146,1.8349,1.8146,1.8298,0.2698,2337838
1979-04-19,1.8298,1.84,1.8146,1.8248,0.269,1903809
1979-04-20,1.8248,1.8298,1.8146,1.8197,0.2683,1344010
1979-04-23,1.8197,1.8298,1.8146,1.8248,0.269,1437721
1979-04-24,1.8248,1.84,1.8197,1.8349,0.2705,2180010
1979-04-25,1.8349,1.8349,1.8197,1.8298,0.2698,1889013
1979-04-26,1.7994,1.7994,1.7791,1.7994,0.2713,4902556
1979-04-27,1.7994,1.8197,1.7791,1.8096,0.2729,3457436
1979-04-30,1.8096,1.8096,1.7994,1.8096,0.2729,1082607
1979-05-01,1.8096,1.8197,1.7893,1.8045,0.2721,1896411
1979-05-02,1.7994,1.7994,1.7639,1.7741,0.2675,2115892
1979-05-03,1.769,1.769,1.7589,1.7639,0.266,1711456
1979-05-04,1.7639,1.7639,1.7487,1.7487,0.2637,1445119
1979-05-07,1.7437,1.7437,1.7132,1.7183,0.2591,2273720
1979-05-08,1.7082,1.7082,1.6879,1.7031,0.2568,2446346
1979-05-09,1.7031,1.7538,1.7031,1.7538,0.2644,1832293
1979-05-10,1.7487,1.7487,1.7335,1.7386,0.2622,1287291
1979-05-11,1.7386,1.7791,1.7285,1.7437,0.2629,865592
1979-05-14,1.7437,1.7437,1.7234,1.7234,0.2599,1731184
1979-05-15,1.7234,1.7386,1.7234,1.7386,0.2622,1745981
1979-05-16,1.7386,1.7386,1.7234,1.7285,0.2606,1255232
1979-05-17,1.7285,1.7589,1.7285,1.7589,0.2652,2103561
1979-05-18,1.7589,1.7639,1.7437,1.7538,0.2644,1353875
1979-05-21,1.7538,1.7791,1.7437,1.7741,0.2675,2594310
1979-05-22,1.769,1.769,1.7538,1.7538,0.2644,2298381
1979-05-23,1.7538,1.769,1.7183,1.7183,0.2591,2651030
1979-05-24,1.7183,1.7234,1.6828,1.698,0.256,3921058
1979-05-25,1.698,1.7335,1.698,1.7234,0.2599,993828
1979-05-29,1.7234,1.7234,1.7082,1.7082,0.2576,1299621
1979-05-30,1.7082,1.7132,1.7031,1.7031,0.2568,2059172
1979-05-31,1.7031,1.7234,1.698,1.7234,0.2599,1378535
1979-06-01,1.7234,1.7386,1.7132,1.7183,0.2591,4281105
1979-06-04,1.7183,1.7285,1.7183,1.7234,0.2599,1745981
1979-06-05,1.7234,1.7487,1.7183,1.7285,0.2606,2310712
1979-06-06,1.7285,1.7487,1.7234,1.7335,0.2614,3129448
1979-06-07,1.7386,1.7639,1.7386,1.7487,0.2637,1842157
1979-06-08,1.7487,1.769,1.7437,1.7487,0.2637,2096163
1979-06-11,1.7487,1.7589,1.7487,1.7589,0.2652,1795302
1979-06-12,1.7589,1.769,1.7589,1.7639,0.266,2690487
1979-06-13,1.7639,1.7791,1.7538,1.7639,0.266,2828587
1979-06-14,1.7639,1.7791,1.7437,1.769,0.2667,3107254
1979-06-15,1.769,1.7791,1.7639,1.7741,0.2675,2394558
1979-06-18,1.7639,1.7639,1.7538,1.7639,0.266,1839691
1979-06-19,1.7639,1.7791,1.7487,1.7639,0.266,1713922
1979-06-20,1.7639,1.7842,1.7538,1.7842,0.269,1842157
1979-06-21,1.7842,1.7842,1.7639,1.7741,0.2675,1807632
1979-06-22,1.7741,1.7893,1.7741,1.7741,0.2675,1834759
1979-06-25,1.7741,1.7791,1.7639,1.7791,0.2683,2027113
1979-06-26,1.7791,1.7842,1.7639,1.7741,0.2675,1684329
1979-06-27,1.7741,1.7791,1.7589,1.769,0.2667,1975325
1979-06-28,1.7639,1.7639,1.7487,1.7538,0.2644,3928456
1979-06-29,1.7437,1.7437,1.7183,1.7285,0.2606,4103548
1979-07-02,1.7234,1.7234,1.693,1.7132,0.2583,4367417
1979-07-03,1.7132,1.7234,1.7031,1.7082,0.2576,1484577
1979-07-05,1.7031,1.7031,1.693,1.693,0.2553,1787904
1979-07-06,1.693,1.698,1.6828,1.698,0.256,2648564
1979-07-09,1.698,1.7082,1.693,1.7031,0.2568,2332906
1979-07-10,1.7031,1.7031,1.693,1.698,0.256,1711456
1979-07-11,1.698,1.698,1.6828,1.693,0.2553,1595550
1979-07-12,1.693,1.698,1.6727,1.6727,0.2522,1494441
1979-07-13,1.6727,1.6778,1.6626,1.6626,0.2507,2029579
1979-07-16,1.6626,1.693,1.6524,1.6626,0.2507,1627609
1979-07-17,1.6626,1.6727,1.6524,1.6575,0.2499,2226865
1979-07-18,1.6575,1.6727,1.6524,1.6676,0.2515,4332892
1979-07-19,1.6676,1.6828,1.6626,1.6828,0.2537,1669532
1979-07-20,1.6828,1.698,1.6778,1.698,0.256,969167
1979-07-23,1.698,1.7183,1.6879,1.7183,0.2591,1072742
1979-07-24,1.7183,1.7234,1.7031,1.7132,0.2583,1198512
1979-07-25,1.7132,1.7589,1.7132,1.7589,0.2652,1721320
1979-07-26,1.7589,1.7741,1.7335,1.7437,0.2629,2446346
1979-07-27,1.7082,1.7082,1.6879,1.698,0.2621,2638699
1979-07-30,1.698,1.698,1.6778,1.6828,0.2598,1336612
1979-07-31,1.6828,1.7031,1.6828,1.7031,0.2629,2342771
1979-08-01,1.7031,1.7132,1.6828,1.693,0.2613,2059172
1979-08-02,1.693,1.7031,1.6879,1.6879,0.2606,1694193
1979-08-03,1.6879,1.693,1.6778,1.693,0.2613,1008624
1979-08-06,1.693,1.7132,1.6879,1.7082,0.2637,1812565
1979-08-07,1.7082,1.7234,1.7082,1.7132,0.2645,1366205
1979-08-08,1.7234,1.7335,1.7234,1.7335,0.2676,1876682
1979-08-09,1.7335,1.7335,1.7183,1.7335,0.2676,1356341
1979-08-10,1.7335,1.7589,1.7183,1.7538,0.2707,2441413
1979-08-13,1.7538,1.7639,1.7335,1.7386,0.2684,2826121
1979-08-14,1.7386,1.7386,1.698,1.7082,0.2637,3230557
1979-08-15,1.7082,1.7234,1.698,1.7183,0.2653,2631301
1979-08-16,1.7183,1.7487,1.6879,1.698,0.2621,2877909
1979-08-17,1.6879,1.6879,1.6727,1.6828,0.2598,4574568
1979-08-20,1.6828,1.6879,1.6727,1.6778,0.259,1489509
1979-08-21,1.6778,1.7285,1.6778,1.693,0.2613,2337838
1979-08-22,1.693,1.698,1.6879,1.693,0.2613,1583220
1979-08-23,1.693,1.7335,1.6879,1.693,0.2613,1346477
1979-08-24,1.693,1.7031,1.6828,1.7031,0.2629,1346477
1979-08-27,1.7031,1.7234,1.7031,1.7234,0.266,3373590
1979-08-28,1.7234,1.7386,1.7234,1.7285,0.2668,2909968
1979-08-29,1.7285,1.7386,1.7285,1.7335,0.2676,1346477
1979-08-30,1.7335,1.7386,1.7234,1.7335,0.2676,2202204
1979-08-31,1.7335,1.7538,1.7335,1.7487,0.27,1450052
1979-09-04,1.7538,1.7741,1.7538,1.7538,0.2707,3279879
1979-09-05,1.7538,1.7538,1.7335,1.7538,0.2707,4182462
1979-09-06,1.7538,1.7589,1.7386,1.7437,0.2692,2330440
1979-09-07,1.7437,1.7791,1.7335,1.7741,0.2739,2318110
1979-09-10,1.7639,1.7639,1.7487,1.7487,0.27,1405662
1979-09-11,1.7487,1.7639,1.7487,1.7538,0.2707,2798994
1979-09-12,1.7589,1.7791,1.7589,1.769,0.2731,3196032
1979-09-13,1.769,1.7741,1.7639,1.7639,0.2723,1913674
1979-09-14,1.7639,1.7842,1.7639,1.7842,0.2754,5235476
1979-09-17,1.7842,1.7944,1.7791,1.7791,0.2747,3625129
1979-09-18,1.7791,1.7842,1.7639,1.7639,0.2723,4219453
1979-09-19,1.7639,1.7639,1.7437,1.7487,0.27,4224385
1979-09-20,1.7437,1.7437,1.7234,1.7437,0.2692,3896397
1979-09-21,1.7487,1.7944,1.7487,1.7791,0.2747,5052986
1979-09-24,1.7791,1.7893,1.7791,1.7842,0.2754,3605401
1979-09-25,1.7842,1.7893,1.769,1.7842,0.2754,3087525
1979-09-26,1.7842,1.7994,1.7589,1.7944,0.277,2581980
1979-09-27,1.7893,1.7893,1.7538,1.7538,0.2707,2054240
1979-09-28,1.7741,1.7944,1.7741,1.7741,0.2739,3122050
1979-10-01,1.7487,1.7487,1.7132,1.7234,0.266,3627595
1979-10-02,1.7234,1.7335,1.7031,1.7234,0.266,3940787
1979-10-03,1.7183,1.7183,1.7082,1.7082,0.2637,2165213
1979-10-04,1.7082,1.7132,1.7031,1.7082,0.2637,1817497
1979-10-05,1.7082,1.7589,1.7082,1.7234,0.266,3413047
1979-10-08,1.7234,1.7234,1.6879,1.693,0.2613,3817483
1979-10-09,1.6879,1.6879,1.6626,1.6828,0.2598,3343997
1979-10-10,1.6828,1.6828,1.6321,1.6626,0.2567,4431535
1979-10-11,1.6626,1.6727,1.6423,1.6575,0.2559,2964221
1979-10-12,1.6575,1.6727,1.6321,1.6423,0.2535,2885307
1979-10-15,1.6372,1.6372,1.6068,1.6169,0.2496,3667052
1979-10-16,1.6169,1.6423,1.5865,1.5916,0.2457,6424123
1979-10-17,1.5916,1.622,1.5713,1.5815,0.2441,3745967
1979-10-18,1.5815,1.5815,1.5612,1.5612,0.241,3637459
1979-10-19,1.5612,1.5663,1.551,1.5561,0.2402,4150403
1979-10-22,1.5409,1.5409,1.4801,1.5054,0.2324,2584446
1979-10-23,1.5054,1.5206,1.4953,1.5054,0.2324,2384694
1979-10-24,1.5054,1.5358,1.5054,1.5257,0.2355,3092457
1979-10-25,1.5308,1.551,1.5308,1.5308,0.2363,2697885
1979-10-26,1.5156,1.5156,1.475,1.5105,0.2395,2392092
1979-10-29,1.5105,1.5105,1.4902,1.4902,0.2363,2981484
1979-10-30,1.4953,1.5206,1.4953,1.5206,0.2411,2798994
1979-10-31,1.5206,1.5257,1.4953,1.4953,0.2371,1913674
1979-11-01,1.4953,1.5105,1.4801,1.5105,0.2395,2414287
1979-11-02,1.5054,1.5054,1.4801,1.4852,0.2355,1573355
1979-11-05,1.4852,1.4852,1.4649,1.4699,0.2331,1331680
1979-11-06,1.4699,1.475,1.4649,1.4649,0.2323,1321816
1979-11-07,1.4649,1.4801,1.4598,1.4699,0.2331,1876682
1979-11-08,1.4699,1.4852,1.4598,1.4699,0.2331,1610346
1979-11-09,1.4699,1.4852,1.4699,1.475,0.2339,1881615
1979-11-12,1.475,1.4852,1.475,1.4801,0.2347,976565
1979-11-13,1.4852,1.4953,1.4852,1.4902,0.2363,2362499
1979-11-14,1.4902,1.5105,1.4902,1.5054,0.2387,1854488
1979-11-15,1.4852,1.4852,1.4547,1.4547,0.2307,2562251
1979-11-16,1.4446,1.4446,1.399,1.4041,0.2226,5200951
1979-11-19,1.3787,1.3787,1.3027,1.328,0.2106,5940773
1979-11-20,1.323,1.323,1.2013,1.2317,0.1953,11740979
1979-11-21,1.2317,1.2723,1.1912,1.252,0.1985,26574416
1979-11-23,1.252,1.2571,1.2419,1.2469,0.1977,5992560
1979-11-26,1.252,1.2621,1.2368,1.2419,0.1969,7420417
1979-11-27,1.2419,1.2469,1.2266,1.2368,0.1961,8142977
1979-11-28,1.2368,1.252,1.2317,1.2469,0.1977,3048068
1979-11-29,1.2469,1.2571,1.2368,1.2469,0.1977,3400716
1979-11-30,1.2469,1.252,1.2317,1.2419,0.1969,3395784
1979-12-03,1.2419,1.252,1.2419,1.2469,0.1977,6530165
1979-12-04,1.252,1.2875,1.252,1.2621,0.2001,4503052
1979-12-05,1.2621,1.2824,1.2621,1.2723,0.2017,3817483
1979-12-06,1.2723,1.2976,1.2723,1.2925,0.205,3918592
1979-12-07,1.2925,1.323,1.2925,1.3077,0.2074,4404409
1979-12-10,1.3128,1.3635,1.3128,1.3584,0.2154,3511690
1979-12-11,1.3736,1.3888,1.3736,1.3838,0.2194,4162733
1979-12-12,1.3838,1.3888,1.3736,1.3787,0.2186,4979004
1979-12-13,1.3736,1.3736,1.323,1.323,0.2098,2779266
1979-12-14,1.323,1.3635,1.323,1.3635,0.2162,4510450
1979-12-17,1.3534,1.3534,1.3331,1.3382,0.2122,3615265
1979-12-18,1.3382,1.3534,1.328,1.3534,0.2146,4036964
1979-12-19,1.3483,1.3483,1.328,1.3331,0.2114,4032031
1979-12-20,1.3331,1.3331,1.3077,1.3128,0.2082,3489495
1979-12-21,1.3128,1.3128,1.3027,1.3077,0.2074,3585672
1979-12-24,1.3128,1.3331,1.3128,1.328,0.2106,2697885
1979-12-26,1.328,1.3331,1.323,1.328,0.2106,3168905
1979-12-27,1.328,1.3331,1.2976,1.3077,0.2074,5526472
1979-12-28,1.3077,1.3128,1.2875,1.3027,0.2066,5057918
1979-12-31,1.3027,1.3077,1.2621,1.2976,0.2058,3916126
1980-01-02,1.2976,1.328,1.2875,1.2875,0.2042,2044376
1980-01-03,1.2875,1.2875,1.2672,1.2875,0.2042,2816257
1980-01-04,1.2875,1.2875,1.2723,1.2773,0.2026,3038203
1980-01-07,1.2773,1.2875,1.2672,1.2672,0.2009,2251526
1980-01-08,1.2672,1.2925,1.2571,1.2925,0.205,4069022
1980-01-09,1.2976,1.323,1.2976,1.3077,0.2074,3191100
1980-01-10,1.3077,1.3584,1.2875,1.3382,0.2122,4865564
1980-01-11,1.3382,1.3483,1.3331,1.3432,0.213,2702817
1980-01-14,1.3432,1.3736,1.3432,1.3736,0.2178,2517862
1980-01-15,1.3736,1.3736,1.3432,1.3534,0.2146,2532658
1980-01-16,1.3534,1.3635,1.3382,1.3534,0.2146,2848316
1980-01-17,1.3534,1.3686,1.3483,1.3635,0.2162,4086285
1980-01-18,1.3635,1.3635,1.3432,1.3432,0.213,4641152
1980-01-21,1.3483,1.3686,1.3483,1.3686,0.217,3314404
1980-01-22,1.3736,1.3939,1.3736,1.3888,0.2202,4646084
1980-01-23,1.3888,1.4497,1.3888,1.4497,0.2299,2507997
1980-01-24,1.4497,1.4497,1.4091,1.4193,0.2251,10436426
1980-01-25,1.3584,1.3584,1.328,1.3432,0.2193,4377282
1980-01-28,1.3432,1.3584,1.3432,1.3534,0.2209,2979018
1980-01-29,1.3534,1.3584,1.3432,1.3432,0.2193,2401956
1980-01-30,1.3483,1.3635,1.3483,1.3635,0.2226,2256458
1980-01-31,1.3686,1.3888,1.3686,1.3686,0.2234,2456210
1980-02-01,1.3686,1.3888,1.3584,1.3838,0.2259,2702817
1980-02-04,1.3838,1.3838,1.3686,1.3686,0.2234,2441413
1980-02-05,1.3686,1.3736,1.3635,1.3635,0.2226,2246594
1980-02-06,1.3635,1.3736,1.328,1.3331,0.2176,4623889
1980-02-07,1.3331,1.3331,1.2925,1.2925,0.211,4007371
1980-02-08,1.2925,1.2976,1.2875,1.2925,0.211,2054240
1980-02-11,1.2925,1.3128,1.2925,1.3128,0.2143,2725012
1980-02-12,1.3128,1.3179,1.3077,1.3179,0.2151,2384694
1980-02-13,1.323,1.3382,1.323,1.3382,0.2184,3805153
1980-02-14,1.3331,1.3331,1.3128,1.3179,0.2151,3393318
1980-02-15,1.3128,1.3128,1.2875,1.2976,0.2118,3346463
1980-02-19,1.2976,1.2976,1.2773,1.2875,0.2102,1898877
1980-02-20,1.2875,1.2925,1.2672,1.2824,0.2093,1741048
1980-02-21,1.2824,1.2875,1.2469,1.2469,0.2035,2581980
1980-02-22,1.2469,1.252,1.2317,1.2419,0.2027,2882841
1980-02-25,1.2419,1.2723,1.2266,1.2672,0.2069,2061638
1980-02-26,1.2672,1.2824,1.2672,1.2723,0.2077,2313178
1980-02-27,1.2723,1.2723,1.2419,1.2419,0.2027,2705283
1980-02-28,1.2419,1.2419,1.2317,1.2368,0.2019,1474712
1980-02-29,1.2368,1.2469,1.2266,1.2368,0.2019,2071502
1980-03-03,1.2368,1.252,1.2216,1.2266,0.2002,8658387
1980-03-04,1.2266,1.2469,1.2266,1.2419,0.2027,3859406
1980-03-05,1.2419,1.252,1.2266,1.2266,0.2002,4325494
1980-03-06,1.2266,1.2317,1.2165,1.2165,0.1986,3223159
1980-03-07,1.2165,1.2368,1.2165,1.2317,0.2011,4032031
1980-03-10,1.2317,1.252,1.2266,1.2419,0.2027,2643632
1980-03-11,1.2419,1.252,1.2317,1.2368,0.2019,4236716
1980-03-12,1.2368,1.2469,1.2216,1.2317,0.2011,3186168
1980-03-13,1.2317,1.2368,1.2165,1.2165,0.1986,3699111
1980-03-14,1.2165,1.2216,1.1962,1.2013,0.1961,4071489
1980-03-17,1.1962,1.1962,1.176,1.1962,0.1953,3289743
1980-03-18,1.1962,1.1962,1.176,1.181,0.1928,5913646
1980-03-19,1.181,1.2013,1.181,1.1912,0.1944,2448812
1980-03-20,1.1912,1.2114,1.1912,1.2013,0.1961,2278653
1980-03-21,1.1912,1.1912,1.1354,1.1455,0.187,7864311
1980-03-24,1.1303,1.1303,1.0695,1.105,0.1804,5223145
1980-03-25,1.105,1.1455,1.0999,1.1202,0.1829,3980244
1980-03-26,1.1202,1.1303,1.1202,1.1253,0.1837,3168905
1980-03-27,1.1253,1.1405,1.1151,1.1405,0.1862,3477165
1980-03-28,1.1405,1.176,1.1253,1.1709,0.1911,3775560
1980-03-31,1.1709,1.1912,1.1608,1.181,0.1928,2966687
1980-04-01,1.181,1.1861,1.1608,1.1709,0.1911,3819949
1980-04-02,1.1709,1.176,1.1658,1.1658,0.1903,1462382
1980-04-03,1.1658,1.176,1.1303,1.1354,0.1853,2224399
1980-04-07,1.1354,1.1354,1.0746,1.0746,0.1754,2123290
1980-04-08,1.0695,1.0695,1.0391,1.0492,0.1713,4488255
1980-04-09,1.0492,1.0543,1.0188,1.034,0.1688,3144245
1980-04-10,1.034,1.105,1.0239,1.0999,0.1795,5837198
1980-04-11,1.0999,1.0999,1.0644,1.0695,0.1746,3706510
1980-04-14,1.0695,1.0746,1.0391,1.0391,0.1696,2951891
1980-04-15,1.0391,1.0695,1.0391,1.0695,0.1746,3156575
1980-04-16,1.0695,1.0847,1.0594,1.0594,0.1729,3050534
1980-04-17,1.0492,1.0492,1.0188,1.0188,0.1663,3743501
1980-04-18,0.9986,0.9986,0.9225,0.9428,0.1539,13743432
1980-04-21,0.9428,0.9479,0.8668,0.8921,0.1456,12241592
1980-04-22,0.9073,0.9732,0.9073,0.9529,0.1556,8446304
1980-04-23,0.9529,0.9631,0.9377,0.9377,0.1531,5491947
1980-04-24,0.9377,0.9833,0.9276,0.9833,0.1605,4340291
1980-04-25,0.9833,1.0087,0.958,1.0036,0.1638,4991334
1980-04-28,0.9833,0.9833,0.9631,0.9631,0.1638,3479631
1980-04-29,0.9631,0.9935,0.958,0.9732,0.1656,4115878
1980-04-30,0.9732,0.9884,0.9681,0.9884,0.1681,3659654
1980-05-01,0.9833,0.9833,0.9631,0.9681,0.1647,4764455
1980-05-02,0.958,0.958,0.9377,0.9428,0.1604,3514156
1980-05-05,0.9327,0.9327,0.8921,0.8921,0.1518,6651002
1980-05-06,0.882,0.882,0.8566,0.8718,0.1483,8991307
1980-05-07,0.882,0.9276,0.882,0.9225,0.1569,4022167
1980-05-08,0.9225,0.9529,0.9225,0.9327,0.1587,3999972
1980-05-09,0.9327,0.9377,0.9175,0.9327,0.1587,2606640
1980-05-12,0.9327,0.9732,0.9225,0.958,0.163,3662120
1980-05-13,0.9631,0.9884,0.9631,0.9732,0.1656,3262616
1980-05-14,0.9732,1.0036,0.9732,0.9833,0.1673,4493187
1980-05-15,0.9783,0.9783,0.9529,0.9631,0.1638,2606640
1980-05-16,0.9631,0.9631,0.9377,0.9377,0.1595,3131914
1980-05-19,0.9377,0.9529,0.9327,0.9479,0.1612,2909968
1980-05-20,0.9479,0.9884,0.9428,0.9783,0.1664,2520328
1980-05-21,0.9783,0.9884,0.9732,0.9783,0.1664,2606640
1980-05-22,0.9884,1.0442,0.9884,1.0239,0.1742,3060398
1980-05-23,1.0239,1.0391,1.0036,1.0239,0.1742,4717600
1980-05-27,1.0239,1.0442,1.0239,1.0239,0.1742,3484563
1980-05-28,1.0239,1.0239,1.0036,1.0188,0.1733,3006144
1980-05-29,1.0188,1.0188,0.9884,0.9935,0.169,3400716
1980-05-30,0.9935,0.9986,0.9783,0.9935,0.169,3247820
1980-06-02,0.9935,1.0188,0.9833,1.0087,0.1716,4569636
1980-06-03,1.0087,1.0188,1.0036,1.0087,0.1716,4236716
1980-06-04,1.0036,1.0036,0.9935,0.9935,0.169,5593056
1980-06-05,0.9935,0.9986,0.9884,0.9935,0.169,3871737
1980-06-06,0.9935,0.9986,0.9884,0.9935,0.169,6184914
1980-06-09,0.9833,0.9833,0.958,0.9681,0.1647,7408087
1980-06-10,0.9681,1.0036,0.9631,0.9783,0.1664,6488241
1980-06-11,0.9783,0.9884,0.9529,0.9732,0.1656,6219439
1980-06-12,0.9681,0.9681,0.9073,0.9327,0.1587,9319294
1980-06-13,0.9327,0.9681,0.9225,0.9631,0.1638,8088723
1980-06-16,0.9631,1.0036,0.958,0.9884,0.1681,6586884
1980-06-17,0.9884,1.0036,0.9732,0.9783,0.1664,5129434
1980-06-18,0.9783,0.9783,0.958,0.9681,0.1647,4946945
1980-06-19,0.9681,0.9833,0.9631,0.9631,0.1638,5242874
1980-06-20,0.9631,0.9884,0.9529,0.9732,0.1656,4397010
1980-06-23,0.9732,0.9884,0.9681,0.9681,0.1647,6451250
1980-06-24,0.9681,0.9935,0.9681,0.9935,0.169,4998732
1980-06-25,0.9986,1.0239,0.9986,1.0138,0.1725,5491947
1980-06-26,1.0138,1.0239,0.9884,0.9935,0.169,5903782
1980-06-27,0.9935,1.0138,0.9783,1.0087,0.1716,4054226
1980-06-30,1.0087,1.0138,0.9833,0.9986,0.1699,4138073
1980-07-01,0.9986,1.0087,0.9935,1.0087,0.1716,4036964
1980-07-02,1.0087,1.029,0.9935,1.0138,0.1725,4623889
1980-07-03,1.0138,1.034,1.0138,1.0188,0.1733,5353847
1980-07-07,1.0188,1.0188,1.0036,1.0138,0.1725,3297141
1980-07-08,1.0138,1.0239,1.0138,1.0138,0.1725,3075195
1980-07-09,1.0138,1.0644,1.0138,1.0138,0.1725,7417951
1980-07-10,1.0543,1.105,1.0543,1.0797,0.1837,8951849
1980-07-11,1.0746,1.0746,1.0594,1.0746,0.1828,5060384
1980-07-14,1.0746,1.1608,1.0695,1.1506,0.1957,6581952
1980-07-15,1.1506,1.176,1.1455,1.1455,0.1949,7713880
1980-07-16,1.1455,1.1506,1.1303,1.1354,0.1931,4093683
1980-07-17,1.1405,1.1608,1.1405,1.1557,0.1966,4017235
1980-07-18,1.1557,1.1658,1.1455,1.1506,0.1957,3445106
1980-07-21,1.1506,1.1658,1.1354,1.1557,0.1966,3030805
1980-07-22,1.1557,1.1557,1.1405,1.1405,0.194,8157774
1980-07-23,1.1405,1.1405,1.1202,1.1253,0.1914,7514128
1980-07-24,1.1253,1.1253,1.0797,1.0797,0.1837,5472219
1980-07-25,1.0797,1.0797,1.0492,1.0543,0.1793,4204657
1980-07-28,1.0442,1.0442,1.0239,1.029,0.1771,2705283
1980-07-29,1.034,1.0847,1.034,1.0847,0.1867,3018475
1980-07-30,1.0847,1.1101,1.0797,1.0999,0.1893,4140539
1980-07-31,1.0999,1.1557,1.0949,1.1557,0.1989,2956823
1980-08-01,1.1557,1.1557,1.1303,1.1354,0.1954,2853248
1980-08-04,1.1354,1.1354,1.1202,1.1354,0.1954,1763243
1980-08-05,1.1354,1.1354,1.0999,1.1151,0.1919,4295901
1980-08-06,1.1151,1.1202,1.105,1.1202,0.1928,2705283
1980-08-07,1.1253,1.1455,1.1253,1.1455,0.1971,2983950
1980-08-08,1.1455,1.1608,1.1354,1.1354,0.1954,3553613
1980-08-11,1.1354,1.1506,1.1253,1.1303,0.1945,4917352
1980-08-12,1.1303,1.1303,1.1151,1.1202,0.1928,3940787
1980-08-13,1.1202,1.1253,1.1151,1.1253,0.1937,8596735
1980-08-14,1.1253,1.1455,1.1151,1.1455,0.1971,2295915
1980-08-15,1.1455,1.1506,1.1303,1.1354,0.1954,2424151
1980-08-18,1.1303,1.1303,1.1202,1.1253,0.1937,2500599
1980-08-19,1.1202,1.1202,1.1101,1.1202,0.1928,3435241
1980-08-20,1.1202,1.1608,1.1151,1.1608,0.1998,4056692
1980-08-21,1.1608,1.1658,1.1405,1.1557,0.1989,2865578
1980-08-22,1.1557,1.1608,1.1202,1.1253,0.1937,2207136
1980-08-25,1.1253,1.1303,1.1151,1.1151,0.1919,10244072
1980-08-26,1.1151,1.1253,1.1151,1.1253,0.1937,1390866
1980-08-27,1.1253,1.1253,1.1202,1.1202,0.1928,2902569
1980-08-28,1.1202,1.1303,1.1202,1.1253,0.1937,5985162
1980-08-29,1.1253,1.1303,1.1151,1.1202,0.1928,4826107
1980-09-02,1.1202,1.1303,1.1151,1.1303,0.1945,2934628
1980-09-03,1.1405,1.2266,1.1405,1.2266,0.2111,6086271
1980-09-04,1.2266,1.2469,1.176,1.2013,0.2067,4199724
1980-09-05,1.2013,1.2064,1.176,1.1861,0.2041,3144245
1980-09-08,1.1861,1.2064,1.176,1.176,0.2024,3043136
1980-09-09,1.176,1.2013,1.1658,1.2013,0.2067,3417979
1980-09-10,1.2013,1.2165,1.1861,1.2114,0.2085,2221933
1980-09-11,1.2114,1.2368,1.2064,1.2216,0.2102,3178770
1980-09-12,1.2216,1.2266,1.2114,1.2216,0.2102,3353861
1980-09-15,1.2216,1.2216,1.2013,1.2114,0.2085,2636233
1980-09-16,1.2114,1.2114,1.1861,1.1861,0.2041,2633767
1980-09-17,1.1861,1.2064,1.1861,1.2013,0.2067,4253978
1980-09-18,1.2013,1.2064,1.1658,1.1709,0.2015,3965447
1980-09-19,1.1709,1.2317,1.1608,1.2013,0.2067,5642378
1980-09-22,1.2013,1.2419,1.1861,1.2419,0.2137,3484563
1980-09-23,1.2419,1.2419,1.2064,1.2165,0.2094,2581980
1980-09-24,1.2114,1.2114,1.1962,1.2064,0.2076,2044376
1980-09-25,1.1962,1.1962,1.1608,1.1658,0.2006,2263856
1980-09-26,1.1557,1.1557,1.1151,1.1455,0.1971,4276173
1980-09-29,1.1354,1.1354,1.1101,1.1101,0.191,2278653
1980-09-30,1.1101,1.1303,1.1101,1.1202,0.1928,3099855
1980-10-01,1.1202,1.1303,1.0847,1.0949,0.1884,4340291
1980-10-02,1.0949,1.0999,1.0746,1.0847,0.1867,4078887
1980-10-03,1.0847,1.1354,1.0797,1.1202,0.1928,2591844
1980-10-06,1.1303,1.1709,1.1303,1.1658,0.2006,2066570
1980-10-07,1.1658,1.1709,1.1354,1.1354,0.1954,3077661
1980-10-08,1.1354,1.1557,1.1354,1.1506,0.198,2315644
1980-10-09,1.1506,1.1506,1.1303,1.1354,0.1954,2843384
1980-10-10,1.1354,1.1354,1.1253,1.1303,0.1945,1903809
1980-10-13,1.1303,1.1354,1.1253,1.1303,0.1945,6024619
1980-10-14,1.1303,1.1303,1.1151,1.1253,0.1937,2579514
1980-10-15,1.1253,1.1303,1.105,1.1101,0.191,1829827
1980-10-16,1.1101,1.1151,1.0797,1.0898,0.1875,3945719
1980-10-17,1.0898,1.0898,1.0594,1.0644,0.1832,3980244
1980-10-20,1.0644,1.0746,1.0543,1.0695,0.1841,4184928
1980-10-21,1.0695,1.0746,1.0239,1.034,0.178,4019701
1980-10-22,1.034,1.0391,1.0188,1.029,0.1771,2887773
1980-10-23,1.029,1.0391,1.0036,1.0087,0.1736,4251512
1980-10-24,1.0087,1.0492,1.0036,1.0442,0.1797,1876682
1980-10-27,1.029,1.029,1.0036,1.0036,0.1748,2934628
1980-10-28,1.0036,1.0138,0.9986,1.0138,0.1765,2034511
1980-10-29,1.0138,1.029,1.0087,1.0239,0.1783,1635007
1980-10-30,1.0239,1.0239,1.0087,1.0239,0.1783,1704057
1980-10-31,1.0239,1.0442,1.0138,1.0442,0.1818,2098629
1980-11-03,1.0442,1.0442,1.0188,1.0188,0.1774,2288517
1980-11-05,1.0188,1.0594,1.0138,1.0188,0.1774,6594282
1980-11-06,1.0087,1.0087,0.9884,0.9935,0.173,2675691
1980-11-07,0.9935,0.9935,0.9732,0.9884,0.1721,2239195
1980-11-10,0.9884,0.9935,0.9732,0.9732,0.1695,2485803
1980-11-11,0.9732,0.9732,0.9681,0.9681,0.1686,2143019
1980-11-12,0.9631,0.9631,0.9479,0.9631,0.1677,3925990
1980-11-13,0.9631,0.9681,0.9529,0.9631,0.1677,3339064
1980-11-14,0.9631,0.9986,0.958,0.9833,0.1712,5962967
1980-11-17,0.9783,0.9783,0.9479,0.9631,0.1677,2905035
1980-11-18,0.9631,0.9681,0.958,0.958,0.1668,2875443
1980-11-19,0.958,0.958,0.9327,0.9327,0.1624,12246525
1980-11-20,0.9327,0.9327,0.9225,0.9276,0.1615,3435241
1980-11-21,0.9276,0.9276,0.9022,0.9124,0.1589,3371123
1980-11-24,0.9073,0.9073,0.8921,0.9022,0.1571,5602921
1980-11-25,0.9073,0.9276,0.9073,0.9124,0.1589,2794062
1980-11-26,0.9124,0.9377,0.9073,0.9276,0.1615,2586912
1980-11-28,0.9225,0.9225,0.9073,0.9073,0.158,3282345
1980-12-01,0.9073,0.9124,0.8769,0.882,0.1536,5802673
1980-12-02,0.882,0.8921,0.8617,0.8921,0.1553,4540043
1980-12-03,0.8921,0.8921,0.8668,0.8718,0.1518,3161507
1980-12-04,0.8718,0.887,0.8566,0.8617,0.15,5654708
1980-12-05,0.8617,0.8617,0.8313,0.8313,0.1447,7726211
1980-12-08,0.8313,0.8313,0.8009,0.8161,0.1421,8064063
1980-12-09,0.8161,0.8313,0.8009,0.8262,0.1439,5837198
1980-12-10,0.8262,0.8262,0.7705,0.8009,0.1395,5262602
1980-12-11,0.8009,0.8059,0.7857,0.8059,0.1403,5578260
1980-12-12,0.8059,0.8059,0.7857,0.7857,0.1368,5479617
1980-12-15,0.7857,0.7958,0.7705,0.7705,0.1342,5925976
1980-12-16,0.7705,0.7705,0.7552,0.7603,0.1324,4628821
1980-12-17,0.7603,0.7603,0.7451,0.7552,0.1315,5099841
1980-12-18,0.7552,0.7603,0.735,0.7451,0.1297,5780478
1980-12-19,0.7451,0.7806,0.735,0.7755,0.135,11531363
1980-12-22,0.7755,0.8161,0.7654,0.8161,0.1421,13962912
1980-12-23,0.811,0.811,0.7958,0.8009,0.1395,8081325
1980-12-24,0.8009,0.8211,0.7857,0.811,0.1412,4236716
1980-12-26,0.811,0.8211,0.8059,0.8161,0.1421,3126982
1980-12-29,0.8161,0.8313,0.8009,0.8009,0.1395,5072715
1980-12-30,0.8009,0.8161,0.7806,0.8161,0.1421,5701564
1980-12-31,0.8161,0.8211,0.8009,0.811,0.1412,5654708
1981-01-02,0.8161,0.8364,0.8161,0.8364,0.1456,1647338
1981-01-05,0.8364,0.8718,0.8364,0.8668,0.1509,3948185
1981-01-06,0.8668,0.887,0.8668,0.8769,0.1527,6234236
1981-01-07,0.8566,0.8566,0.8313,0.8566,0.1492,5782944
1981-01-08,0.8516,0.8516,0.8161,0.8262,0.1439,2717614
1981-01-09,0.8262,0.8313,0.811,0.8211,0.143,1632541
1981-01-12,0.8211,0.8364,0.811,0.811,0.1412,2720080
1981-01-13,0.811,0.8211,0.8059,0.811,0.1412,2434015
1981-01-14,0.811,0.8161,0.8059,0.811,0.1412,4737329
1981-01-15,0.811,0.8161,0.8009,0.8059,0.1403,2456210
1981-01-16,0.8059,0.811,0.8009,0.8059,0.1403,3065330
1981-01-19,0.8059,0.8465,0.8059,0.8059,0.1403,1671998
1981-01-20,0.8059,0.811,0.8009,0.8009,0.1395,4808845
1981-01-21,0.8009,0.8009,0.7907,0.8009,0.1395,2157815
1981-01-22,0.8009,0.8009,0.7755,0.7755,0.135,4268774
1981-01-23,0.7755,0.7857,0.7705,0.7705,0.1342,3706510
1981-01-26,0.7705,0.7755,0.7502,0.7705,0.1363,2557319
1981-01-27,0.7755,0.8009,0.7755,0.8009,0.1417,2061638
1981-01-28,0.8009,0.8059,0.7958,0.8009,0.1417,1472246
1981-01-29,0.8009,0.8262,0.7958,0.811,0.1435,1967927
1981-01-30,0.811,0.8161,0.7907,0.8009,0.1417,3151643
1981-02-02,0.8009,0.8059,0.7806,0.7907,0.1399,1427857
1981-02-03,0.7907,0.7958,0.7755,0.7958,0.1408,1967927
1981-02-04,0.7958,0.8009,0.7857,0.7907,0.1399,2108493
1981-02-05,0.7958,0.811,0.7958,0.8009,0.1417,2443880
1981-02-06,0.811,0.8262,0.811,0.8211,0.1453,2791596
1981-02-09,0.8211,0.8211,0.7907,0.8009,0.1417,3119584
1981-02-10,0.8009,0.8059,0.7857,0.7958,0.1408,2044376
1981-02-11,0.7958,0.8566,0.7958,0.8211,0.1453,3134380
1981-02-12,0.8161,0.8161,0.8009,0.8059,0.1426,2453744
1981-02-13,0.8059,0.811,0.7958,0.8059,0.1426,2554853
1981-02-17,0.8059,0.8161,0.8009,0.811,0.1435,2895171
1981-02-18,0.811,0.8161,0.8009,0.8161,0.1444,2895171
1981-02-19,0.8161,0.8161,0.7857,0.7857,0.139,1731184
1981-02-20,0.7857,0.7907,0.7705,0.7857,0.139,1916140
1981-02-23,0.7857,0.8009,0.7755,0.8009,0.1417,1999986
1981-02-24,0.8009,0.8009,0.7857,0.7857,0.139,3538817
1981-02-25,0.7857,0.7958,0.7755,0.7958,0.1408,1652270
1981-02-26,0.7958,0.8059,0.7907,0.8009,0.1417,1827361
1981-02-27,0.8009,0.8009,0.7958,0.7958,0.1408,1506771
1981-03-02,0.7958,0.8262,0.7958,0.8161,0.1444,3536350
1981-03-03,0.8161,0.8262,0.811,0.8211,0.1453,2789130
1981-03-04,0.8211,0.8211,0.8059,0.8211,0.1453,1763243
1981-03-05,0.8211,0.8262,0.811,0.8161,0.1444,1795302
1981-03-06,0.8161,0.8718,0.811,0.8566,0.1516,3457436
1981-03-09,0.8566,0.9175,0.8566,0.9124,0.1614,8009809
1981-03-10,0.9124,0.9276,0.8769,0.882,0.156,4305766
1981-03-11,0.882,0.8921,0.8668,0.887,0.1569,2900103
1981-03-12,0.887,0.9022,0.887,0.9022,0.1596,3230557
1981-03-13,0.9022,0.9225,0.9022,0.9073,0.1605,4922284
1981-03-16,0.9073,0.9175,0.9022,0.9175,0.1623,3726238
1981-03-17,0.9225,0.9479,0.9225,0.9327,0.165,4833505
1981-03-18,0.9327,1.0188,0.9276,1.0188,0.1802,9050492
1981-03-19,1.0188,1.0543,1.0036,1.0188,0.1802,12019646
1981-03-20,1.0188,1.029,1.0036,1.0138,0.1794,4069022
1981-03-23,1.0138,1.029,1.0036,1.0239,0.1811,4325494
1981-03-24,1.0239,1.029,0.9783,0.9935,0.1758,9057891
1981-03-25,0.9935,0.9935,0.9783,0.9884,0.1749,2744741
1981-03-26,0.9884,0.9935,0.9631,0.9732,0.1722,2295915
1981-03-27,0.9681,0.9681,0.9327,0.9327,0.165,2101095
1981-03-30,0.9327,0.9428,0.9276,0.9377,0.1659,1647338
1981-03-31,0.9529,0.9783,0.9529,0.9732,0.1722,4436468
1981-04-01,0.9681,0.9681,0.9377,0.9377,0.1659,1972859
1981-04-02,0.9377,0.9428,0.9124,0.9175,0.1623,5551133
1981-04-03,0.9073,0.9073,0.887,0.8921,0.1578,5129434
1981-04-06,0.887,0.887,0.8668,0.8718,0.1542,2872976
1981-04-07,0.8769,0.8921,0.8769,0.887,0.1569,1819963
1981-04-08,0.887,0.9022,0.882,0.887,0.1569,1876682
1981-04-09,0.887,0.9073,0.882,0.9073,0.1605,3854474
1981-04-10,0.9073,0.9175,0.9022,0.9073,0.1605,3062864
1981-04-13,0.9022,0.9022,0.887,0.8921,0.1578,2611573
1981-04-14,0.8921,0.9124,0.882,0.9073,0.1605,3911194
1981-04-15,0.9073,0.9225,0.9022,0.9225,0.1632,1339078
1981-04-16,0.9225,0.9276,0.9175,0.9175,0.1623,1918606
1981-04-20,0.9175,0.9327,0.9175,0.9327,0.165,6424123
1981-04-21,0.9327,0.9479,0.9225,0.9479,0.1677,2300847
1981-04-22,0.9479,0.9833,0.9479,0.9631,0.1704,3802686
1981-04-23,0.9681,0.9884,0.9681,0.9884,0.1749,7487001
1981-04-24,0.9884,0.9884,0.9732,0.9783,0.1731,4586898
1981-04-27,0.9681,0.9681,0.9479,0.958,0.1716,2340304
1981-04-28,0.9428,0.9428,0.8921,0.8921,0.1598,3045602
1981-04-29,0.8921,0.9022,0.8769,0.887,0.1589,4488255
1981-04-30,0.882,0.882,0.8617,0.8668,0.1553,2083833
1981-05-01,0.8668,0.8769,0.8516,0.8668,0.1553,2821189
1981-05-04,0.8617,0.8617,0.8465,0.8516,0.1526,2609107
1981-05-05,0.8516,0.8617,0.8516,0.8617,0.1544,5632514
1981-05-06,0.8718,0.882,0.8718,0.8769,0.1571,2133154
1981-05-07,0.8769,0.9022,0.8769,0.9022,0.1616,3309472
1981-05-08,0.9022,0.9124,0.8921,0.9073,0.1625,3701577
1981-05-11,0.9073,0.9175,0.8718,0.8718,0.1562,2337838
1981-05-12,0.8718,0.887,0.8668,0.887,0.1589,1834759
1981-05-13,0.887,0.8972,0.8769,0.8921,0.1598,2959289
1981-05-14,0.8921,0.9175,0.8921,0.9175,0.1644,2991348
1981-05-15,0.9276,0.9631,0.9276,0.958,0.1716,4510450
1981-05-18,0.958,0.9631,0.9377,0.9479,0.1698,2140552
1981-05-19,0.9479,0.9479,0.9377,0.9479,0.1698,2863112
1981-05-20,0.9479,0.9479,0.9327,0.9327,0.1671,2189874
1981-05-21,0.9327,0.9327,0.9225,0.9327,0.1671,5445092
1981-05-22,0.9327,0.9428,0.8972,0.9327,0.1671,2281119
1981-05-26,0.9327,0.9479,0.9276,0.9479,0.1698,2096163
1981-05-27,0.9479,0.9479,0.9276,0.9377,0.168,1600482
1981-05-28,0.9377,0.9428,0.9175,0.9327,0.1671,2369897
1981-05-29,0.9327,0.9377,0.9276,0.9327,0.1671,1583220
1981-06-01,0.9428,0.9732,0.9428,0.9681,0.1734,3287277
1981-06-02,0.9681,0.9732,0.9377,0.9428,0.1689,3657188
1981-06-03,0.9428,0.9529,0.9327,0.9529,0.1707,1928470
1981-06-04,0.9529,0.958,0.9022,0.9529,0.1707,1161521
1981-06-05,0.9529,0.9631,0.9377,0.9529,0.1707,1590618
1981-06-08,0.9529,0.9631,0.9479,0.9529,0.1707,1805166
1981-06-09,0.9479,0.9479,0.9327,0.9428,0.1689,1531432
1981-06-10,0.9428,0.9428,0.9225,0.9327,0.1671,1393332
1981-06-11,0.9327,0.9479,0.9225,0.9479,0.1698,1778040
1981-06-12,0.9479,0.958,0.9428,0.9479,0.1698,2061638
1981-06-15,0.9681,1.0138,0.9681,1.0138,0.1816,6517834
1981-06-16,0.9986,0.9986,0.9631,0.9681,0.1734,2983950
1981-06-17,0.9681,0.9833,0.958,0.9783,0.1753,1930936
1981-06-18,0.9783,0.9833,0.9529,0.9681,0.1734,1491975
1981-06-19,0.9631,0.9631,0.9529,0.958,0.1716,2332906
1981-06-22,0.958,0.958,0.9479,0.9479,0.1698,1832293
1981-06-23,0.9479,0.9884,0.9428,0.9884,0.1771,3474699
1981-06-24,0.9884,0.9986,0.9631,0.9935,0.178,4032031
1981-06-25,0.9935,0.9986,0.9631,0.9681,0.1734,3824881
1981-06-26,0.9681,0.9783,0.9681,0.9732,0.1743,1765709
1981-06-29,0.9732,0.9783,0.9631,0.9631,0.1725,1889013
1981-06-30,0.9631,0.9783,0.958,0.9681,0.1734,1662134
1981-07-01,0.9681,0.9681,0.9529,0.9529,0.1707,2209603
1981-07-02,0.9529,0.958,0.9327,0.9377,0.168,6463581
1981-07-06,0.9225,0.9225,0.8972,0.8972,0.1607,3183702
1981-07-07,0.8972,0.9124,0.887,0.8921,0.1598,1876682
1981-07-08,0.8921,0.8921,0.8668,0.887,0.1589,3469766
1981-07-09,0.887,0.8972,0.887,0.8972,0.1607,1595550
1981-07-10,0.8972,0.9022,0.887,0.9022,0.1616,1008624
1981-07-13,0.9022,0.9073,0.8921,0.8972,0.1607,1171385
1981-07-14,0.8972,0.9022,0.8921,0.8972,0.1607,1467314
1981-07-15,0.8972,0.9022,0.887,0.9022,0.1616,722560
1981-07-16,0.8972,0.8972,0.882,0.882,0.158,1711456
1981-07-17,0.882,0.9022,0.882,0.9022,0.1616,1311951
1981-07-20,0.8972,0.8972,0.8516,0.887,0.1589,1967927
1981-07-21,0.887,0.8921,0.8769,0.8921,0.1598,1896411
1981-07-22,0.8921,0.8972,0.882,0.8921,0.1598,1200978
1981-07-23,0.8921,0.9225,0.8769,0.9073,0.1625,2226865
1981-07-24,0.9073,0.9175,0.9073,0.9124,0.1634,1425391
1981-07-27,0.9073,0.9073,0.887,0.8972,0.1629,1482111
1981-07-28,0.8921,0.8921,0.882,0.882,0.1601,872990
1981-07-29,0.882,0.887,0.8718,0.8718,0.1583,1353875
1981-07-30,0.8718,0.887,0.8718,0.8769,0.1592,1237969
1981-07-31,0.8769,0.887,0.8718,0.8769,0.1592,1168919
1981-08-03,0.8769,0.887,0.8668,0.8718,0.1583,1151657
1981-08-04,0.8718,0.882,0.8668,0.8769,0.1592,1913674
1981-08-05,0.8769,0.8769,0.8516,0.8566,0.1555,1252766
1981-08-06,0.8566,0.8718,0.8516,0.8566,0.1555,1731184
1981-08-07,0.8566,0.8566,0.8414,0.8516,0.1546,969167
1981-08-10,0.8465,0.8465,0.8364,0.8414,0.1528,1242901
1981-08-11,0.8414,0.8465,0.8364,0.8364,0.1519,1538830
1981-08-12,0.8414,0.8566,0.8414,0.8414,0.1528,2436481
1981-08-13,0.8414,0.8566,0.8414,0.8516,0.1546,1738582
1981-08-14,0.8516,0.8516,0.8414,0.8516,0.1546,1556093
1981-08-17,0.8516,0.8516,0.8465,0.8465,0.1537,2032045
1981-08-18,0.8465,0.8516,0.8364,0.8364,0.1519,2320576
1981-08-19,0.8364,0.8465,0.8364,0.8364,0.1519,1657202
1981-08-20,0.8364,0.8414,0.8262,0.8313,0.1509,2293449
1981-08-21,0.8313,0.8364,0.8262,0.8313,0.1509,1447586
1981-08-24,0.8313,0.8313,0.811,0.8211,0.1491,3284811
1981-08-25,0.8211,0.8262,0.8059,0.8211,0.1491,2397024
1981-08-26,0.8211,0.8211,0.811,0.8211,0.1491,1829827
1981-08-27,0.8211,0.8211,0.7958,0.8009,0.1454,1745981
1981-08-28,0.8009,0.811,0.7857,0.811,0.1473,2177544
1981-08-31,0.811,0.8211,0.7958,0.8009,0.1454,1062878
1981-09-01,0.8009,0.811,0.8009,0.811,0.1473,2406888
1981-09-02,0.811,0.8262,0.8059,0.8211,0.1491,2022181
1981-09-03,0.8211,0.8262,0.811,0.8161,0.1482,1630075
1981-09-04,0.8161,0.8211,0.8009,0.8161,0.1482,3398250
1981-09-08,0.8161,0.8161,0.7907,0.7958,0.1445,5265068
1981-09-09,0.7958,0.8059,0.7907,0.8009,0.1454,4956809
1981-09-10,0.8009,0.8059,0.8009,0.8059,0.1463,1815031
1981-09-11,0.8059,0.8161,0.8009,0.811,0.1473,2532658
1981-09-14,0.811,0.8161,0.7958,0.8161,0.1482,2251526
1981-09-15,0.811,0.811,0.8009,0.8009,0.1454,1612813
1981-09-16,0.8009,0.8059,0.7958,0.8059,0.1463,1987656
1981-09-17,0.8059,0.811,0.8009,0.8009,0.1454,1625143
1981-09-18,0.8009,0.8059,0.7958,0.8009,0.1454,1960529
1981-09-21,0.8009,0.8059,0.7958,0.7958,0.1445,1639939
1981-09-22,0.7958,0.8009,0.7907,0.7907,0.1436,3215761
1981-09-23,0.7907,0.7958,0.7806,0.7857,0.1427,3013543
1981-09-24,0.7857,0.7907,0.7806,0.7907,0.1436,2320576
1981-09-25,0.7907,0.7907,0.7705,0.7755,0.1408,2133154
1981-09-28,0.7755,0.8009,0.7603,0.8009,0.1454,3028339
1981-09-29,0.8009,0.8059,0.7857,0.7958,0.1445,1462382
1981-09-30,0.7958,0.811,0.7806,0.8009,0.1454,1768175
1981-10-01,0.8009,0.8211,0.8009,0.8009,0.1454,2189874
1981-10-02,0.8009,0.8161,0.7857,0.8161,0.1482,2379762
1981-10-05,0.811,0.811,0.7857,0.7907,0.1436,1901343
1981-10-06,0.7907,0.8059,0.7755,0.7755,0.1408,858194
1981-10-07,0.7755,0.7806,0.7705,0.7806,0.1417,1240435
1981-10-08,0.7806,0.7857,0.7654,0.7857,0.1427,1200978
1981-10-09,0.7857,0.7907,0.7603,0.7603,0.138,2717614
1981-10-12,0.7603,0.7654,0.7552,0.7552,0.1371,2337838
1981-10-13,0.7552,0.7654,0.7552,0.7552,0.1371,1334146
1981-10-14,0.7552,0.7654,0.7502,0.7552,0.1371,1765709
1981-10-15,0.7502,0.7502,0.74,0.74,0.1344,1344010
1981-10-16,0.74,0.7451,0.7299,0.74,0.1344,2081367
1981-10-19,0.735,0.735,0.7299,0.7299,0.1325,2451278
1981-10-20,0.7299,0.7299,0.7198,0.7248,0.1316,1844624
1981-10-21,0.7248,0.74,0.7248,0.7299,0.1325,2002452
1981-10-22,0.7299,0.735,0.7198,0.7299,0.1325,1758311
1981-10-23,0.7248,0.7248,0.6995,0.7046,0.1279,2436481
1981-10-26,0.6843,0.6843,0.6589,0.6589,0.1217,2818723
1981-10-27,0.6589,0.6589,0.6488,0.6589,0.1217,3504291
1981-10-28,0.6589,0.664,0.6488,0.6488,0.1199,4362485
1981-10-29,0.6488,0.6488,0.6387,0.6437,0.1189,4261376
1981-10-30,0.6437,0.664,0.6387,0.6589,0.1217,4096149
1981-11-02,0.6691,0.6995,0.6691,0.6843,0.1264,4732396
1981-11-03,0.6843,0.6995,0.6792,0.6894,0.1274,5560997
1981-11-04,0.6894,0.6995,0.6792,0.6843,0.1264,1893945
1981-11-05,0.6843,0.6894,0.6691,0.6691,0.1236,2648564
1981-11-06,0.6691,0.6792,0.6691,0.6691,0.1236,1361273
1981-11-09,0.6691,0.6843,0.6691,0.6843,0.1264,3750899
1981-11-10,0.6843,0.6995,0.664,0.6741,0.1246,3509224
1981-11-11,0.6741,0.6792,0.6691,0.6792,0.1255,1987656
1981-11-12,0.6792,0.6843,0.6741,0.6843,0.1264,3139312
1981-11-13,0.6843,0.6843,0.6741,0.6792,0.1255,1869284
1981-11-16,0.6792,0.6843,0.6741,0.6843,0.1264,3213295
1981-11-17,0.6843,0.6894,0.6792,0.6843,0.1264,2875443
1981-11-18,0.6843,0.6894,0.6792,0.6894,0.1274,3494427
1981-11-19,0.6843,0.6843,0.6741,0.6792,0.1255,1955597
1981-11-20,0.6792,0.6792,0.664,0.664,0.1227,2318110
1981-11-23,0.664,0.6691,0.6488,0.6539,0.1208,2572115
1981-11-24,0.6539,0.664,0.6539,0.664,0.1227,2663360
1981-11-25,0.664,0.6792,0.664,0.664,0.1227,3568409
1981-11-27,0.664,0.6741,0.664,0.6741,0.1246,2155349
1981-11-30,0.6741,0.6792,0.664,0.6741,0.1246,3511690
1981-12-01,0.6741,0.7502,0.6691,0.7451,0.1377,9965406
1981-12-02,0.7451,0.7705,0.7299,0.74,0.1367,11965392
1981-12-03,0.74,0.7451,0.7198,0.7248,0.1339,4108480
1981-12-04,0.74,0.7755,0.74,0.7705,0.1423,7657160
1981-12-07,0.7705,0.7755,0.7552,0.7603,0.1405,4880361
1981-12-08,0.7603,0.7654,0.74,0.7451,0.1377,14818640
1981-12-09,0.7451,0.7451,0.7198,0.74,0.1367,2988882
1981-12-10,0.74,0.7654,0.7299,0.74,0.1367,4244114
1981-12-11,0.74,0.7502,0.735,0.74,0.1367,2530192
1981-12-14,0.7299,0.7299,0.7147,0.7147,0.132,3563477
1981-12-15,0.7147,0.7198,0.6944,0.7096,0.1311,4088751
1981-12-16,0.7096,0.7096,0.6944,0.6995,0.1292,3420445
1981-12-17,0.6995,0.7248,0.6995,0.7147,0.132,4838438
1981-12-18,0.7147,0.735,0.7147,0.7299,0.1349,7551119
1981-12-21,0.7299,0.74,0.7147,0.7299,0.1349,5625115
1981-12-22,0.7198,0.7198,0.7096,0.7096,0.1311,4214521
1981-12-23,0.7096,0.7096,0.6843,0.6894,0.1274,3906262
1981-12-24,0.6894,0.6995,0.6792,0.6944,0.1283,4618957
1981-12-28,0.6944,0.6995,0.6894,0.6944,0.1283,3435241
1981-12-29,0.6944,0.6944,0.6843,0.6894,0.1274,5380974
1981-12-30,0.6894,0.6894,0.6741,0.6792,0.1255,5847062
1981-12-31,0.6792,0.6843,0.6741,0.6792,0.1255,6572088
1982-01-04,0.6894,0.6995,0.6792,0.6995,0.1292,2318110
1982-01-05,0.6995,0.7046,0.6894,0.6944,0.1283,4372350
1982-01-06,0.6944,0.6995,0.6843,0.6944,0.1283,3294675
1982-01-07,0.7046,0.7147,0.6944,0.7096,0.1311,2229331
1982-01-08,0.7299,0.7451,0.7147,0.74,0.1367,3625129
1982-01-11,0.7248,0.7502,0.6995,0.7096,0.1311,2905035
1982-01-12,0.7198,0.735,0.7046,0.7299,0.1349,2466074
1982-01-13,0.7502,0.7603,0.735,0.735,0.1358,4360019
1982-01-14,0.7248,0.74,0.7096,0.7147,0.132,7972818
1982-01-15,0.6995,0.7096,0.6894,0.6995,0.1292,9642350
1982-01-18,0.7198,0.74,0.6995,0.7299,0.1349,8229290
1982-01-19,0.7299,0.74,0.7147,0.7198,0.133,6345209
1982-01-20,0.7198,0.7248,0.7147,0.7248,0.1339,2695419
1982-01-21,0.7198,0.7248,0.7147,0.7147,0.132,2091231
1982-01-22,0.7046,0.7147,0.6944,0.6944,0.1283,5573328
1982-01-25,0.6944,0.7046,0.6792,0.6995,0.1292,8167638
1982-01-26,0.7046,0.7096,0.6995,0.7096,0.1311,3255218
1982-01-27,0.7198,0.735,0.7046,0.735,0.1358,4219453
1982-01-28,0.735,0.7451,0.7198,0.7451,0.1377,3479631
1982-01-29,0.74,0.7502,0.7248,0.74,0.1367,3958049
1982-02-01,0.74,0.7451,0.7299,0.7299,0.1349,4493187
1982-02-02,0.74,0.7502,0.7299,0.735,0.1358,5713894
1982-02-03,0.735,0.7451,0.7198,0.7198,0.133,1970393
1982-02-04,0.7248,0.735,0.7147,0.735,0.1358,1181250
1982-02-05,0.735,0.74,0.7299,0.735,0.1358,1647338
1982-02-08,0.7248,0.7299,0.7147,0.7147,0.132,2961755
1982-02-09,0.7096,0.7198,0.6995,0.7147,0.132,2056706
1982-02-10,0.7147,0.7198,0.7096,0.7147,0.132,2017249
1982-02-11,0.7198,0.7248,0.7096,0.7198,0.133,1926004
1982-02-12,0.7248,0.7299,0.7198,0.7299,0.1349,1553627
1982-02-16,0.7299,0.74,0.7147,0.74,0.1367,3346463
1982-02-17,0.7299,0.74,0.7198,0.7248,0.1339,1605414
1982-02-18,0.7198,0.7248,0.7147,0.7198,0.133,2362499
1982-02-19,0.7147,0.7248,0.6995,0.7046,0.1302,6377268
1982-02-22,0.7046,0.7299,0.6741,0.7096,0.1311,3854474
1982-02-23,0.7248,0.735,0.7096,0.735,0.1358,3343997
1982-02-24,0.7552,0.7755,0.7299,0.7705,0.1423,6729917
1982-02-25,0.7705,0.7806,0.7603,0.7705,0.1423,4601695
1982-02-26,0.7705,0.7806,0.7552,0.7755,0.1433,5516608
1982-03-01,0.8009,0.8211,0.7755,0.8211,0.1517,6281091
1982-03-02,0.8262,0.8414,0.811,0.8161,0.1508,10811269
1982-03-03,0.8161,0.8262,0.8009,0.811,0.1498,4184928
1982-03-04,0.8211,0.8364,0.8059,0.8262,0.1526,5630047
1982-03-05,0.8414,0.8566,0.8262,0.8465,0.1564,7593043
1982-03-08,0.8516,0.8668,0.8313,0.8516,0.1573,8068995
1982-03-09,0.8465,0.8668,0.8262,0.8566,0.1583,5213281
1982-03-10,0.8566,0.8617,0.8465,0.8516,0.1573,4327960
1982-03-11,0.8566,0.8617,0.8465,0.8465,0.1564,3316870
1982-03-12,0.811,0.8414,0.7755,0.7907,0.1461,14073886
1982-03-15,0.7705,0.7806,0.7603,0.7705,0.1423,6742247
1982-03-16,0.7806,0.7907,0.7705,0.7755,0.1433,3842144
1982-03-17,0.7755,0.7958,0.7705,0.7857,0.1452,2273720
1982-03-18,0.7958,0.8009,0.7857,0.7958,0.147,2421685
1982-03-19,0.8059,0.8161,0.7958,0.811,0.1498,4046828
1982-03-22,0.8465,0.8718,0.8211,0.8617,0.1592,7526459
1982-03-23,0.8617,0.8769,0.8465,0.8668,0.1601,8350127
1982-03-24,0.8668,0.8769,0.8516,0.8566,0.1583,5035724
1982-03-25,0.8516,0.8566,0.8465,0.8516,0.1573,2088765
1982-03-26,0.8465,0.8516,0.8364,0.8414,0.1555,2281119
1982-03-29,0.8414,0.8465,0.8313,0.8364,0.1545,2239195
1982-03-30,0.8465,0.8566,0.8364,0.8516,0.1573,2983950
1982-03-31,0.8465,0.8516,0.8364,0.8414,0.1555,2532658
1982-04-01,0.8566,0.8769,0.8313,0.8718,0.1611,5514142
1982-04-02,0.8718,0.8769,0.8668,0.8718,0.1611,5795274
1982-04-05,0.8668,0.8769,0.8617,0.8668,0.1601,663374
1982-04-06,0.8718,0.8769,0.8617,0.8769,0.162,2360033
1982-04-07,0.8668,0.8769,0.8566,0.8566,0.1583,5694165
1982-04-08,0.8617,0.8668,0.8566,0.8668,0.1601,3065330
1982-04-12,0.8566,0.8668,0.8414,0.8465,0.1564,4202190
1982-04-13,0.8465,0.8566,0.8313,0.8516,0.1573,6396997
1982-04-14,0.8465,0.8516,0.8364,0.8414,0.1555,1274960
1982-04-15,0.8566,0.8718,0.8364,0.8718,0.1611,3945719
1982-04-16,0.8769,0.887,0.8617,0.8769,0.162,7297114
1982-04-19,0.8769,0.887,0.8668,0.882,0.163,3580740
1982-04-20,0.8668,0.8769,0.8566,0.8566,0.1583,3136846
1982-04-21,0.8668,0.8769,0.8566,0.8769,0.162,3033271
1982-04-22,0.8921,0.9073,0.8718,0.8972,0.1658,7726211
1982-04-23,0.9073,0.9175,0.8972,0.9124,0.1686,8207095
1982-04-26,0.9377,0.9529,0.9175,0.9529,0.1761,9279837
1982-04-27,0.9428,0.9529,0.9276,0.9327,0.1723,4998732
1982-04-28,0.9225,0.9327,0.9073,0.9225,0.1704,4537577
1982-04-29,0.9175,0.9225,0.9073,0.9175,0.1695,2858180
1982-04-30,0.9276,0.9428,0.9124,0.9175,0.1695,4083819
1982-05-03,0.9276,0.9529,0.9022,0.9529,0.1761,7131887
1982-05-04,0.9783,0.9986,0.9529,0.9884,0.1826,13551078
1982-05-05,0.9833,0.9884,0.9732,0.9833,0.1817,6744713
1982-05-06,0.9986,1.0036,0.9884,0.9884,0.1826,6490707
1982-05-07,0.9783,0.9986,0.958,0.9732,0.1798,7689219
1982-05-10,0.958,0.9732,0.9377,0.9377,0.1733,5144231
1982-05-11,0.9479,0.9681,0.9225,0.9631,0.1779,2762003
1982-05-12,0.9833,0.9935,0.9732,0.9935,0.1836,13957980
1982-05-13,0.9783,0.9935,0.9631,0.9681,0.1789,5487015
1982-05-14,0.9783,0.9833,0.9681,0.9732,0.1798,4239182
1982-05-17,0.9631,0.9732,0.9529,0.958,0.177,2234263
1982-05-18,0.9529,0.958,0.9428,0.9428,0.1742,2051774
1982-05-19,0.9479,0.9529,0.9428,0.9479,0.1751,3097389
1982-05-20,0.9428,0.9479,0.9327,0.9479,0.1751,2976552
1982-05-21,0.9529,0.958,0.9428,0.9428,0.1742,5326720
1982-05-24,0.9479,0.9529,0.9377,0.9529,0.1761,3163973
1982-05-25,0.9529,0.9681,0.9377,0.9377,0.1733,2384694
1982-05-26,0.9276,0.9377,0.9175,0.9327,0.1723,2725012
1982-05-27,0.9327,0.9377,0.9225,0.9225,0.1704,2382228
1982-05-28,0.9276,0.9276,0.9225,0.9225,0.1704,2355101
1982-06-01,0.9124,0.9225,0.8972,0.9124,0.1686,2757071
1982-06-02,0.9175,0.9276,0.9073,0.9225,0.1704,3408115
1982-06-03,0.9276,0.9327,0.9175,0.9175,0.1695,3467300
1982-06-04,0.9073,0.9225,0.887,0.8921,0.1648,4942013
1982-06-07,0.8921,0.9022,0.8769,0.8921,0.1648,3082593
1982-06-08,0.8921,0.9022,0.882,0.882,0.163,2362499
1982-06-09,0.882,0.887,0.8718,0.882,0.163,1970393
1982-06-10,0.887,0.8921,0.8769,0.887,0.1639,1866818
1982-06-11,0.9124,0.9225,0.8972,0.9225,0.1704,48613721
1982-06-14,0.9022,0.9022,0.8972,0.9022,0.1667,2902569
1982-06-15,0.9022,0.9073,0.8921,0.9073,0.1676,4742261
1982-06-16,0.9327,0.9529,0.9073,0.9327,0.1723,7376028
1982-06-17,0.9377,0.9479,0.9225,0.9327,0.1723,6843356
1982-06-18,0.9377,0.9428,0.9276,0.9276,0.1714,3925990
1982-06-21,0.9225,0.9276,0.9175,0.9225,0.1704,4320562
1982-06-22,0.9327,0.9377,0.9225,0.9377,0.1733,4347689
1982-06-23,0.9631,0.9935,0.9327,0.9884,0.1826,9777984
1982-06-24,0.9884,0.9986,0.9732,0.9833,0.1817,12357498
1982-06-25,0.958,0.9681,0.9479,0.9529,0.1761,6009823
1982-06-28,0.9631,0.9732,0.9479,0.9631,0.1779,3921058
1982-06-29,0.9732,0.9783,0.9631,0.9732,0.1798,4707736
1982-06-30,0.9783,0.9884,0.9681,0.9732,0.1798,5583192
1982-07-01,0.9529,0.9681,0.9377,0.9428,0.1742,1595550
1982-07-02,0.9175,0.9327,0.9022,0.9022,0.1667,3149177
1982-07-06,0.9022,0.9073,0.8921,0.8972,0.1658,2256458
1982-07-07,0.9327,0.9631,0.8972,0.9529,0.1761,11834690
1982-07-08,0.9276,0.9479,0.9073,0.9479,0.1751,9210787
1982-07-09,0.9428,0.958,0.9225,0.9377,0.1733,10071447
1982-07-12,0.9529,0.958,0.9428,0.958,0.177,2912434
1982-07-13,0.9479,0.9732,0.9428,0.9631,0.1779,4382214
1982-07-14,0.9479,0.958,0.9428,0.958,0.177,2912434
1982-07-15,0.9529,0.9631,0.9377,0.9377,0.1733,1785438
1982-07-16,0.9631,0.9884,0.9327,0.9833,0.1817,8456169
1982-07-19,0.9884,1.0036,0.9732,0.9833,0.1817,6646070
1982-07-20,0.9681,0.9783,0.958,0.9783,0.1807,2779266
1982-07-21,0.9833,0.9935,0.9732,0.9833,0.1817,9519047
1982-07-22,0.9732,0.9833,0.9631,0.9732,0.1798,4794048
1982-07-23,0.9529,0.9833,0.9225,0.9833,0.1817,8754563
1982-07-26,0.9783,0.9833,0.9681,0.9681,0.1789,1733650
1982-07-27,0.9732,0.9783,0.9631,0.9732,0.1798,6739781
1982-07-28,0.958,0.9681,0.9479,0.9529,0.1761,5839664
1982-07-29,0.9276,0.9529,0.8972,0.9276,0.1714,6071475
1982-07-30,0.9225,0.9276,0.9175,0.9175,0.1695,3896397
1982-08-02,0.9428,0.9529,0.9276,0.9377,0.1733,11533829
1982-08-03,0.9428,0.9529,0.9327,0.9327,0.1723,25361107
1982-08-04,0.9175,0.9225,0.9073,0.9175,0.1695,3368657
1982-08-05,0.9022,0.9124,0.887,0.8921,0.1648,6244100
1982-08-06,0.8921,0.8972,0.887,0.8921,0.1648,1918606
1982-08-09,0.8921,0.8972,0.882,0.887,0.1639,3102321
1982-08-10,0.9073,0.9175,0.8921,0.9073,0.1676,3780492
1982-08-11,0.9175,0.9225,0.9073,0.9073,0.1676,2468540
1982-08-12,0.9124,0.9225,0.9022,0.9022,0.1667,3191100
1982-08-13,0.9073,0.9175,0.8972,0.9124,0.1686,7267521
1982-08-16,0.9377,0.9479,0.9276,0.9276,0.1714,6870483
1982-08-17,0.9681,0.9986,0.9327,0.9986,0.1845,9033230
1982-08-18,0.9986,1.029,0.9631,0.9631,0.1779,17452407
1982-08-19,0.9833,1.0138,0.9479,0.9884,0.1826,8411779
1982-08-20,1.029,1.0543,1.0036,1.0391,0.192,13906193
1982-08-23,1.0594,1.1101,1.0036,1.0999,0.2032,30828394
1982-08-24,1.0949,1.1303,1.0797,1.0847,0.2004,23075057
1982-08-25,1.1202,1.1455,1.0898,1.1303,0.2088,23353723
1982-08-26,1.1455,1.1557,1.1303,1.1354,0.2098,20754481
1982-08-27,1.1253,1.1354,1.1101,1.1202,0.207,9898822
1982-08-30,1.0999,1.1101,1.0898,1.105,0.2042,6638672
1982-08-31,1.1101,1.1253,1.0898,1.1151,0.206,11183647
1982-09-01,1.1151,1.1253,1.0999,1.1101,0.2051,9888958
1982-09-02,1.1354,1.1709,1.0999,1.1709,0.2163,11265027
1982-09-03,1.181,1.2064,1.1506,1.1658,0.2154,18904925
1982-09-07,1.1506,1.1709,1.1253,1.1405,0.2107,10613983
1982-09-08,1.1151,1.1405,1.0898,1.0949,0.2023,13486960
1982-09-09,1.0999,1.1151,1.0847,1.0898,0.2013,7817455
1982-09-10,1.0746,1.0847,1.0644,1.0695,0.1976,7723744
1982-09-13,1.0797,1.105,1.0492,1.105,0.2042,7785396
1982-09-14,1.1253,1.1405,1.105,1.1303,0.2088,15686698
1982-09-15,1.1253,1.1303,1.1202,1.1253,0.2079,3602934
1982-09-16,1.1202,1.1354,1.105,1.1253,0.2079,17326637
1982-09-17,1.105,1.1202,1.0847,1.0999,0.2032,5151629
1982-09-20,1.0797,1.0949,1.0644,1.0949,0.2023,5701564
1982-09-21,1.0898,1.0999,1.0797,1.0949,0.2023,9080085
1982-09-22,1.105,1.1253,1.0797,1.0847,0.2004,4392078
1982-09-23,1.0695,1.0898,1.0442,1.0543,0.1948,3144245
1982-09-24,1.0644,1.0746,1.0543,1.0543,0.1948,4335358
1982-09-27,1.0492,1.0644,1.034,1.0543,0.1948,2892705
1982-09-28,1.0797,1.0949,1.0594,1.0746,0.1985,8860605
1982-09-29,1.0594,1.0746,1.0391,1.0543,0.1948,3506758
1982-09-30,1.0442,1.0492,1.034,1.0391,0.192,5154095
1982-10-01,1.0391,1.0999,1.0391,1.0949,0.2023,15084976
1982-10-04,1.0695,1.0797,1.0543,1.0644,0.1967,6761976
1982-10-05,1.0797,1.0898,1.0695,1.0847,0.2004,5940773
1982-10-06,1.1101,1.1455,1.0746,1.1455,0.2116,8308204
1982-10-07,1.181,1.1962,1.1608,1.1658,0.2154,16480774
1982-10-08,1.1658,1.181,1.1506,1.176,0.2173,7092429
1982-10-11,1.2469,1.2773,1.2165,1.252,0.2313,27935689
1982-10-12,1.2368,1.2621,1.2165,1.2317,0.2276,10601653
1982-10-13,1.2266,1.2571,1.2064,1.2317,0.2276,8182434
1982-10-14,1.1912,1.2266,1.1506,1.1557,0.2135,8406847
1982-10-15,1.1608,1.1861,1.1354,1.1709,0.2163,6207109
1982-10-18,1.1709,1.2571,1.1658,1.2571,0.2323,12330371
1982-10-19,1.2571,1.2824,1.2266,1.2419,0.2294,12419150
1982-10-20,1.2672,1.2875,1.2419,1.2824,0.2369,16268692
1982-10-21,1.2723,1.3027,1.2419,1.2571,0.2323,20157691
1982-10-22,1.2824,1.3128,1.252,1.2723,0.2351,14170062
1982-10-25,1.2165,1.2469,1.181,1.181,0.2182,8337797
1982-10-26,1.181,1.1962,1.1658,1.1962,0.221,10549866
1982-10-27,1.1861,1.2064,1.1658,1.2064,0.2229,9237914
1982-10-28,1.2165,1.2266,1.2013,1.2064,0.2229,7738541
1982-10-29,1.2571,1.3027,1.2064,1.2925,0.2388,13708907
1982-11-01,1.2875,1.3027,1.2723,1.2976,0.2397,10130633
1982-11-02,1.2976,1.323,1.2672,1.2773,0.236,9908686
1982-11-03,1.323,1.3635,1.2824,1.3635,0.2519,19368547
1982-11-04,1.3534,1.3888,1.3179,1.323,0.2444,20734752
1982-11-05,1.3331,1.3483,1.3128,1.3128,0.2426,10056651
1982-11-08,1.2824,1.3027,1.2571,1.2621,0.2332,9393277
1982-11-09,1.2824,1.3077,1.252,1.3027,0.2407,7003651
1982-11-10,1.3027,1.3382,1.2621,1.2672,0.2341,12409285
1982-11-11,1.2672,1.2875,1.2469,1.2773,0.236,4226851
1982-11-12,1.2824,1.3077,1.2571,1.2672,0.2341,8631260
1982-11-15,1.2266,1.2419,1.2114,1.2266,0.2266,4478391
1982-11-16,1.2013,1.2317,1.1658,1.2165,0.2248,14737260
1982-11-17,1.2469,1.2672,1.2216,1.2672,0.2341,4221919
1982-11-18,1.2875,1.323,1.2469,1.323,0.2444,10189819
1982-11-19,1.3128,1.3331,1.2925,1.2925,0.2388,6377268
1982-11-22,1.2773,1.2925,1.2621,1.2672,0.2341,3925990
1982-11-23,1.2469,1.2672,1.2216,1.2266,0.2266,6115864
1982-11-24,1.2419,1.252,1.2266,1.252,0.2313,6110932
1982-11-26,1.2824,1.2976,1.2672,1.2875,0.2379,6863085
1982-11-29,1.2773,1.2925,1.2621,1.2824,0.2369,7368630
1982-11-30,1.3128,1.3483,1.2723,1.3382,0.2472,12692884
1982-12-01,1.3736,1.399,1.3483,1.3635,0.2519,15962898
1982-12-02,1.3686,1.3838,1.3534,1.3736,0.2538,11770572
1982-12-03,1.3686,1.3888,1.3483,1.3534,0.25,6483309
1982-12-06,1.3787,1.4091,1.3432,1.4041,0.2594,14986333
1982-12-07,1.4243,1.4395,1.4091,1.4345,0.265,21141654
1982-12-08,1.4345,1.4497,1.4142,1.4446,0.2669,8892664
1982-12-09,1.4294,1.4497,1.4091,1.4193,0.2622,11787835
1982-12-10,1.3838,1.4243,1.3382,1.3584,0.251,11753310
1982-12-13,1.3838,1.4041,1.3584,1.3939,0.2575,7339037
1982-12-14,1.4294,1.4547,1.4041,1.4091,0.2603,14379679
1982-12-15,1.4395,1.4699,1.4041,1.4345,0.265,15304457
1982-12-16,1.4395,1.4497,1.4243,1.4294,0.2641,7141751
1982-12-17,1.4902,1.546,1.4345,1.5308,0.2828,12877840
1982-12-20,1.546,1.5713,1.5156,1.5409,0.2847,21168781
1982-12-21,1.6068,1.6727,1.5358,1.6524,0.3053,17802590
1982-12-22,1.6321,1.6575,1.6068,1.6321,0.3016,19121940
1982-12-23,1.6271,1.6321,1.6169,1.622,0.2997,9533843
1982-12-27,1.6524,1.6879,1.6169,1.6676,0.3081,12569580
1982-12-28,1.6575,1.6778,1.6372,1.6474,0.3044,11531363
1982-12-29,1.6321,1.6524,1.6119,1.6169,0.2987,13699042
1982-12-30,1.6017,1.6271,1.5764,1.5764,0.2912,11356272
1982-12-31,1.5713,1.5967,1.546,1.5764,0.2912,7163946
1983-01-03,1.5561,1.5764,1.5308,1.5409,0.2847,6125728
1983-01-04,1.546,1.5764,1.5156,1.5663,0.2894,9119542
1983-01-05,1.5764,1.5916,1.5561,1.5713,0.2903,6253964
1983-01-06,1.6068,1.6423,1.5713,1.6271,0.3006,16406792
1983-01-07,1.5967,1.6271,1.5663,1.6119,0.2978,14009768
1983-01-10,1.622,1.6423,1.6017,1.6271,0.3006,10325453
1983-01-11,1.6068,1.622,1.5916,1.5967,0.295,4759523
1983-01-12,1.622,1.6524,1.5865,1.6119,0.2978,11886478
1983-01-13,1.5764,1.6068,1.546,1.5612,0.2884,9075153
1983-01-14,1.5713,1.5815,1.5612,1.5663,0.2894,2823655
1983-01-17,1.5916,1.6068,1.5764,1.5815,0.2922,4882827
1983-01-18,1.5764,1.5865,1.5663,1.5764,0.2912,4626355
1983-01-19,1.5409,1.5815,1.5004,1.5004,0.2772,7674423
1983-01-20,1.5105,1.5308,1.4902,1.5156,0.28,5378508
1983-01-21,1.4902,1.5054,1.4699,1.4699,0.2716,2774334
1983-01-24,1.4193,1.4446,1.3888,1.4446,0.2669,5962967
1983-01-25,1.5054,1.5358,1.4699,1.5257,0.2819,9496852
1983-01-26,1.5358,1.546,1.5206,1.5409,0.2847,4653482
1983-01-27,1.5815,1.6169,1.5409,1.6017,0.2959,5701564
1983-01-28,1.5967,1.6271,1.5612,1.5815,0.2922,9634952
1983-01-31,1.5967,1.6169,1.5764,1.6068,0.2969,6924736
1983-02-01,1.6119,1.6271,1.5916,1.5916,0.2941,8581938
1983-02-02,1.5967,1.6169,1.5764,1.6068,0.2969,4813777
1983-02-03,1.5916,1.622,1.5612,1.5865,0.2931,7139285
1983-02-04,1.5764,1.5865,1.5612,1.5865,0.2931,11511634
1983-02-07,1.5967,1.6119,1.5815,1.5865,0.2931,4766921
1983-02-08,1.6068,1.6169,1.5916,1.5967,0.295,7033244
1983-02-09,1.5865,1.6068,1.5663,1.5815,0.2922,5316856
1983-02-10,1.5967,1.622,1.5713,1.622,0.2997,9834704
1983-02-11,1.6321,1.6727,1.5865,1.6474,0.3044,27750733
1983-02-14,1.7031,1.7335,1.6676,1.7285,0.3193,17449941
1983-02-15,1.7132,1.7437,1.6778,1.693,0.3128,10786609
1983-02-16,1.6879,1.7082,1.6626,1.6676,0.3081,8239154
1983-02-17,1.6372,1.6727,1.6017,1.6423,0.3034,8340263
1983-02-18,1.6524,1.6676,1.6321,1.6474,0.3044,4606627
1983-02-22,1.6271,1.6474,1.6017,1.6271,0.3006,4690473
1983-02-23,1.5916,1.6271,1.551,1.5916,0.2941,6115864
1983-02-24,1.622,1.6474,1.5967,1.622,0.2997,8056664
1983-02-25,1.6119,1.6372,1.5865,1.5967,0.295,6530165
1983-02-28,1.5663,1.5865,1.5409,1.546,0.2856,9117076
1983-03-01,1.5967,1.6474,1.5409,1.6423,0.3034,14909885
1983-03-02,1.6676,1.6828,1.6524,1.6778,0.31,9477123
1983-03-03,1.7031,1.7132,1.6879,1.7031,0.3147,13469697
1983-03-04,1.6879,1.7132,1.6626,1.6727,0.309,7134353
1983-03-07,1.6423,1.6778,1.6017,1.622,0.2997,8298340
1983-03-08,1.6119,1.6271,1.5967,1.6068,0.2969,5459888
1983-03-09,1.6169,1.6474,1.5865,1.6423,0.3034,9430268
1983-03-10,1.6474,1.6778,1.6119,1.622,0.2997,10359978
1983-03-11,1.622,1.6321,1.6068,1.6321,0.3016,3432775
1983-03-14,1.5967,1.622,1.5713,1.5815,0.2922,12848247
1983-03-15,1.5865,1.6017,1.5663,1.6017,0.2959,3886533
1983-03-16,1.6017,1.6119,1.5916,1.5967,0.295,6870483
1983-03-17,1.5967,1.6017,1.5865,1.6017,0.2959,3997506
1983-03-18,1.6119,1.622,1.5967,1.622,0.2997,6303286
1983-03-21,1.6423,1.6676,1.6119,1.6626,0.3072,13652187
1983-03-22,1.6524,1.6524,1.6372,1.6372,0.3025,5299594
1983-03-23,1.6575,1.693,1.6423,1.6778,0.31,6941999
1983-03-24,1.6828,1.6828,1.6321,1.6524,0.3053,2700351
1983-03-25,1.6524,1.6524,1.5967,1.6169,0.2987,3995040
1983-03-28,1.6169,1.622,1.6017,1.6169,0.2987,4044362
1983-03-29,1.6169,1.6321,1.6169,1.6169,0.2987,2507997
1983-03-30,1.6626,1.6676,1.622,1.6626,0.3072,6690459
1983-03-31,1.6626,1.6879,1.6271,1.6321,0.3016,7834718
1983-04-04,1.622,1.6423,1.6119,1.6423,0.3034,6448784
1983-04-05,1.6575,1.6626,1.6169,1.622,0.2997,6594282
1983-04-06,1.622,1.622,1.5713,1.5815,0.2922,10436426
1983-04-07,1.5916,1.5967,1.551,1.5612,0.2884,10811269
1983-04-08,1.5612,1.5815,1.5308,1.5815,0.2922,7711414
1983-04-11,1.5815,1.6068,1.5815,1.6068,0.2969,9102280
1983-04-12,1.622,1.6321,1.5967,1.6321,0.3016,9745925
1983-04-13,1.6423,1.7234,1.6372,1.7132,0.3165,33321595
1983-04-14,1.7538,1.8096,1.7437,1.8045,0.3334,40012054
1983-04-15,1.8096,1.8197,1.7487,1.7791,0.3287,14692870
1983-04-18,1.7791,1.8045,1.7741,1.7994,0.3325,9516580
1983-04-19,1.7994,1.8045,1.769,1.769,0.3268,7851980
1983-04-20,1.769,1.8755,1.769,1.8602,0.3437,21279754
1983-04-21,1.8653,1.8755,1.84,1.8501,0.3418,9748391
1983-04-22,1.8602,1.9566,1.8552,1.9413,0.3587,17689150
1983-04-25,1.9464,1.9819,1.9109,1.9109,0.3531,16601612
1983-04-26,1.9312,1.9971,1.8653,1.987,0.3671,10214479
1983-04-27,1.9768,2.0022,1.9464,1.9616,0.3624,18562141
1983-04-28,1.9667,2.0022,1.9312,1.9971,0.369,14118275
1983-04-29,2.0478,2.0883,2.0022,2.0833,0.3849,32046635
1983-05-02,2.0478,2.0782,2.0174,2.0275,0.3746,12946890
1983-05-03,2.0224,2.0275,1.9768,2.0174,0.3727,13790287
1983-05-04,2.0224,2.0427,1.9971,2.0174,0.3727,15521471
1983-05-05,2.0326,2.0529,2.0072,2.0478,0.3783,10086244
1983-05-06,2.0478,2.1441,2.0478,2.0985,0.3877,29395605
1983-05-09,2.0681,2.1086,2.063,2.0934,0.3868,9114610
1983-05-10,2.0985,2.1188,2.0782,2.0883,0.3858,13733567
1983-05-11,2.0934,2.0985,1.987,2.0123,0.3718,7578246
1983-05-12,2.0275,2.0275,1.9971,2.0022,0.3699,7953089
1983-05-13,2.0275,2.0883,2.0174,2.0782,0.384,10641110
1983-05-16,2.0478,2.0579,2.0174,2.0326,0.3755,8934587
1983-05-17,2.0427,2.0529,2.0275,2.0427,0.3774,5711428
1983-05-18,2.0478,2.063,1.9718,1.9768,0.3652,10036922
1983-05-19,1.987,2.0427,1.987,2.0123,0.3718,11743445
1983-05-20,2.0174,2.0174,1.9667,1.9819,0.3662,4411807
1983-05-23,1.9566,2.0072,1.9515,1.9971,0.369,6705256
1983-05-24,2.0022,2.0224,1.9971,2.0123,0.3718,5893917
1983-05-25,2.0224,2.0377,1.992,2.0275,0.3746,5427829
1983-05-26,2.0377,2.0377,1.987,1.987,0.3671,6722518
1983-05-27,1.992,1.992,1.9616,1.9667,0.3634,5171358
1983-05-31,1.9566,1.9566,1.8805,1.9059,0.3521,9819908
1983-06-01,1.916,1.9768,1.9059,1.9768,0.3652,15565860
1983-06-02,1.992,2.0377,1.987,2.0377,0.3765,8831012
1983-06-03,2.063,2.1035,2.0275,2.0833,0.3849,11353806
1983-06-06,2.0883,2.1593,2.0833,2.1542,0.398,13610264
1983-06-07,2.1593,2.1694,2.1289,2.1289,0.3933,12549852
1983-06-08,2.1086,2.1441,2.1035,2.134,0.3943,10818668
1983-06-09,2.1492,2.1593,2.1289,2.1492,0.3971,6934601
1983-06-10,2.1441,2.1593,2.134,2.1441,0.3961,9723731
1983-06-13,2.1644,2.2607,2.1492,2.2303,0.4121,13314335
1983-06-14,2.2252,2.2556,2.1999,2.2303,0.4121,16537494
1983-06-15,2.2303,2.2505,2.21,2.2505,0.4158,9689206
1983-06-16,2.2657,2.3012,2.2556,2.2759,0.4205,13395715
1983-06-17,2.281,2.281,2.2252,2.2303,0.4121,8458635
1983-06-20,2.2404,2.2911,2.2303,2.2911,0.4233,11420390
1983-06-21,2.281,2.3519,2.2607,2.3519,0.4345,15728621
1983-06-22,2.3671,2.3975,2.3367,2.3874,0.4411,10974030
1983-06-23,2.3823,2.3925,2.3367,2.3418,0.4327,9166398
1983-06-24,2.3519,2.3975,2.3519,2.3823,0.4402,7405621
1983-06-27,2.4026,2.4026,2.281,2.3012,0.4252,6207109
1983-06-28,2.3114,2.3266,2.2201,2.2303,0.4121,6451250
1983-06-29,2.2404,2.3215,2.1897,2.3114,0.427,10660839
1983-06-30,2.3114,2.3468,2.2759,2.2911,0.4233,7814989
1983-07-01,2.3012,2.3012,2.2657,2.2759,0.4205,3348929
1983-07-05,2.2201,2.2505,2.1846,2.2049,0.4074,12954288
1983-07-06,2.1999,2.2049,2.1238,2.1999,0.4064,9696604
1983-07-07,2.1999,2.2201,2.1644,2.1846,0.4036,7921030
1983-07-08,2.2049,2.2303,2.1897,2.2303,0.4121,12263787
1983-07-11,2.2708,2.3114,2.2607,2.2962,0.4242,8922257
1983-07-12,2.2962,2.3012,2.2556,2.2607,0.4177,12364896
1983-07-13,2.2556,2.286,2.2455,2.2657,0.4186,5886519
1983-07-14,2.3114,2.3925,2.3063,2.3633,0.4366,21625005
1983-07-15,2.357,2.3773,2.3012,2.3114,0.427,14064021
1983-07-18,2.3114,2.3266,2.2962,2.3164,0.428,12895102
1983-07-19,2.3114,2.3266,2.3012,2.3114,0.427,11605345
1983-07-20,2.3519,2.3823,2.3266,2.3823,0.4402,9647282
1983-07-21,2.3823,2.4229,2.3722,2.4229,0.4476,14818640
1983-07-22,2.4001,2.4178,2.3823,2.4026,0.4439,7274919
1983-07-25,2.3823,2.4634,2.3671,2.4584,0.4542,21329076
1983-07-26,2.4685,2.5293,2.4584,2.5141,0.4645,12204601
1983-07-27,2.5851,2.5851,2.4989,2.5496,0.4733,28515216
1983-07-28,2.5445,2.5445,2.4432,2.4533,0.4555,9879093
1983-07-29,2.4634,2.4736,2.3874,2.4381,0.4526,12226796
1983-08-01,2.4127,2.4432,2.4127,2.4229,0.4498,10436426
1983-08-02,2.4279,2.4279,2.3418,2.3418,0.4348,8362458
1983-08-03,2.3468,2.357,2.3012,2.3114,0.4291,8419177
1983-08-04,2.3164,2.3164,2.1948,2.2353,0.415,16803830
1983-08-05,2.2252,2.2911,2.2049,2.2911,0.4254,13208294
1983-08-08,2.281,2.281,2.1897,2.1897,0.4065,12207067
1983-08-09,2.2201,2.2404,2.1694,2.2404,0.4159,15684232
1983-08-10,2.2303,2.3367,2.2201,2.3063,0.4282,13459833
1983-08-11,2.3114,2.3418,2.2911,2.2962,0.4263,7787862
1983-08-12,2.2962,2.2962,2.2505,2.2708,0.4216,7893904
1983-08-15,2.3114,2.3468,2.3012,2.3164,0.4301,10527671
1983-08-16,2.3063,2.3164,2.2505,2.2708,0.4216,9593029
1983-08-17,2.2759,2.3266,2.2708,2.3114,0.4291,6409327
1983-08-18,2.3367,2.3367,2.2657,2.281,0.4235,4475925
1983-08-19,2.281,2.2911,2.2708,2.2911,0.4254,3062864
1983-08-22,2.3215,2.3266,2.2404,2.2505,0.4178,16668196
1983-08-23,2.2404,2.2404,2.2049,2.2151,0.4112,2996280
1983-08-24,2.2151,2.2404,2.1492,2.1542,0.3999,5933375
1983-08-25,2.1492,2.1593,2.1035,2.139,0.3971,12818654
1983-08-26,2.1441,2.2252,2.134,2.2201,0.4122,12618902
1983-08-29,2.21,2.21,2.1796,2.2049,0.4094,10978962
1983-08-30,2.2049,2.2556,2.1999,2.2201,0.4122,7721278
1983-08-31,2.2201,2.3215,2.2151,2.3114,0.4291,9390811
1983-09-01,2.3773,2.3975,2.3367,2.3925,0.4442,19617620
1983-09-02,2.3975,2.4432,2.3925,2.4432,0.4536,15701495
1983-09-06,2.504,2.5243,2.4837,2.5141,0.4668,26855548
1983-09-07,2.5141,2.5192,2.4634,2.4786,0.4602,17092360
1983-09-08,2.4786,2.5445,2.4685,2.5344,0.4705,15602852
1983-09-09,2.5395,2.5445,2.4837,2.509,0.4658,11075139
1983-09-12,2.5547,2.5597,2.4533,2.4634,0.4573,22507859
1983-09-13,2.4482,2.4634,2.4178,2.4229,0.4498,10532603
1983-09-14,2.4279,2.4938,2.4229,2.4685,0.4583,13669449
1983-09-15,2.4685,2.4736,2.4381,2.4381,0.4526,4905022
1983-09-16,2.4381,2.4888,2.433,2.4736,0.4592,7972818
1983-09-19,2.504,2.5699,2.4989,2.5547,0.4743,18330330
1983-09-20,2.5648,2.5699,2.5648,2.5699,0.4771,25420293
1983-09-21,2.58,2.58,2.5395,2.5547,0.4743,9864297
1983-09-22,2.5445,2.6003,2.5445,2.5901,0.4809,15773011
1983-09-23,2.5901,2.6307,2.5749,2.6307,0.4884,15144162
1983-09-26,2.6459,2.656,2.6206,2.6307,0.4884,23124378
1983-09-27,2.6206,2.6206,2.5699,2.5749,0.4781,9193525
1983-09-28,2.5749,2.6003,2.5699,2.5952,0.4818,4360019
1983-09-29,2.5952,2.6104,2.5597,2.5648,0.4762,5763215
1983-09-30,2.5547,2.5597,2.4736,2.504,0.4649,13859337
1983-10-03,2.4989,2.4989,2.4432,2.4685,0.4583,12044307
1983-10-04,2.4786,2.5749,2.4786,2.5699,0.4771,19072618
1983-10-05,2.5901,2.6003,2.5648,2.6003,0.4828,16601612
1983-10-06,2.6003,2.6662,2.6003,2.6662,0.495,24182324
1983-10-07,2.6611,2.7067,2.6459,2.6915,0.4997,26285885
1983-10-10,2.6763,2.7473,2.6713,2.7473,0.51,9800179
1983-10-11,2.727,2.727,2.6662,2.6763,0.4969,9516580
1983-10-12,2.6662,2.7067,2.6611,2.6865,0.4988,8976510
1983-10-13,2.7017,2.7929,2.7017,2.7828,0.5166,16648467
1983-10-14,2.7422,2.7676,2.7371,2.7574,0.5119,12214466
1983-10-17,2.7726,2.8436,2.7625,2.8081,0.5213,11723717
1983-10-18,2.7878,2.7929,2.7169,2.7422,0.5091,15297058
1983-10-19,2.727,2.7371,2.651,2.6763,0.4969,24078749
1983-10-20,2.6763,2.7118,2.656,2.7067,0.5025,15634911
1983-10-21,2.7169,2.7219,2.6713,2.6915,0.4997,10004863
1983-10-24,2.6611,2.7676,2.651,2.7574,0.5119,13403113
1983-10-25,2.7777,2.8385,2.7777,2.803,0.5204,14448729
1983-10-26,2.7777,2.8385,2.7777,2.7929,0.5219,13277344
1983-10-27,2.7828,2.7878,2.7219,2.7574,0.5153,13252683
1983-10-28,2.7625,2.7676,2.651,2.6865,0.502,18184831
1983-10-31,2.7118,2.7321,2.6662,2.6915,0.503,10083777
1983-11-01,2.6915,2.6966,2.6003,2.6358,0.4926,12325439
1983-11-02,2.6408,2.6814,2.6206,2.6763,0.5001,13883998
1983-11-03,2.6713,2.6814,2.6155,2.6155,0.4888,6840890
1983-11-04,2.6155,2.6256,2.5445,2.5699,0.4802,11691658
1983-11-07,2.5699,2.6206,2.5648,2.5901,0.484,8458635
1983-11-08,2.6003,2.6003,2.5699,2.5699,0.4802,8022139
1983-11-09,2.5749,2.6763,2.5749,2.6611,0.4973,10268733
1983-11-10,2.6611,2.6814,2.651,2.6662,0.4982,8959248
1983-11-11,2.6763,2.6915,2.6459,2.6814,0.5011,9652215
1983-11-14,2.6865,2.6966,2.6104,2.6256,0.4907,11913605
1983-11-15,2.6256,2.6408,2.58,2.5901,0.484,14781649
1983-11-16,2.6003,2.6206,2.6003,2.6104,0.4878,7731143
1983-11-17,2.6104,2.651,2.6054,2.6408,0.4935,5134367
1983-11-18,2.6408,2.656,2.6256,2.6459,0.4944,6530165
1983-11-21,2.6611,2.7118,2.656,2.6915,0.503,10433960
1983-11-22,2.6966,2.7067,2.656,2.6814,0.5011,9745925
1983-11-23,2.6358,2.651,2.5851,2.6003,0.4859,12330371
1983-11-25,2.6104,2.6104,2.5648,2.58,0.4821,7521526
1983-11-28,2.5749,2.5749,2.5395,2.5597,0.4783,16424054
1983-11-29,2.5547,2.58,2.5395,2.5749,0.4812,19272370
1983-11-30,2.5699,2.5699,2.4938,2.504,0.4679,14204588
1983-12-01,2.4938,2.5496,2.4888,2.5496,0.4764,14835903
1983-12-02,2.5699,2.5699,2.5014,2.5243,0.4717,8348483
1983-12-05,2.5167,2.5699,2.5014,2.5547,0.4774,14076352
1983-12-06,2.5547,2.5623,2.509,2.5243,0.4717,3840500
1983-12-07,2.5014,2.5623,2.5014,2.5547,0.4774,6304930
1983-12-08,2.5395,2.5547,2.509,2.509,0.4689,3482097
1983-12-09,2.5014,2.5319,2.433,2.5243,0.4717,13025804
1983-12-12,2.5547,2.5547,2.5243,2.5547,0.4774,3796110
1983-12-13,2.5167,2.5395,2.509,2.509,0.4689,5403991
1983-12-14,2.5167,2.5319,2.4786,2.509,0.4689,8493160
1983-12-15,2.4862,2.509,2.4482,2.4558,0.4589,8466855
1983-12-16,2.4634,2.4938,2.4558,2.4786,0.4632,7330817
1983-12-19,2.509,2.5395,2.4862,2.5319,0.4731,5773902
1983-12-20,2.5319,2.5547,2.5319,2.5471,0.476,6429878
1983-12-21,2.5927,2.6307,2.5851,2.6155,0.4888,5017639
1983-12-22,2.6687,2.6763,2.6307,2.6459,0.4944,6530165
1983-12-23,2.6459,2.6687,2.6307,2.6535,0.4959,2845850
1983-12-27,2.6535,2.7067,2.6535,2.6839,0.5016,5614429
1983-12-28,2.6839,2.6915,2.6687,2.6915,0.503,4923928
1983-12-29,2.6991,2.6991,2.6079,2.6079,0.4873,7674423
1983-12-30,2.6155,2.6307,2.5775,2.5775,0.4817,6301642
1984-01-03,2.5851,2.6155,2.5699,2.5775,0.4817,6507148
1984-01-04,2.5623,2.6839,2.5623,2.6763,0.5001,11830580
1984-01-05,2.7371,2.7676,2.7067,2.7447,0.5129,12358320
1984-01-06,2.7219,2.7524,2.6991,2.7371,0.5115,11832224
1984-01-09,2.7447,2.7904,2.7143,2.7676,0.5172,7807591
1984-01-10,2.798,2.8132,2.7524,2.7676,0.5172,8716750
1984-01-11,2.7524,2.8056,2.7524,2.8056,0.5243,8871291
1984-01-12,2.798,2.8056,2.7752,2.798,0.5229,8121604
1984-01-13,2.8132,2.8284,2.7447,2.76,0.5158,14046759
1984-01-16,2.7752,2.7828,2.7371,2.7676,0.5172,6099424
1984-01-17,2.7676,2.7904,2.7447,2.7904,0.5214,6480843
1984-01-18,2.8208,2.8208,2.7676,2.7676,0.5172,7343969
1984-01-19,2.7828,2.7904,2.7371,2.7371,0.5115,2936272
1984-01-20,2.7371,2.7447,2.6839,2.6915,0.503,4971606
1984-01-23,2.6763,2.6763,2.6307,2.6307,0.4916,6607435
1984-01-24,2.6535,2.6763,2.6459,2.6611,0.4973,7255190
1984-01-25,2.6763,2.6915,2.6155,2.6155,0.4921,7427816
1984-01-26,2.6155,2.6611,2.5775,2.6155,0.4921,5619361
1984-01-27,2.6231,2.6611,2.5699,2.5775,0.485,6309862
1984-01-30,2.6307,2.6307,2.509,2.5319,0.4764,8794021
1984-01-31,2.5395,2.5471,2.4786,2.4862,0.4678,8307382
1984-02-01,2.5014,2.509,2.3798,2.4102,0.4535,16327055
1984-02-02,2.4178,2.4786,2.4102,2.471,0.465,14058267
1984-02-03,2.4938,2.4938,2.3722,2.3798,0.4478,12785773
1984-02-06,2.3418,2.3798,2.3342,2.3418,0.4406,12751248
1984-02-07,2.3114,2.357,2.281,2.3266,0.4378,17188537
1984-02-08,2.3494,2.3646,2.2886,2.2962,0.4321,15315965
1984-02-09,2.2962,2.3646,2.2201,2.2581,0.4249,26023659
1984-02-10,2.2581,2.2962,2.2505,2.2734,0.4278,9255999
1984-02-13,2.281,2.2962,2.2277,2.2657,0.4263,10225988
1984-02-14,2.3114,2.3874,2.2886,2.3798,0.4478,15587233
1984-02-15,2.4482,2.4482,2.3722,2.3722,0.4464,24940231
1984-02-16,2.4026,2.4102,2.3646,2.395,0.4506,9308608
1984-02-17,2.395,2.4102,2.2734,2.2962,0.4321,8680581
1984-02-21,2.2962,2.2962,2.1897,2.2049,0.4149,17976037
1984-02-22,2.2125,2.2277,2.1745,2.1973,0.4135,16336920
1984-02-23,2.1897,2.2049,2.1061,2.2049,0.4149,16724915
1984-02-24,2.2429,2.319,2.2201,2.3038,0.4335,20879428
1984-02-27,2.319,2.433,2.319,2.4026,0.4521,13706441
1984-02-28,2.3722,2.3722,2.2505,2.2657,0.4263,13214870
1984-02-29,2.2886,2.3114,2.2353,2.2657,0.4263,15470506
1984-03-01,2.2353,2.2962,2.2277,2.2886,0.4306,12720011
1984-03-02,2.357,2.395,2.3418,2.3722,0.4464,18873688
1984-03-05,2.3722,2.4026,2.357,2.3722,0.4464,11233790
1984-03-06,2.3722,2.4026,2.3266,2.3342,0.4392,11100622
1984-03-07,2.2962,2.3038,2.2657,2.2962,0.4321,12673977
1984-03-08,2.2962,2.3266,2.2886,2.3038,0.4335,12336947
1984-03-09,2.2734,2.2886,2.2505,2.2734,0.4278,6331235
1984-03-12,2.3038,2.319,2.281,2.319,0.4363,9821552
1984-03-13,2.357,2.3798,2.3342,2.3342,0.4392,12925517
1984-03-14,2.319,2.3722,2.3114,2.3646,0.4449,9302032
1984-03-15,2.3646,2.4254,2.3646,2.4102,0.4535,9070221
1984-03-16,2.471,2.4862,2.4102,2.4102,0.4535,23186030
1984-03-19,2.357,2.3646,2.3266,2.3494,0.4421,10571238
1984-03-20,2.357,2.3646,2.2734,2.2886,0.4306,10045142
1984-03-21,2.2962,2.3038,2.2734,2.2962,0.4321,6299998
1984-03-22,2.281,2.281,2.1973,2.2049,0.4149,10342715
1984-03-23,2.2049,2.2886,2.2049,2.2581,0.4249,12890992
1984-03-26,2.2505,2.2581,2.1973,2.2049,0.4149,9918551
1984-03-27,2.2049,2.2201,2.1517,2.1973,0.4135,16831779
1984-03-28,2.2201,2.2657,2.2125,2.2581,0.4249,17132640
1984-03-29,2.2886,2.2962,2.2277,2.2353,0.4206,11271603
1984-03-30,2.2201,2.2429,2.2125,2.2277,0.4192,3646502
1984-04-02,2.2657,2.2886,2.2125,2.2201,0.4177,9449996
1984-04-03,2.2049,2.2277,2.1517,2.1821,0.4106,13038956
1984-04-04,2.1897,2.1897,2.1289,2.1593,0.4063,21400592
1984-04-05,2.1669,2.1821,2.0148,2.0224,0.3805,18013850
1984-04-06,2.0377,2.0605,2.0072,2.0605,0.3877,14423246
1984-04-09,2.0605,2.1137,2.03,2.0605,0.3877,16498037
1984-04-10,2.0681,2.0909,2.0529,2.0681,0.3891,11940731
1984-04-11,2.0757,2.0909,2.0453,2.0681,0.3891,5694987
1984-04-12,2.0681,2.1745,2.0453,2.1745,0.4092,16815338
1984-04-13,2.1669,2.2049,2.0529,2.1213,0.3991,14008946
1984-04-16,2.1289,2.1669,2.0985,2.1593,0.4063,14155266
1984-04-17,2.1669,2.2049,2.1365,2.1897,0.412,14336111
1984-04-18,2.1897,2.2049,2.1441,2.1593,0.4063,9070221
1984-04-19,2.1593,2.1593,2.0985,2.1365,0.402,10987183
1984-04-23,2.1441,2.1517,2.0909,2.1061,0.3963,7214089
1984-04-24,2.0909,2.1213,2.0453,2.1137,0.3977,13762338
1984-04-25,2.1137,2.1517,2.0833,2.1289,0.4006,16917269
1984-04-26,2.1213,2.1745,2.1137,2.1593,0.411,19465546
1984-04-27,2.1517,2.1745,2.1441,2.1669,0.4124,13551900
1984-04-30,2.1897,2.2277,2.1745,2.2277,0.424,13757406
1984-05-01,2.2581,2.3114,2.2505,2.3038,0.4385,16752864
1984-05-02,2.3114,2.3266,2.281,2.2886,0.4356,16588459
1984-05-03,2.2353,2.2429,2.1745,2.2201,0.4226,20567059
1984-05-04,2.1897,2.2277,2.1289,2.1517,0.4095,17870818
1984-05-07,2.1441,2.1441,2.0681,2.1213,0.4038,20599940
1984-05-08,2.1289,2.1593,2.1061,2.1517,0.4095,10219412
1984-05-09,2.1441,2.1441,2.0833,2.1061,0.4009,13121159
1984-05-10,2.1061,2.1517,2.0909,2.1061,0.4009,15153204
1984-05-11,2.1213,2.1441,2.0909,2.1365,0.4067,20862988
1984-05-14,2.1137,2.1365,2.1061,2.1289,0.4052,14937834
1984-05-15,2.1441,2.1593,2.1061,2.1289,0.4052,15117035
1984-05-16,2.1289,2.1365,2.1137,2.1137,0.4023,11059521
1984-05-17,2.1137,2.1137,2.0681,2.1061,0.4009,8458635
1984-05-18,2.0985,2.1061,2.0681,2.0985,0.3994,7993369
1984-05-21,2.0985,2.1137,2.0833,2.0985,0.3994,3804331
1984-05-22,2.0985,2.1213,2.0681,2.1213,0.4038,11455737
1984-05-23,2.1441,2.1897,2.1213,2.1593,0.411,13408868
1984-05-24,2.1669,2.2049,2.1517,2.2049,0.4197,14881936
1984-05-25,2.1897,2.2657,2.1745,2.2429,0.4269,14702735
1984-05-29,2.2353,2.2429,2.1593,2.1821,0.4153,7921030
1984-05-30,2.1821,2.2353,2.1593,2.2201,0.4226,15046341
1984-05-31,2.2353,2.2657,2.2125,2.2429,0.4269,7069413
1984-06-01,2.2505,2.3418,2.2505,2.3418,0.4457,14219384
1984-06-04,2.3722,2.3798,2.3266,2.3342,0.4443,17198402
1984-06-05,2.319,2.3722,2.3114,2.3494,0.4472,13625882
1984-06-06,2.3418,2.3646,2.3114,2.3114,0.4399,13117871
1984-06-07,2.3114,2.3266,2.281,2.3038,0.4385,8746343
1984-06-08,2.2962,2.319,2.2886,2.2962,0.437,3883245
1984-06-11,2.2886,2.2962,2.1897,2.1897,0.4168,6518656
1984-06-12,2.1897,2.2049,2.1669,2.1821,0.4153,11182825
1984-06-13,2.2049,2.2353,2.1973,2.2353,0.4255,4946945
1984-06-14,2.2277,2.2277,2.1517,2.1593,0.411,11368602
1984-06-15,2.1745,2.1745,2.1213,2.1213,0.4038,10382172
1984-06-18,2.1137,2.2581,2.1061,2.2505,0.4284,14893444
1984-06-19,2.2505,2.2505,2.1973,2.2049,0.4197,6620587
1984-06-20,2.1593,2.2734,2.1517,2.2734,0.4327,10160226
1984-06-21,2.2429,2.2734,2.2125,2.2125,0.4211,10229276
1984-06-22,2.1745,2.2353,2.1745,2.2049,0.4197,15179509
1984-06-25,2.2125,2.2201,2.1517,2.1593,0.411,10096108
1984-06-26,2.1593,2.1669,2.1441,2.1593,0.411,4075599
1984-06-27,2.1593,2.1821,2.1289,2.1289,0.4052,7437680
1984-06-28,2.1441,2.1821,2.1441,2.1745,0.4139,6563046
1984-06-29,2.1669,2.1973,2.1593,2.1897,0.4168,11024996
1984-07-02,2.1973,2.2429,2.1897,2.2429,0.4269,8282721
1984-07-03,2.2505,2.281,2.2429,2.2734,0.4327,7447544
1984-07-05,2.2886,2.3038,2.2201,2.2277,0.424,6229303
1984-07-06,2.2277,2.2353,2.1897,2.2125,0.4211,6720874
1984-07-09,2.2277,2.319,2.2049,2.2962,0.437,15161424
1984-07-10,2.3038,2.357,2.2886,2.3342,0.4443,18676402
1984-07-11,2.319,2.3266,2.2201,2.2277,0.424,16389529
1984-07-12,2.2277,2.2505,2.1973,2.2353,0.4255,12935381
1984-07-13,2.2581,2.281,2.2201,2.2657,0.4313,8960070
1984-07-16,2.2734,2.3114,2.2429,2.3114,0.4399,8613175
1984-07-17,2.3114,2.3722,2.2962,2.357,0.4486,23049574
1984-07-18,2.357,2.3646,2.3342,2.3494,0.4472,11406415
1984-07-19,2.3418,2.395,2.3266,2.3494,0.4472,14341044
1984-07-20,2.357,2.3722,2.3114,2.319,0.4414,12379693
1984-07-23,2.2734,2.2886,2.2581,2.2581,0.4298,9504250
1984-07-24,2.281,2.2886,2.1973,2.2049,0.4197,6944465
1984-07-25,2.2049,2.2734,2.1973,2.2581,0.4298,11623430
1984-07-26,2.2734,2.319,2.1669,2.3038,0.4385,11827292
1984-07-27,2.2886,2.357,2.281,2.3494,0.4519,24808707
1984-07-30,2.3418,2.3798,2.3266,2.3494,0.4519,12374760
1984-07-31,2.3494,2.4026,2.3342,2.395,0.4607,16506257
1984-08-01,2.4102,2.4786,2.4102,2.4634,0.4739,27044614
1984-08-02,2.4786,2.5395,2.4634,2.5319,0.4871,30414915
1984-08-03,2.6155,2.6459,2.6003,2.6155,0.5031,38996854
1984-08-06,2.6307,2.7371,2.6231,2.7067,0.5207,39095497
1984-08-07,2.7067,2.7904,2.6535,2.7752,0.5339,33933181
1984-08-08,2.7904,2.7904,2.7219,2.7219,0.5236,24529218
1984-08-09,2.6991,2.8284,2.6991,2.798,0.5382,25515648
1984-08-10,2.8512,2.912,2.7295,2.7371,0.5265,19597070
1984-08-13,2.6915,2.76,2.6915,2.7524,0.5295,11786191
1984-08-14,2.7828,2.7828,2.7219,2.7371,0.5265,10495612
1984-08-15,2.7067,2.7219,2.6383,2.6459,0.509,12027866
1984-08-16,2.6611,2.7143,2.6611,2.6763,0.5148,11304484
1984-08-17,2.7067,2.7067,2.6687,2.6915,0.5178,7399867
1984-08-20,2.7067,2.7295,2.6839,2.7295,0.5251,4572102
1984-08-21,2.7371,2.8208,2.7295,2.7828,0.5353,17558448
1984-08-22,2.8284,2.8588,2.7219,2.7295,0.5251,37204840
1984-08-23,2.7295,2.76,2.6839,2.7447,0.528,9247778
1984-08-24,2.7676,2.7752,2.7524,2.7676,0.5324,4430713
1984-08-27,2.7371,2.7371,2.6915,2.7143,0.5222,6778416
1984-08-28,2.7143,2.7143,2.6839,2.6915,0.5178,7733609
1984-08-29,2.6839,2.6839,2.5775,2.5775,0.4958,19597070
1984-08-30,2.6003,2.6231,2.5775,2.5851,0.4973,8261349
1984-08-31,2.5851,2.6155,2.5851,2.6079,0.5017,4660880
1984-09-04,2.6155,2.6307,2.5851,2.6231,0.5046,5778834
1984-09-05,2.6079,2.6155,2.5927,2.5927,0.4988,6995431
1984-09-06,2.6155,2.6687,2.6003,2.6611,0.5119,9109678
1984-09-07,2.6763,2.6839,2.6155,2.6231,0.5046,10763592
1984-09-10,2.6079,2.6915,2.5851,2.6079,0.5017,7682643
1984-09-11,2.6687,2.6687,2.6079,2.6079,0.5017,11057877
1984-09-12,2.6079,2.6459,2.6003,2.6459,0.509,7074345
1984-09-13,2.6687,2.7447,2.6383,2.7371,0.5265,11511634
1984-09-14,2.7828,2.7904,2.7371,2.76,0.5309,21339762
1984-09-17,2.7447,2.8284,2.7447,2.8208,0.5426,10410121
1984-09-18,2.8132,2.8208,2.7676,2.7828,0.5353,14229248
1984-09-19,2.7676,2.8284,2.76,2.76,0.5309,12547386
1984-09-20,2.76,2.7904,2.76,2.7828,0.5353,7519882
1984-09-21,2.7828,2.8284,2.7371,2.7447,0.528,13880710
1984-09-24,2.7904,2.8132,2.7447,2.7904,0.5368,13081702
1984-09-25,2.7828,2.8056,2.76,2.8056,0.5397,12795637
1984-09-26,2.8284,2.8968,2.8132,2.874,0.5529,25515648
1984-09-27,2.9044,2.9196,2.8816,2.9044,0.5587,9578232
1984-09-28,2.8892,2.8968,2.7828,2.7828,0.5353,9430268
1984-10-01,2.7524,2.7828,2.7447,2.76,0.5309,9550283
1984-10-02,2.7524,2.798,2.7371,2.7371,0.5265,9448352
1984-10-03,2.7219,2.7295,2.6611,2.6687,0.5134,13630814
1984-10-04,2.6763,2.7143,2.6687,2.7067,0.5207,6492351
1984-10-05,2.7067,2.7219,2.6839,2.6991,0.5192,8392873
1984-10-08,2.6839,2.6991,2.6687,2.6915,0.5178,3769805
1984-10-09,2.7067,2.7295,2.6763,2.6763,0.5148,5821579
1984-10-10,2.6839,2.7295,2.6383,2.7295,0.5251,10794829
1984-10-11,2.7371,2.8208,2.7143,2.8132,0.5412,7958844
1984-10-12,2.836,2.8588,2.798,2.8284,0.5441,7460697
1984-10-15,2.836,2.912,2.8284,2.8816,0.5543,10484104
1984-10-16,2.8816,2.8892,2.8284,2.8436,0.547,5854460
1984-10-17,2.8588,2.9348,2.8436,2.9044,0.5587,13469697
1984-10-18,2.9044,3.0717,2.9044,3.0717,0.5909,30431356
1984-10-19,3.1173,3.1249,3.0261,3.0413,0.585,30760166
1984-10-22,3.0413,3.1021,3.0261,3.0413,0.585,12728231
1984-10-23,3.0413,3.0793,3.0109,3.0261,0.5821,10265445
1984-10-24,3.0337,3.0489,3.0109,3.0261,0.5821,7436036
1984-10-25,3.0413,3.0565,3.0261,3.0261,0.5821,10367376
1984-10-26,2.9348,2.9652,2.8816,2.8892,0.5603,15657927
1984-10-29,2.8816,2.8816,2.798,2.8132,0.5456,11792767
1984-10-30,2.8132,2.9044,2.8132,2.874,0.5574,17837937
1984-10-31,2.8816,2.8968,2.8436,2.8588,0.5544,6607435
1984-11-01,2.874,2.9424,2.8664,2.9196,0.5662,10408477
1984-11-02,2.9044,2.9424,2.8968,2.9044,0.5632,4440578
1984-11-05,2.9044,2.912,2.8512,2.9044,0.5632,7682643
1984-11-06,2.912,2.9424,2.9044,2.9348,0.5691,8831834
1984-11-07,2.9272,2.9348,2.8512,2.8816,0.5588,10257225
1984-11-08,2.8816,2.9652,2.8664,2.912,0.5647,17361163
1984-11-09,2.9424,2.9424,2.8816,2.8968,0.5618,11722073
1984-11-12,2.8892,2.8968,2.8664,2.8892,0.5603,6127372
1984-11-13,2.874,2.8968,2.8512,2.8892,0.5603,6523588
1984-11-14,2.874,2.9044,2.8664,2.8816,0.5588,4577034
1984-11-15,2.874,2.8816,2.8132,2.8284,0.5485,10620560
1984-11-16,2.836,2.8512,2.6763,2.7676,0.5367,9306964
1984-11-19,2.7676,2.7752,2.7067,2.7067,0.5249,12238304
1984-11-20,2.7295,2.7447,2.7143,2.7219,0.5279,10117481
1984-11-21,2.7143,2.7295,2.6687,2.7143,0.5264,9685095
1984-11-23,2.7295,2.836,2.7295,2.836,0.55,12142949
1984-11-26,2.8056,2.8132,2.7828,2.8056,0.55,11353806
1984-11-27,2.8056,2.874,2.798,2.8588,0.5604,9884025
1984-11-28,2.8512,2.8512,2.7828,2.7904,0.547,8591803
1984-11-29,2.7904,2.798,2.76,2.7828,0.5455,6145457
1984-11-30,2.7752,2.798,2.7219,2.7447,0.5381,7898014
1984-12-03,2.7295,2.7371,2.6991,2.7067,0.5306,16402682
1984-12-04,2.7219,2.7295,2.7067,2.7219,0.5336,11212417
1984-12-05,2.7143,2.7143,2.6231,2.6383,0.5172,16090312
1984-12-06,2.6307,2.6459,2.5927,2.6003,0.5097,17837937
1984-12-07,2.6079,2.6383,2.5699,2.5775,0.5053,7879929
1984-12-10,2.6079,2.6079,2.5699,2.6003,0.5097,8853206
1984-12-11,2.6155,2.6307,2.5851,2.6079,0.5112,7513306
1984-12-12,2.6155,2.6231,2.5851,2.5927,0.5082,9122831
1984-12-13,2.5851,2.6383,2.5699,2.6003,0.5097,10661661
1984-12-14,2.6003,2.6763,2.6003,2.6459,0.5187,9025832
1984-12-17,2.6611,2.7295,2.6535,2.7295,0.5351,9515758
1984-12-18,2.7904,2.8132,2.7371,2.8132,0.5515,27389864
1984-12-19,2.8132,2.8284,2.7752,2.7828,0.5455,14947698
1984-12-20,2.7752,2.7904,2.7295,2.7295,0.5351,8355059
1984-12-21,2.7295,2.7371,2.6611,2.7295,0.5351,21915180
1984-12-24,2.7447,2.7676,2.7371,2.7524,0.5395,5923510
1984-12-26,2.7371,2.76,2.7371,2.7524,0.5395,3080949
1984-12-27,2.7676,2.7752,2.7143,2.7295,0.5351,8335331
1984-12-28,2.7447,2.7752,2.7295,2.7752,0.544,7135175
1984-12-31,2.7752,2.7904,2.7524,2.7752,0.544,9219829
1985-01-02,2.7752,2.7752,2.7143,2.7143,0.5321,9994177
1985-01-03,2.7219,2.7371,2.6155,2.6459,0.5187,15458997
1985-01-04,2.6611,2.6915,2.6155,2.6231,0.5142,20040963
1985-01-07,2.6459,2.6687,2.6307,2.6307,0.5157,13708085
1985-01-08,2.6459,2.6687,2.6307,2.6611,0.5217,7607017
1985-01-09,2.6763,2.7067,2.6459,2.6915,0.5276,12308998
1985-01-10,2.7067,2.798,2.6915,2.798,0.5485,12741383
1985-01-11,2.798,2.8208,2.7828,2.8056,0.55,11847021
1985-01-14,2.8056,2.9196,2.8056,2.9196,0.5723,15929195
1985-01-15,2.9348,2.9348,2.8664,2.8892,0.5664,25071755
1985-01-16,2.9044,3.0185,2.8968,2.9196,0.5723,18610640
1985-01-17,2.912,2.912,2.8664,2.8892,0.5664,9114610
1985-01-18,2.9196,2.9424,2.8968,2.9044,0.5694,8787444
1985-01-21,2.9196,3.0337,2.9044,3.0109,0.5902,13045533
1985-01-22,3.0261,3.0869,2.9957,3.0109,0.5902,3102321
1985-01-23,3.0033,3.1097,2.9957,3.1021,0.6081,23838717
1985-01-24,3.1097,3.1173,3.0033,3.0261,0.5991,31335583
1985-01-25,3.0033,3.0413,2.988,3.0109,0.5961,15611894
1985-01-28,3.0185,3.0261,2.9196,2.9652,0.587,20336892
1985-01-29,2.9348,2.9652,2.9044,2.95,0.584,17558448
1985-01-30,2.988,2.9957,2.9424,2.9728,0.5885,22918050
1985-01-31,2.9652,2.9804,2.9272,2.9652,0.587,8440550
1985-02-01,2.9196,2.9272,2.8892,2.8892,0.572,8544125
1985-02-04,2.874,2.9348,2.8588,2.9196,0.578,14661633
1985-02-05,2.95,2.95,2.798,2.8436,0.5629,27587150
1985-02-06,2.8132,2.8436,2.7752,2.7752,0.5494,20912309
1985-02-07,2.7752,2.8208,2.7676,2.7828,0.5509,18528438
1985-02-08,2.7752,2.8056,2.7676,2.7752,0.5494,17525567
1985-02-11,2.7904,2.7904,2.7295,2.7447,0.5434,19399784
1985-02-12,2.7447,2.798,2.7371,2.7904,0.5524,13254327
1985-02-13,2.7904,2.836,2.7828,2.8208,0.5584,18544878
1985-02-14,2.8284,2.8436,2.7904,2.7904,0.5524,21389084
1985-02-15,2.798,2.798,2.76,2.7752,0.5494,19514867
1985-02-19,2.7752,2.7752,2.7447,2.76,0.5464,8281077
1985-02-20,2.7524,2.7676,2.7067,2.7295,0.5404,16202108
1985-02-21,2.7067,2.7143,2.6611,2.6611,0.5268,16177447
1985-02-22,2.6915,2.6991,2.6535,2.6915,0.5328,24923790
1985-02-25,2.6763,2.6839,2.6307,2.6611,0.5268,16456935
1985-02-26,2.6687,2.6915,2.6459,2.6915,0.5328,18364033
1985-02-27,2.6687,2.6991,2.6611,2.6991,0.5344,14480788
1985-02-28,2.6915,2.7219,2.6915,2.7143,0.5374,32880990
1985-03-01,2.7295,2.7752,2.7143,2.7676,0.5479,25269041
1985-03-04,2.76,2.76,2.7143,2.7447,0.5434,14558058
1985-03-05,2.7371,2.76,2.7219,2.7524,0.5449,11621786
1985-03-06,2.7447,2.7524,2.6915,2.7143,0.5374,9155712
1985-03-07,2.6915,2.7143,2.6763,2.6839,0.5313,10873743
1985-03-08,2.6991,2.7067,2.6763,2.6915,0.5328,11533007
1985-03-11,2.6915,2.7067,2.6687,2.6763,0.5298,8853206
1985-03-12,2.6763,2.7143,2.6687,2.6991,0.5344,12609860
1985-03-13,2.6991,2.6991,2.6459,2.6535,0.5253,15314321
1985-03-14,2.6459,2.6763,2.6383,2.6459,0.5238,7439324
1985-03-15,2.6459,2.6535,2.6231,2.6231,0.5193,10582747
1985-03-18,2.6231,2.6383,2.5851,2.6003,0.5148,10318055
1985-03-19,2.6003,2.6611,2.5927,2.6535,0.5253,10725779
1985-03-20,2.6383,2.6535,2.5699,2.5927,0.5133,21767215
1985-03-21,2.5927,2.6611,2.5699,2.6079,0.5163,12425726
1985-03-22,2.6155,2.6231,2.5851,2.5927,0.5133,15204170
1985-03-25,2.5851,2.6307,2.5775,2.6079,0.5163,8774292
1985-03-26,2.6079,2.6383,2.5775,2.5851,0.5118,11265027
1985-03-27,2.5851,2.6155,2.5775,2.6003,0.5148,11539583
1985-03-28,2.6155,2.6383,2.6003,2.6383,0.5223,8092012
1985-03-29,2.6231,2.6383,2.5699,2.5775,0.5103,13532171
1985-04-01,2.5927,2.6155,2.5851,2.6079,0.5163,8815393
1985-04-02,2.6079,2.6383,2.6003,2.6003,0.5148,12098560
1985-04-03,2.5927,2.6003,2.5623,2.5851,0.5118,11736869
1985-04-04,2.5851,2.5851,2.5471,2.5851,0.5118,12401065
1985-04-08,2.5775,2.5851,2.5471,2.5547,0.5058,10932929
1985-04-09,2.5623,2.5927,2.5547,2.5927,0.5133,9589741
1985-04-10,2.6079,2.6459,2.6079,2.6307,0.5208,11975256
1985-04-11,2.6535,2.6687,2.6459,2.6611,0.5268,10707694
1985-04-12,2.6611,2.6763,2.6535,2.6763,0.5298,10469307
1985-04-15,2.6611,2.7067,2.6611,2.7067,0.5359,11559312
1985-04-16,2.6915,2.6991,2.6535,2.6763,0.5298,7145039
1985-04-17,2.6687,2.7067,2.6687,2.7067,0.5359,5354669
1985-04-18,2.6915,2.7219,2.6307,2.6383,0.5223,10229276
1985-04-19,2.6307,2.6383,2.6079,2.6383,0.5223,9617689
1985-04-22,2.6231,2.6383,2.6079,2.6231,0.5193,4731574
1985-04-23,2.6155,2.6611,2.6003,2.6383,0.5223,13449969
1985-04-24,2.6155,2.6459,2.6155,2.6307,0.5208,11192689
1985-04-25,2.6231,2.6611,2.6231,2.6611,0.5268,12049239
1985-04-26,2.6231,2.6307,2.5623,2.5699,0.5158,15024968
1985-04-29,2.5699,2.5851,2.509,2.5167,0.5052,18347592
1985-04-30,2.5167,2.5167,2.4406,2.4862,0.499,22539918
1985-05-01,2.4406,2.4938,2.4406,2.4406,0.4899,19202498
1985-05-02,2.4558,2.4862,2.4558,2.4786,0.4975,14885224
1985-05-03,2.4786,2.5014,2.4786,2.4938,0.5006,9981024
1985-05-06,2.5014,2.5243,2.4938,2.5167,0.5052,10778388
1985-05-07,2.5167,2.5395,2.509,2.5319,0.5082,9150779
1985-05-08,2.509,2.5243,2.4938,2.4938,0.5006,10482459
1985-05-09,2.509,2.5623,2.509,2.5623,0.5143,9982668
1985-05-10,2.5851,2.6687,2.5775,2.6155,0.525,20780785
1985-05-13,2.6231,2.6231,2.5547,2.5547,0.5128,10845794
1985-05-14,2.5699,2.5927,2.471,2.4938,0.5006,11416280
1985-05-15,2.4938,2.5167,2.4634,2.4938,0.5006,15569149
1985-05-16,2.509,2.5319,2.4938,2.509,0.5036,15092374
1985-05-17,2.509,2.5547,2.5014,2.5319,0.5082,10600831
1985-05-20,2.5395,2.6307,2.5395,2.6155,0.525,16933710
1985-05-21,2.6155,2.6535,2.6079,2.6535,0.5326,17262520
1985-05-22,2.6155,2.6307,2.6003,2.6155,0.525,8623040
1985-05-23,2.6079,2.6155,2.5927,2.5927,0.5204,9578232
1985-05-24,2.6003,2.6079,2.5851,2.6003,0.5219,3976956
1985-05-28,2.6611,2.6687,2.6231,2.6687,0.5357,12149526
1985-05-29,2.6687,2.6991,2.6535,2.6991,0.5418,12603283
1985-05-30,2.6991,2.6991,2.6383,2.6459,0.5311,9050492
1985-05-31,2.6611,2.6839,2.6307,2.6459,0.5311,16604900
1985-06-03,2.6459,2.6763,2.6155,2.6383,0.5296,24266170
1985-06-04,2.6459,2.7067,2.6383,2.7067,0.5433,17459806
1985-06-05,2.7447,2.7524,2.7143,2.7295,0.5479,22063144
1985-06-06,2.7219,2.7752,2.6991,2.7752,0.557,21454846
1985-06-07,2.7904,2.7904,2.7447,2.7676,0.5555,13782067
1985-06-10,2.7676,2.7676,2.7295,2.76,0.554,9734417
1985-06-11,2.7676,2.7676,2.7447,2.7524,0.5525,7399867
1985-06-12,2.76,2.7676,2.7524,2.76,0.554,11424500
1985-06-13,2.76,2.76,2.6839,2.6915,0.5403,16289242
1985-06-14,2.7219,2.7752,2.7143,2.7752,0.557,9206677
1985-06-17,2.7752,2.7828,2.7447,2.7752,0.557,6637028
1985-06-18,2.7752,2.798,2.7447,2.7524,0.5525,11041436
1985-06-19,2.7524,2.7524,2.7067,2.7067,0.5433,6862263
1985-06-20,2.7143,2.7295,2.7067,2.7219,0.5464,5519074
1985-06-21,2.7219,2.7447,2.7143,2.7447,0.5509,9267507
1985-06-24,2.7067,2.7295,2.6991,2.7295,0.5479,7447544
1985-06-25,2.7295,2.7524,2.6991,2.7143,0.5448,12226796
1985-06-26,2.7067,2.7143,2.6915,2.6991,0.5418,4544153
1985-06-27,2.6915,2.7371,2.6915,2.7219,0.5464,6267117
1985-06-28,2.7371,2.7524,2.7295,2.7447,0.5509,5367822
1985-07-01,2.7447,2.798,2.7371,2.798,0.5616,6571266
1985-07-02,2.798,2.8132,2.7524,2.7676,0.5555,8113384
1985-07-03,2.7524,2.76,2.7371,2.7371,0.5494,5397414
1985-07-05,2.7295,2.7524,2.7295,2.7371,0.5494,2472650
1985-07-08,2.7219,2.7219,2.6535,2.6611,0.5342,13267479
1985-07-09,2.6687,2.6687,2.6307,2.6459,0.5311,11572464
1985-07-10,2.6459,2.6991,2.6383,2.6991,0.5418,9918551
1985-07-11,2.6687,2.6763,2.6459,2.6535,0.5326,7066125
1985-07-12,2.6535,2.6611,2.6231,2.6231,0.5265,7531391
1985-07-15,2.6231,2.6459,2.6003,2.6003,0.5219,12142949
1985-07-16,2.6003,2.6307,2.5927,2.6307,0.528,13668627
1985-07-17,2.6383,2.6687,2.6383,2.6535,0.5326,15110459
1985-07-18,2.6459,2.6611,2.6307,2.6459,0.5311,7500154
1985-07-19,2.6383,2.6459,2.6155,2.6231,0.5265,10640288
1985-07-22,2.6231,2.6383,2.6155,2.6307,0.528,23279741
1985-07-23,2.6307,2.6687,2.6231,2.6383,0.5296,30283391
1985-07-24,2.6459,2.6611,2.6383,2.6535,0.5326,7950623
1985-07-25,2.6611,2.6991,2.6459,2.6915,0.5403,6554825
1985-07-26,2.6915,2.7295,2.6839,2.7143,0.5448,7888149
1985-07-29,2.7067,2.7143,2.6459,2.6611,0.5342,8659209
1985-07-30,2.6611,2.6687,2.6079,2.6611,0.5416,6548249
1985-07-31,2.6687,2.7371,2.6611,2.7143,0.5524,12325439
1985-08-01,2.7295,2.7447,2.7143,2.7143,0.5524,5671971
1985-08-02,2.7295,2.7295,2.6991,2.6991,0.5493,6653468
1985-08-05,2.6991,2.7295,2.6763,2.6839,0.5462,5681835
1985-08-06,2.6915,2.7067,2.6535,2.6535,0.54,6092847
1985-08-07,2.6459,2.6991,2.6459,2.6915,0.5478,6622231
1985-08-08,2.6839,2.7295,2.6839,2.7219,0.554,3373590
1985-08-09,2.7219,2.7219,2.6839,2.6839,0.5462,6278625
1985-08-12,2.6991,2.6991,2.6763,2.6839,0.5462,3513334
1985-08-13,2.6991,2.7067,2.6535,2.6687,0.5431,5185332
1985-08-14,2.6763,2.6839,2.6459,2.6459,0.5385,7467273
1985-08-15,2.6611,2.6611,2.6307,2.6535,0.54,4355087
1985-08-16,2.6459,2.6535,2.6155,2.6231,0.5338,6599215
1985-08-19,2.6231,2.6535,2.6155,2.6459,0.5385,3039847
1985-08-20,2.6459,2.6839,2.6383,2.6687,0.5431,5007775
1985-08-21,2.6611,2.6915,2.6611,2.6915,0.5478,3187812
1985-08-22,2.6915,2.6915,2.6535,2.6611,0.5416,5589768
1985-08-23,2.6459,2.6611,2.6383,2.6611,0.5416,5542091
1985-08-26,2.6535,2.6839,2.6459,2.6839,0.5462,4619779
1985-08-27,2.6687,2.6915,2.6611,2.6839,0.5462,6035306
1985-08-28,2.6687,2.6763,2.6611,2.6687,0.5431,3334132
1985-08-29,2.6687,2.6763,2.6611,2.6611,0.5416,2211247
1985-08-30,2.6535,2.6763,2.6459,2.6763,0.5447,2794884
1985-09-03,2.6611,2.6763,2.6535,2.6763,0.5447,4205479
1985-09-04,2.6763,2.6839,2.6535,2.6763,0.5447,5706496
1985-09-05,2.6687,2.6839,2.6611,2.6839,0.5462,7424527
1985-09-06,2.6839,2.7219,2.6839,2.7219,0.554,11225570
1985-09-09,2.7143,2.7219,2.6991,2.7219,0.554,7182852
1985-09-10,2.7143,2.7219,2.7067,2.7143,0.5524,5029147
1985-09-11,2.7143,2.7143,2.6915,2.7067,0.5509,5203417
1985-09-12,2.6991,2.7067,2.6839,2.6915,0.5478,5811715
1985-09-13,2.6991,2.7067,2.6687,2.6915,0.5478,8608243
1985-09-16,2.6915,2.7219,2.6839,2.7219,0.554,4189038
1985-09-17,2.7219,2.7295,2.6535,2.6763,0.5447,12606571
1985-09-18,2.6611,2.6763,2.6307,2.6307,0.5354,7462341
1985-09-19,2.6231,2.6459,2.6231,2.6459,0.5385,5856104
1985-09-20,2.6535,2.6687,2.6155,2.6155,0.5323,7967064
1985-09-23,2.6763,2.6763,2.6535,2.6763,0.5447,11851953
1985-09-24,2.6763,2.7067,2.6611,2.6763,0.5447,10886896
1985-09-25,2.6687,2.6763,2.6535,2.6687,0.5431,4409341
1985-09-26,2.6611,2.6991,2.6611,2.6915,0.5478,5035724
1985-09-30,2.6915,2.6991,2.6687,2.6915,0.5478,4371528
1985-10-01,2.6839,2.7524,2.6839,2.7524,0.5601,8378076
1985-10-02,2.7371,2.7828,2.7371,2.7828,0.5663,15876586
1985-10-03,2.7752,2.798,2.7524,2.7752,0.5648,10173378
1985-10-04,2.7676,2.7676,2.7143,2.7219,0.554,6860618
1985-10-07,2.7067,2.7447,2.6839,2.7143,0.5524,6137237
1985-10-08,2.7143,2.7371,2.6991,2.7295,0.5555,3814195
1985-10-09,2.7143,2.7371,2.7143,2.7219,0.554,4815421
1985-10-10,2.7143,2.7676,2.7143,2.7676,0.5632,13676848
1985-10-11,2.7752,2.8512,2.7752,2.8436,0.5787,17591329
1985-10-14,2.8436,2.8588,2.836,2.8588,0.5818,10492324
1985-10-15,2.8664,2.874,2.8284,2.836,0.5772,10367376
1985-10-16,2.836,2.8512,2.8132,2.8512,0.5803,11988409
1985-10-17,2.8512,2.8892,2.8436,2.8664,0.5834,11380111
1985-10-18,2.8664,2.8816,2.8512,2.8664,0.5834,8128181
1985-10-21,2.8664,2.8816,2.8588,2.8816,0.5865,6171762
1985-10-22,2.874,2.912,2.874,2.8892,0.588,11094046
1985-10-23,2.8512,2.8968,2.8436,2.8512,0.5803,8905816
1985-10-24,2.8512,2.8588,2.798,2.8056,0.571,16769305
1985-10-25,2.798,2.798,2.7524,2.76,0.5617,16769305
1985-10-28,2.7676,2.7828,2.7219,2.7676,0.5721,13029092
1985-10-29,2.7828,2.8208,2.7752,2.798,0.5784,8917324
1985-10-30,2.8208,2.8588,2.798,2.8588,0.5909,9928415
1985-10-31,2.8512,2.8588,2.8132,2.8284,0.5846,4499763
1985-11-01,2.8436,2.874,2.836,2.874,0.5941,9662079
1985-11-04,2.874,2.9044,2.8664,2.874,0.5941,7281495
1985-11-05,2.8816,2.9348,2.874,2.9272,0.6051,12504640
1985-11-06,2.9424,2.9424,2.8892,2.9196,0.6035,12532589
1985-11-07,2.9044,2.912,2.8436,2.8588,0.5909,7380138
1985-11-08,2.8436,2.8892,2.8284,2.8816,0.5956,7764846
1985-11-11,2.8892,2.9272,2.874,2.9196,0.6035,10454511
1985-11-12,2.9272,2.9424,2.912,2.9272,0.6051,11756598
1985-11-13,2.9272,2.9957,2.874,2.9804,0.6161,28458497
1985-11-14,2.9652,3.1325,2.9576,3.1097,0.6428,44635943
1985-11-15,3.1401,3.2998,3.1249,3.2618,0.6742,50044866
1985-11-18,3.2542,3.3302,3.239,3.2922,0.6805,31565750
1985-11-19,3.3074,3.3606,3.2846,3.3606,0.6947,20550619
1985-11-20,3.3378,3.3454,3.277,3.277,0.6774,11432720
1985-11-21,3.2922,3.3302,3.2466,3.3226,0.6868,19728594
1985-11-22,3.315,3.3834,3.3074,3.353,0.6931,14738904
1985-11-25,3.3302,3.3378,3.3074,3.315,0.6852,7066125
1985-11-26,3.3074,3.3226,3.2846,3.2922,0.6805,8636192
1985-11-27,3.3074,3.3454,3.2922,3.2998,0.6821,15855213
1985-11-29,3.315,3.3226,3.277,3.2846,0.6789,6786636
1985-12-02,3.2694,3.2694,3.2009,3.2466,0.6711,8320534
1985-12-03,3.2313,3.2998,3.2313,3.2618,0.6742,12723299
1985-12-04,3.2694,3.3606,3.2618,3.3454,0.6915,11209129
1985-12-05,3.4062,3.429,3.3682,3.3758,0.6978,23181098
1985-12-06,3.3682,3.3834,3.2998,3.3074,0.6837,7712236
1985-12-09,3.3378,3.3758,3.3302,3.3682,0.6962,8208739
1985-12-10,3.3834,3.4366,3.3758,3.4062,0.7041,10288462
1985-12-11,3.4138,3.4594,3.4062,3.4366,0.7104,10781677
1985-12-12,3.4442,3.467,3.3986,3.4214,0.7072,12282694
1985-12-13,3.4214,3.5127,3.4214,3.4975,0.7229,11671107
1985-12-16,3.5051,3.5659,3.467,3.5507,0.7339,13137599
1985-12-17,3.5659,3.5963,3.5279,3.5659,0.7371,10674813
1985-12-18,3.5431,3.5887,3.5203,3.5735,0.7387,10752084
1985-12-19,3.5659,3.5811,3.5659,3.5735,0.7387,6543317
1985-12-20,3.5811,3.5963,3.4899,3.4899,0.7214,9971160
1985-12-23,3.4747,3.4747,3.3302,3.353,0.6931,7856912
1985-12-24,3.353,3.353,3.2694,3.3302,0.6884,5326720
1985-12-26,3.3302,3.4062,3.3302,3.4062,0.7041,3996684
1985-12-27,3.4442,3.4975,3.4366,3.4823,0.7198,4031209
1985-12-30,3.4975,3.5203,3.4823,3.5127,0.7261,4152869
1985-12-31,3.5203,3.5279,3.5051,3.5279,0.7292,3810907
1986-01-02,3.4975,3.5355,3.4823,3.4975,0.7229,7398223
1986-01-03,3.5127,3.5355,3.4518,3.4747,0.7182,7653050
1986-01-06,3.4747,3.4747,3.429,3.4594,0.7151,3579096
1986-01-07,3.467,3.5203,3.467,3.5127,0.7261,5824867
1986-01-08,3.5203,3.5355,3.391,3.3986,0.7025,7256834
1986-01-09,3.3834,3.3834,3.2694,3.3454,0.6915,17426925
1986-01-10,3.3606,3.3986,3.3302,3.3834,0.6994,13422020
1986-01-13,3.391,3.4823,3.3758,3.4823,0.7198,6821161
1986-01-14,3.4823,3.4823,3.4442,3.4518,0.7135,6587706
1986-01-15,3.4518,3.5051,3.429,3.4975,0.7229,11618498
1986-01-16,3.5127,3.6115,3.5051,3.6115,0.7465,15034833
1986-01-17,3.6191,3.6951,3.5887,3.6647,0.7575,15049629
1986-01-20,3.6191,3.6799,3.5963,3.6571,0.7559,7554407
1986-01-21,3.6571,3.6799,3.6039,3.6419,0.7528,8016385
1986-01-22,3.6419,3.7256,3.6343,3.6647,0.7575,8647700
1986-01-23,3.6647,3.6647,3.6039,3.6267,0.7497,12138017
1986-01-24,3.6267,3.6495,3.5887,3.6267,0.7586,10122413
1986-01-27,3.6647,3.6875,3.6343,3.6799,0.7697,4988046
1986-01-28,3.6951,3.8168,3.6875,3.8092,0.7967,12113357
1986-01-29,3.8092,3.9308,3.8092,3.9004,0.8158,22852288
1986-01-30,3.8852,3.9004,3.8092,3.832,0.8015,6852398
1986-01-31,3.8016,3.87,3.8016,3.8092,0.7967,14697802
1986-02-03,3.8092,3.8624,3.756,3.8624,0.8079,17262520
1986-02-04,3.8928,3.9232,3.8396,3.908,0.8174,10431494
1986-02-05,3.9156,3.9156,3.8168,3.8548,0.8063,9989245
1986-02-06,3.8548,3.8928,3.832,3.8396,0.8031,11273247
1986-02-07,3.832,3.9537,3.8092,3.908,0.8174,9279015
1986-02-10,3.9232,4.0297,3.9156,4.0145,0.8397,16294174
1986-02-11,4.0373,4.1665,4.0373,4.1665,0.8715,15567505
1986-02-12,4.1513,4.1894,4.1285,4.1665,0.8715,11524787
1986-02-13,4.2426,4.2882,4.2198,4.2882,0.8969,21208238
1986-02-14,4.2882,4.3034,4.2274,4.2654,0.8921,15643131
1986-02-18,4.273,4.3034,4.2426,4.273,0.8937,12766044
1986-02-19,4.273,4.349,4.2198,4.2198,0.8826,10454511
1986-02-20,4.1817,4.3794,4.1741,4.3718,0.9144,12795637
1986-02-21,4.3946,4.4403,4.349,4.3566,0.9112,17098115
1986-02-24,4.3642,4.4022,4.3338,4.3338,0.9065,6789924
1986-02-25,4.3414,4.3414,4.2122,4.2198,0.8826,10553154
1986-02-26,4.235,4.3034,4.2274,4.2958,0.8985,10322987
1986-02-27,4.3034,4.387,4.2502,4.387,0.9176,11378466
1986-02-28,4.425,4.4327,4.3566,4.3642,0.9128,9711400
1986-03-03,4.3034,4.3642,4.2958,4.3414,0.908,8345195
1986-03-04,4.3642,4.4098,4.3186,4.3794,0.916,10951014
1986-03-05,4.3642,4.3642,4.2958,4.3338,0.9065,10202971
1986-03-06,4.3794,4.425,4.349,4.4098,0.9224,9117898
1986-03-07,4.4174,4.4631,4.3794,4.3946,0.9192,8433974
1986-03-10,4.3946,4.4403,4.3642,4.4022,0.9208,6857330
1986-03-11,4.3946,4.4327,4.3642,4.4098,0.9224,8927189
1986-03-12,4.425,4.4479,4.3794,4.3794,0.916,11449161
1986-03-13,4.3718,4.4555,4.3642,4.425,0.9255,8868003
1986-03-14,4.4327,4.4555,4.4098,4.4555,0.9319,15209102
1986-03-17,4.4098,4.4479,4.3946,4.4174,0.924,9538775
1986-03-18,4.4098,4.4859,4.3946,4.4631,0.9335,17098115
1986-03-19,4.5011,4.6303,4.4935,4.6227,0.9669,15994957
1986-03-20,4.6455,4.866,4.6455,4.866,1.0178,13037312
1986-03-21,4.866,4.9649,4.79,4.8204,1.0082,21865858
1986-03-24,4.8508,4.9421,4.8508,4.8964,1.0241,12932093
1986-03-25,4.904,5.0485,4.8812,5.0485,1.0559,11294620
1986-03-26,5.0257,5.0865,5.0257,5.0409,1.0544,16055787
1986-03-27,5.0637,5.0941,5.0029,5.0485,1.0559,12435590
1986-03-31,5.0637,5.0789,4.9801,4.9801,1.0416,11705632
1986-04-01,5.0029,5.0105,4.8812,4.8812,1.021,12149526
1986-04-02,4.904,5.0485,4.8964,5.0333,1.0528,12836738
1986-04-03,5.0257,5.0333,4.9269,4.9345,1.0321,12448743
1986-04-04,4.9117,4.9345,4.828,4.8812,1.021,19235379
1986-04-07,4.8052,4.8432,4.7368,4.8052,1.0051,14763564
1986-04-08,4.8128,4.9269,4.8052,4.904,1.0257,16604900
1986-04-09,4.9269,4.9725,4.8432,4.904,1.0257,13459833
1986-04-10,4.8964,5.0789,4.866,5.0713,1.0607,13813304
1986-04-11,5.0865,5.1093,4.9497,4.9953,1.0448,13898794
1986-04-14,5.0105,5.0257,4.9345,4.9649,1.0385,5767326
1986-04-15,4.9497,5.0105,4.9421,4.9877,1.0432,8157774
1986-04-16,5.0637,5.0865,5.0409,5.0865,1.0639,9213253
1986-04-17,5.1017,5.1093,5.0561,5.0713,1.0607,10301614
1986-04-18,5.0713,5.1017,5.0485,5.0713,1.0607,5515786
1986-04-21,5.0789,5.1474,5.0561,5.1474,1.0766,12243236
1986-04-22,5.1626,5.1778,5.1169,5.1397,1.075,7976928
1986-04-23,5.1245,5.1321,5.0485,5.0941,1.0655,7894726
1986-04-24,5.0865,5.0941,4.9573,4.9877,1.0432,13537103
1986-04-25,5.0029,5.0029,4.8812,4.9117,1.0273,29839498
1986-04-28,4.8204,4.8812,4.752,4.8204,1.0186,34327753
1986-04-29,4.8356,4.8508,4.7292,4.7444,1.0026,9446708
1986-04-30,4.7292,4.7368,4.5315,4.5999,0.972,12034442
1986-05-01,4.5923,4.7444,4.5771,4.714,0.9962,16202108
1986-05-02,4.7216,4.752,4.6836,4.6988,0.9929,7314376
1986-05-05,4.7444,4.8356,4.7292,4.7976,1.0138,8600023
1986-05-06,4.828,4.866,4.7976,4.8356,1.0219,8874579
1986-05-07,4.8356,4.9801,4.8204,4.9573,1.0476,8366568
1986-05-08,4.9725,4.9725,4.8356,4.8888,1.0331,9080085
1986-05-09,4.8736,4.8812,4.8128,4.8356,1.0219,6073119
1986-05-12,4.828,4.8584,4.7748,4.8432,1.0235,7115446
1986-05-13,4.8356,4.8508,4.7444,4.7444,1.0026,10392037
1986-05-14,4.752,4.828,4.7444,4.79,1.0122,10086244
1986-05-15,4.7976,4.8204,4.6531,4.6836,0.9897,8915680
1986-05-16,4.6684,4.676,4.6075,4.6151,0.9753,6673197
1986-05-19,4.6379,4.6531,4.6151,4.6227,0.9769,4950233
1986-05-20,4.6075,4.6836,4.5771,4.6531,0.9833,7191072
1986-05-21,4.6531,4.752,4.6531,4.714,0.9962,5007775
1986-05-22,4.7368,4.8508,4.7368,4.8204,1.0186,7968708
1986-05-23,4.8204,4.8356,4.7444,4.7444,1.0026,7409731
1986-05-27,4.7748,4.828,4.752,4.8128,1.017,6382200
1986-05-28,4.866,4.9269,4.8356,4.8736,1.0299,9760722
1986-05-29,4.8964,4.9573,4.866,4.9421,1.0444,11125283
1986-05-30,4.9421,4.9497,4.8812,4.8964,1.0347,9703180
1986-06-02,4.8964,4.9649,4.8584,4.9117,1.0379,7289715
1986-06-03,4.8584,4.9497,4.8356,4.9497,1.046,3282619
1986-06-04,4.9497,4.9953,4.8356,4.8926,1.0339,3966543
1986-06-05,4.8584,4.8926,4.7672,4.847,1.0243,4476199
1986-06-06,4.8698,4.8926,4.8128,4.8698,1.0291,5376042
1986-06-09,4.8698,4.8926,4.7216,4.7216,0.9978,5069153
1986-06-10,4.733,4.8014,4.7216,4.79,1.0122,5553599
1986-06-11,4.79,4.8242,4.7786,4.79,1.0122,4711846
1986-06-12,4.8014,4.8584,4.7444,4.8356,1.0219,4811585
1986-06-13,4.8584,5.0067,4.8356,4.9611,1.0484,6743891
1986-06-16,4.9839,5.0181,4.9383,4.9497,1.046,4421397
1986-06-17,4.9611,4.9725,4.847,4.8698,1.0291,12516697
1986-06-18,4.847,4.8584,4.7786,4.8584,1.0267,5692795
1986-06-19,4.847,4.9155,4.8356,4.8584,1.0267,5755269
1986-06-20,4.8356,4.9155,4.8242,4.904,1.0363,8798953
1986-06-23,4.8584,4.8812,4.847,4.8584,1.0267,5316856
1986-06-24,4.904,5.0181,4.847,4.9383,1.0435,7343421
1986-06-25,4.9839,5.1778,4.9611,5.0181,1.0604,12713983
1986-06-26,5.0181,5.0637,4.9611,5.0295,1.0628,8066803
1986-06-27,5.0523,5.0637,4.9725,5.0295,1.0628,6894047
1986-06-30,5.0295,5.1093,4.9497,5.0295,1.0628,8112836
1986-07-01,5.0295,5.0637,5.0067,5.0637,1.0701,8425206
1986-07-02,5.0523,5.0751,5.0295,5.0409,1.0652,5506470
1986-07-03,5.0295,5.0409,4.9725,4.9953,1.0556,3078757
1986-07-07,4.9839,4.9953,4.7444,4.79,1.0122,9733869
1986-07-08,4.7444,4.7558,4.6874,4.7216,0.9978,6750467
1986-07-09,4.6988,4.7786,4.6874,4.7444,1.0026,8580842
1986-07-10,4.7558,4.7786,4.6874,4.7786,1.0098,7204225
1986-07-11,4.79,4.8014,4.7102,4.7672,1.0074,10960330
1986-07-14,4.7558,4.904,4.7102,4.8356,1.0219,5126146
1986-07-15,4.8242,4.9269,4.79,4.8356,1.0219,11837156
1986-07-16,4.847,4.9155,4.8356,4.8926,1.0339,8562210
1986-07-17,4.904,5.0409,4.8926,5.0409,1.0652,6986114
1986-07-18,5.0181,5.0751,4.9725,5.0637,1.0701,6406313
1986-07-21,5.0295,5.1778,5.0295,5.1778,1.0942,7517690
1986-07-22,5.1321,5.2804,5.1321,5.1892,1.0966,11617950
1986-07-23,5.1778,5.1778,5.0295,5.1321,1.0845,13404483
1986-07-24,5.0865,5.2006,5.0523,5.1093,1.0797,13700412
1986-07-25,5.1093,5.2918,5.1093,5.2006,1.099,9068577
1986-07-28,5.2234,5.2234,4.9953,5.0751,1.0725,14281310
1986-07-29,5.0295,5.0751,4.9725,5.0295,1.0734,9013775
1986-07-30,4.9839,5.0181,4.847,4.9953,1.0661,12056363
1986-07-31,4.9839,5.0067,4.8584,4.8812,1.0418,9690028
1986-08-01,4.8926,4.9155,4.8014,4.8584,1.0369,9878545
1986-08-04,4.8698,5.0181,4.8356,5.0181,1.071,9977188
1986-08-05,5.0295,5.1207,5.0181,5.0181,1.071,13590809
1986-08-06,4.9953,5.1093,4.9383,4.9383,1.054,11179536
1986-08-07,4.9611,4.9953,4.9383,4.9611,1.0588,7399319
1986-08-08,4.9725,5.0181,4.9497,4.9725,1.0613,5831992
1986-08-11,5.0637,5.1778,5.0181,5.1664,1.1027,10943889
1986-08-12,5.212,5.3602,5.2006,5.3602,1.144,15695192
1986-08-13,5.3716,5.5199,5.3146,5.4743,1.1684,12056363
1986-08-14,5.4629,5.4629,5.3945,5.4515,1.1635,9077345
1986-08-15,5.4629,5.4629,5.383,5.383,1.1489,8618107
1986-08-18,5.4059,5.4515,5.3716,5.4287,1.1586,5393578
1986-08-19,5.4515,5.6226,5.4173,5.5427,1.183,7767586
1986-08-20,5.5541,5.7138,5.5427,5.691,1.2146,6398641
1986-08-21,5.691,5.7822,5.6568,5.6568,1.2073,10404641
1986-08-22,5.6568,5.7252,5.634,5.6568,1.2073,3728704
1986-08-25,5.6568,5.6682,5.5997,5.6111,1.1976,4791856
1986-08-26,5.6111,5.7138,5.5883,5.7138,1.2195,8842794
1986-08-27,5.691,5.7936,5.691,5.7594,1.2292,8621395
1986-08-28,5.6682,5.6796,5.5997,5.6226,1.2,6214507
1986-08-29,5.5997,5.6568,5.4059,5.4515,1.1635,7570300
1986-09-02,5.4743,5.4743,5.2804,5.3374,1.1392,8917324
1986-09-03,5.269,5.3146,5.2348,5.2804,1.127,8467951
1986-09-04,5.2576,5.2804,5.1321,5.269,1.1246,15454065
1986-09-05,5.2804,5.4287,5.2576,5.3374,1.1392,10960330
1986-09-08,5.326,5.3602,5.2576,5.2804,1.127,6396449
1986-09-09,5.3032,5.3716,5.2234,5.2804,1.127,6316438
1986-09-10,5.2918,5.326,5.2234,5.2804,1.127,8819777
1986-09-11,5.2006,5.2234,4.9497,5.0181,1.071,17646131
1986-09-12,4.9953,5.0295,4.79,4.8128,1.0272,21153437
1986-09-15,4.847,4.9383,4.8014,4.9269,1.0515,12933189
1986-09-16,4.8584,4.8698,4.8128,4.8584,1.0369,7823483
1986-09-17,4.8584,4.9611,4.8356,4.8698,1.0394,7611949
1986-09-18,4.8356,4.8698,4.7558,4.847,1.0345,7153807
1986-09-19,4.8242,4.8242,4.6988,4.7444,1.0126,10633712
1986-09-22,4.7786,4.9383,4.7786,4.9269,1.0515,7807043
1986-09-23,4.9611,5.0181,4.9383,4.9725,1.0613,5871449
1986-09-24,4.9725,4.9839,4.8242,4.8812,1.0418,5822127
1986-09-25,4.847,4.847,4.6417,4.7444,1.0126,7992273
1986-09-26,4.7216,4.7216,4.6189,4.6417,0.9907,9323953
1986-09-29,4.6303,4.7786,4.5163,4.7672,1.0175,13590809
1986-09-30,4.8812,4.8926,4.7672,4.8356,1.0321,12385173
1986-10-01,4.8812,4.9497,4.8698,4.9269,1.0515,10082407
1986-10-02,4.9269,5.0181,4.8926,4.9953,1.0661,8915132
1986-10-03,5.0181,5.0409,4.847,4.9155,1.0491,5906522
1986-10-06,4.9269,4.9953,4.9155,4.9725,1.0613,3981888
1986-10-07,5.0181,5.0409,4.9725,5.0409,1.0759,5685123
1986-10-08,5.0295,5.1093,5.0181,5.1093,1.0905,9705372
1986-10-09,5.0865,5.155,4.8812,4.9383,1.054,13810016
1986-10-10,4.9269,4.9497,4.847,4.9155,1.0491,9428076
1986-10-13,4.9269,5.0181,4.904,5.0067,1.0686,2267692
1986-10-14,4.9839,5.0637,4.9839,5.0523,1.0783,7480425
1986-10-15,5.0409,5.0523,4.9725,5.0523,1.0783,8556730
1986-10-16,5.0751,5.1435,5.0751,5.1207,1.0929,9152971
1986-10-17,5.0865,5.0865,5.0409,5.0637,1.0807,5531678
1986-10-20,5.0181,5.0409,4.9725,5.0409,1.0759,6038046
1986-10-21,5.0181,5.0295,4.9725,4.9839,1.0637,5015447
1986-10-22,4.9725,5.0409,4.9611,5.0409,1.0759,5490029
1986-10-23,5.1778,5.3945,5.1435,5.3945,1.1513,19399784
1986-10-24,5.3488,5.3716,5.2804,5.2918,1.1294,12275569
1986-10-27,5.2918,5.2918,5.2006,5.2918,1.1422,11508346
1986-10-28,5.3146,5.3374,5.2348,5.2462,1.1324,6286845
1986-10-29,5.212,5.269,5.2006,5.2576,1.1348,6011741
1986-10-30,5.3374,5.3602,5.269,5.2918,1.1422,7453024
1986-10-31,5.2804,5.2804,5.1892,5.2348,1.1299,4952973
1986-11-03,5.269,5.4059,5.269,5.4059,1.1668,9610017
1986-11-04,5.3374,5.3716,5.2804,5.326,1.1496,7665655
1986-11-05,5.3032,5.4059,5.2918,5.3602,1.157,9565080
1986-11-06,5.3602,5.4173,5.326,5.383,1.1619,6598119
1986-11-07,5.3716,5.3945,5.2918,5.3032,1.1447,3417431
1986-11-10,5.2804,5.2804,5.2006,5.2006,1.1225,4608819
1986-11-11,5.2006,5.2348,5.2006,5.2006,1.1225,4928860
1986-11-12,5.2234,5.2234,5.155,5.212,1.125,5428651
1986-11-13,5.212,5.2348,5.1093,5.1093,1.1028,6301094
1986-11-14,5.1207,5.1207,5.0637,5.0751,1.0955,6545509
1986-11-17,5.0295,5.1892,5.0181,5.155,1.1127,5776094
1986-11-18,5.1321,5.1435,5.0295,5.0295,1.0856,10154746
1986-11-19,5.0295,5.2234,5.0295,5.2006,1.1225,10215027
1986-11-20,5.212,5.3032,5.212,5.2918,1.1422,7097910
1986-11-21,5.2918,5.4173,5.269,5.3716,1.1595,10519725
1986-11-24,5.3602,5.4515,5.3488,5.4287,1.1718,6753755
1986-11-25,5.4287,5.4287,5.3716,5.4287,1.1718,7489193
1986-11-26,5.383,5.4173,5.326,5.3602,1.157,5551407
1986-11-28,5.3602,5.3716,5.3032,5.3374,1.1521,2083559
1986-12-01,5.3146,5.4743,5.2576,5.4629,1.1792,8773744
1986-12-02,5.4629,5.4971,5.3945,5.4971,1.1865,12604379
1986-12-03,5.4857,5.5313,5.3945,5.4401,1.1742,8802241
1986-12-04,5.383,5.4287,5.3602,5.3602,1.157,8796761
1986-12-05,5.3488,5.3945,5.3374,5.3374,1.1521,5863776
1986-12-08,5.3146,5.3146,5.2348,5.2462,1.1324,7282043
1986-12-09,5.2348,5.2576,5.2006,5.2348,1.1299,4460854
1986-12-10,5.2234,5.3488,5.2234,5.2804,1.1398,10316959
1986-12-11,5.2576,5.2576,5.0637,5.1321,1.1078,6885279
1986-12-12,5.1207,5.1778,5.1093,5.1207,1.1053,7273275
1986-12-15,5.0979,5.269,5.0751,5.269,1.1373,8499736
1986-12-16,5.2462,5.2576,5.1664,5.2234,1.1275,11069933
1986-12-17,5.2006,5.2576,5.1778,5.2462,1.1324,6883087
1986-12-18,5.2348,5.2576,5.1892,5.2234,1.1275,9623170
1986-12-19,5.2348,5.3374,5.212,5.2918,1.1422,16769305
1986-12-22,5.3032,5.3146,5.2234,5.2576,1.1348,11617950
1986-12-23,5.212,5.2576,5.0865,5.0979,1.1004,13042793
1986-12-24,5.1093,5.2348,5.1093,5.2348,1.1299,6452346
1986-12-26,5.2462,5.2804,5.2462,5.2576,1.1348,4056418
1986-12-29,5.269,5.2918,5.1892,5.2348,1.1299,4849946
1986-12-30,5.2234,5.2348,5.1892,5.212,1.125,6255060
1986-12-31,5.212,5.2348,5.1093,5.1321,1.1078,7316020
1987-01-02,5.1892,5.2918,5.1892,5.2576,1.1348,3981888
1987-01-05,5.3146,5.4743,5.269,5.4743,1.1816,13590809
1987-01-06,5.4743,5.5883,5.4629,5.5313,1.1939,10960330
1987-01-07,5.5427,5.7708,5.5313,5.7708,1.2456,11946760
1987-01-08,5.748,5.7708,5.6796,5.7138,1.2333,9103650
1987-01-09,5.691,5.8735,5.6682,5.8164,1.2555,13371602
1987-01-12,5.7936,5.9875,5.7708,5.9419,1.2825,8404381
1987-01-13,5.8735,6.0217,5.8735,6.0217,1.2998,9713044
1987-01-14,6.0217,6.2954,6.0217,6.2954,1.3589,18851767
1987-01-15,6.284,6.5235,6.2726,6.4323,1.3884,18413354
1987-01-16,6.4323,6.4323,6.2498,6.3867,1.3786,18961371
1987-01-19,6.3296,6.4209,6.284,6.4095,1.3835,8328755
1987-01-20,6.4551,6.5577,6.4323,6.5007,1.4032,11398743
1987-01-21,6.4437,6.649,6.4209,6.5691,1.4179,10960330
1987-01-22,6.5806,7.0025,6.5691,7.0025,1.5115,15673272
1987-01-23,6.9569,7.1508,6.7288,6.7744,1.4622,30031304
1987-01-26,6.6832,6.7288,6.6376,6.6832,1.4553,12604379
1987-01-27,6.706,6.9569,6.706,6.82,1.4851,13371602
1987-01-28,6.8429,6.8999,6.6376,6.8086,1.4826,14358032
1987-01-29,6.8885,6.8885,6.6718,6.7972,1.4801,6728547
1987-01-30,6.7288,6.8086,6.6718,6.7858,1.4776,6267117
1987-02-02,6.8086,6.9569,6.7744,6.9113,1.505,9776614
1987-02-03,6.9683,6.9797,6.8771,6.9341,1.5099,10209547
1987-02-04,6.9113,7.0367,6.8543,7.0253,1.5298,6206835
1987-02-05,7.0025,7.2762,6.9455,7.2534,1.5795,18742164
1987-02-06,7.185,7.2192,7.0253,7.0481,1.5348,16769305
1987-02-09,7.0367,7.0367,6.8429,6.8885,1.5,9465341
1987-02-10,6.7972,6.8543,6.6148,6.706,1.4603,10102136
1987-02-11,6.7174,6.8429,6.6946,6.8429,1.4901,7615237
1987-02-12,6.8885,6.9113,6.7174,6.82,1.4851,7724841
1987-02-13,6.82,6.9569,6.7516,6.9455,1.5124,10538357
1987-02-17,6.9569,7.2534,6.9455,7.1964,1.567,11946760
1987-02-18,7.2534,7.3447,7.1166,7.1964,1.567,24441536
1987-02-19,7.2078,7.242,7.128,7.2078,1.5695,7892534
1987-02-20,7.1964,7.1964,7.0481,7.1052,1.5472,13700412
1987-02-23,7.1052,7.1166,6.9455,7.0025,1.5248,7364246
1987-02-24,7.0253,7.0481,6.9569,7.0367,1.5323,5988724
1987-02-25,6.9797,7.1052,6.9797,7.0824,1.5422,8809913
1987-02-26,7.071,7.071,6.9341,6.9341,1.5099,6951041
1987-02-27,6.9341,6.9911,6.9341,6.9683,1.5174,4363307
1987-03-02,6.9797,7.0481,6.9341,7.0481,1.5348,7993369
1987-03-03,7.0481,7.0481,6.9797,7.0025,1.5248,7397127
1987-03-04,7.1736,7.2306,7.128,7.2306,1.5745,12165966
1987-03-05,7.2534,7.3447,7.242,7.2762,1.5844,14248429
1987-03-06,7.2876,7.4131,7.2762,7.3903,1.6093,12494776
1987-03-09,7.3789,7.5271,7.3105,7.4701,1.6267,14906049
1987-03-10,7.4815,7.5043,7.4473,7.4815,1.6291,9629746
1987-03-11,7.5385,7.6184,7.4473,7.5385,1.6416,14467635
1987-03-12,7.5956,7.607,7.4473,7.4473,1.6217,10132825
1987-03-13,7.4473,7.4473,7.2534,7.2762,1.5844,5904330
1987-03-16,7.2762,7.2762,7.1394,7.1622,1.5596,7678807
1987-03-17,7.0938,7.3333,7.0938,7.3219,1.5944,10530685
1987-03-18,7.3789,7.3903,7.2534,7.3219,1.5944,7561532
1987-03-19,7.3219,7.4017,7.299,7.3789,1.6068,5056000
1987-03-20,7.3903,7.4701,7.3219,7.4245,1.6167,10068159
1987-03-23,7.4473,7.55,7.3675,7.5157,1.6366,13152396
1987-03-24,7.4815,7.5271,7.4131,7.4359,1.6192,6108192
1987-03-25,7.4245,7.6868,7.4131,7.6412,1.6639,7436584
1987-03-26,7.6184,7.7552,7.6184,7.6868,1.6738,7758818
1987-03-27,7.6754,7.7324,7.5842,7.607,1.6565,7823483
1987-03-30,7.4359,7.5271,7.3447,7.4815,1.6291,10960330
1987-03-31,7.5043,7.7552,7.4815,7.6982,1.6763,11398743
1987-04-01,7.6298,7.9377,7.6184,7.9377,1.7285,11617950
1987-04-02,7.9833,8.0404,7.8351,7.8351,1.7061,10960330
1987-04-03,7.8579,8.0176,7.7438,7.9833,1.7384,7698536
1987-04-06,8.1202,8.2228,8.0974,8.2228,1.7906,13700412
1987-04-07,8.2114,8.3255,8.086,8.1088,1.7657,20901349
1987-04-08,8.1316,8.1658,8.029,8.0974,1.7632,14467635
1987-04-09,8.0974,8.1088,7.8237,7.8693,1.7136,12933189
1987-04-10,7.8009,7.8693,7.7096,7.8579,1.7111,8637836
1987-04-13,7.8465,7.9263,7.7324,7.7781,1.6937,8375884
1987-04-14,7.664,7.664,7.4359,7.5043,1.6341,17865338
1987-04-15,7.6184,7.6184,7.5157,7.55,1.644,11617950
1987-04-16,7.607,7.7781,7.5956,7.7438,1.6863,13371602
1987-04-20,7.6868,7.7324,7.5043,7.5271,1.6391,9605633
1987-04-21,7.4815,7.8009,7.4359,7.8009,1.6987,14796445
1987-04-22,7.7895,7.9035,7.7324,7.7324,1.6838,9777710
1987-04-23,7.7324,7.8351,7.664,7.7666,1.6912,12933189
1987-04-24,7.6982,7.7438,7.4131,7.5157,1.6366,10576718
1987-04-27,7.3561,7.4587,7.242,7.3561,1.6165,16440495
1987-04-28,7.4245,7.5043,7.4131,7.4587,1.6391,9337105
1987-04-29,7.5728,8.029,7.5614,8.0061,1.7594,27948841
1987-04-30,8.3027,8.4395,8.2799,8.3027,1.8246,32552180
1987-05-01,8.3711,8.9413,8.3711,8.9413,1.9649,26523998
1987-05-04,8.8957,8.9641,8.7361,8.8957,1.9549,16659701
1987-05-05,8.9641,8.987,8.7246,8.8843,1.9524,13371602
1987-05-06,8.9071,9.101,8.8843,9.0326,1.985,18194148
1987-05-07,9.0782,9.1466,9.0212,9.1466,2.01,13152396
1987-05-08,9.1466,9.1922,8.9527,9.1238,2.005,9818264
1987-05-11,9.1124,9.1694,8.8273,8.8615,1.9474,11179536
1987-05-12,8.8615,8.8957,8.7589,8.8159,1.9373,7750049
1987-05-13,8.8501,8.9185,8.7931,8.9185,1.9599,8668525
1987-05-14,8.9185,8.9527,8.7703,8.8045,1.9348,7417951
1987-05-15,8.7589,8.7589,8.4851,8.565,1.8822,13590809
1987-05-18,8.4966,8.508,8.2,8.2799,1.8195,18522958
1987-05-19,8.3369,8.3369,7.9491,8.143,1.7895,17426925
1987-05-20,8.1088,8.2114,7.9491,8.0176,1.7619,17974941
1987-05-21,8.1202,8.2571,8.0746,8.1088,1.7819,11946760
1987-05-22,8.2114,8.3255,8.2,8.2685,1.817,7735801
1987-05-26,8.4509,8.5764,8.3711,8.3939,1.8446,10779484
1987-05-27,8.3711,8.4509,8.3027,8.3711,1.8396,8957878
1987-05-28,8.3825,8.3825,8.1658,8.2456,1.812,10177762
1987-05-29,8.3939,8.4167,8.2685,8.2913,1.822,5849528
1987-06-01,8.3939,8.4509,8.3369,8.3711,1.8396,6418369
1987-06-02,8.3711,8.5194,8.2685,8.3369,1.8321,10575622
1987-06-03,8.3825,8.6448,8.3483,8.6334,1.8972,12385173
1987-06-04,8.6106,8.6334,8.508,8.5992,1.8897,5627033
1987-06-05,8.5878,8.6562,8.5422,8.5536,1.8797,5841856
1987-06-08,8.5308,8.679,8.4509,8.6106,1.8922,5287263
1987-06-09,8.6676,8.7132,8.6106,8.6562,1.9022,7323692
1987-06-10,8.679,8.7132,8.3483,8.5536,1.8797,10399161
1987-06-11,8.5764,8.6106,8.508,8.5422,1.8772,7467273
1987-06-12,8.5992,8.6562,8.4737,8.5194,1.8722,12823586
1987-06-15,8.622,8.8957,8.6106,8.8615,1.9474,13042793
1987-06-16,8.8615,8.987,8.8387,8.9527,1.9674,9749213
1987-06-17,8.9413,8.9527,8.679,8.679,1.9073,8655373
1987-06-18,8.6562,8.7817,8.6334,8.7246,1.9173,5715812
1987-06-19,8.7132,8.7931,8.7018,8.7703,1.9273,10960330
1987-06-22,8.8159,8.8615,8.7703,8.7817,1.9298,8538097
1987-06-23,8.8387,8.8501,8.7817,8.8159,1.9373,7124214
1987-06-24,8.8273,8.8615,8.7931,8.8387,1.9423,5581000
1987-06-25,8.8957,9.1124,8.8501,9.101,2.0,11617950
1987-06-26,9.101,9.3063,9.0896,9.3063,2.0451,15892478
1987-06-29,9.3063,9.3291,9.101,9.1808,2.0175,8322178
1987-06-30,9.158,9.1808,8.9984,9.0326,1.985,7015707
1987-07-01,8.9984,9.0098,8.9299,8.9756,1.9724,9856625
1987-07-02,8.9984,9.1124,8.987,9.0782,1.995,4843370
1987-07-06,9.1124,9.1466,8.9185,8.9185,1.9599,7423431
1987-07-07,8.9641,9.1352,8.9413,9.101,2.0,6388776
1987-07-08,9.0782,9.2607,9.044,9.2607,2.0351,7618525
1987-07-09,9.2379,9.3405,9.1922,9.2036,2.0225,10126249
1987-07-10,9.2265,9.3291,9.2151,9.3063,2.0451,4798432
1987-07-13,9.3291,9.4317,9.2721,9.4317,2.0727,9510278
1987-07-14,9.5572,9.7853,9.5002,9.7283,2.1378,20386214
1987-07-15,9.6712,9.7511,9.6484,9.7169,2.1353,12056363
1987-07-16,9.7169,9.7625,9.6142,9.7625,2.1454,8792377
1987-07-17,9.8081,9.8879,9.7169,9.8537,2.1654,10324631
1987-07-20,9.8309,9.8537,9.7169,9.7169,2.1353,4266856
1987-07-21,9.6484,9.8081,9.58,9.7169,2.1353,10039662
1987-07-22,9.7055,9.7397,9.5914,9.7055,2.1328,10960330
1987-07-23,9.6826,9.6941,9.3291,9.4774,2.0827,15125255
1987-07-24,9.4888,9.6028,9.466,9.4888,2.0852,9277919
1987-07-27,9.5002,9.523,9.3747,9.3975,2.0652,9292168
1987-07-28,9.3861,9.3975,9.2151,9.2493,2.0475,13261999
1987-07-29,9.2607,9.2949,9.1808,9.2949,2.0576,10329015
1987-07-30,9.3177,9.3861,9.2949,9.3063,2.0601,8125989
1987-07-31,9.2607,9.3063,9.2379,9.2721,2.0525,7015707
1987-08-03,9.1238,9.3633,9.1238,9.2949,2.0576,8951301
1987-08-04,9.3975,9.6028,9.3633,9.5914,2.1232,10287366
1987-08-05,9.6484,9.6484,9.5344,9.6028,2.1257,9858817
1987-08-06,9.5914,9.6028,9.4546,9.5572,2.1156,13152396
1987-08-07,9.5458,9.5572,9.4546,9.4546,2.0929,6241908
1987-08-10,9.4203,9.7169,9.3747,9.6826,2.1434,11398743
1987-08-11,9.7967,9.7967,9.6598,9.7169,2.151,15234859
1987-08-12,9.7169,9.9564,9.6941,9.8993,2.1914,20934230
1987-08-13,9.8309,10.0248,9.8081,9.9564,2.204,11508346
1987-08-14,9.945,10.1388,9.8993,10.0248,2.2192,12385173
1987-08-17,10.1274,10.1731,10.0818,10.1616,2.2495,10589871
1987-08-18,10.059,10.0818,9.8423,9.945,2.2015,14029222
1987-08-19,9.8993,9.9678,9.8081,9.9336,2.199,9765654
1987-08-20,9.9792,10.0818,9.8993,10.0818,2.2318,8872387
1987-08-21,10.0932,10.1046,9.9906,10.059,2.2267,12275569
1987-08-24,10.0476,10.0704,9.945,10.0248,2.2192,6121344
1987-08-25,10.059,10.2757,10.059,10.1845,2.2545,13700412
1987-08-26,10.2187,10.2415,10.1046,10.1616,2.2495,7980216
1987-08-27,10.0932,10.116,9.7853,9.8309,2.1762,7406991
1987-08-28,9.6712,9.8537,9.6142,9.7853,2.1661,10681938
1987-08-31,9.7739,9.9336,9.7739,9.8537,2.1813,6739507
1987-09-01,9.8423,9.9107,9.6712,9.7055,2.1485,7639350
1987-09-02,9.6826,9.6941,9.466,9.6142,2.1283,8692638
1987-09-03,9.6826,9.6826,9.3063,9.4774,2.098,11179536
1987-09-04,9.4546,9.4888,9.2721,9.3063,2.0601,7147231
1987-09-08,9.2949,9.3519,9.101,9.3519,2.0702,11069933
1987-09-09,9.4888,9.5344,9.3519,9.4089,2.0828,11179536
1987-09-10,9.4774,9.4888,9.3519,9.4089,2.0828,8269569
1987-09-11,9.3633,9.4888,9.3633,9.4546,2.0929,6940081
1987-09-14,9.4888,9.7397,9.4431,9.7397,2.156,10181050
1987-09-15,9.7169,9.7283,9.5002,9.5458,2.1131,6329591
1987-09-16,9.4888,9.6142,9.3975,9.4888,2.1005,9002815
1987-09-17,9.5572,9.7169,9.3975,9.5572,2.1156,13042793
1987-09-18,9.5914,9.5914,9.4089,9.4089,2.0828,7666751
1987-09-21,9.4317,9.5116,9.2493,9.2835,2.0551,10367376
1987-09-22,9.2721,9.4203,9.101,9.4089,2.0828,11837156
1987-09-23,9.4203,9.5686,9.3975,9.4431,2.0904,10898952
1987-09-24,9.4203,9.4317,9.1694,9.2151,2.0399,10219412
1987-09-25,9.0326,9.044,8.8501,8.8729,1.9642,34525039
1987-09-28,9.0098,9.044,8.8957,8.9756,1.9869,15673272
1987-09-29,8.9527,8.9756,8.622,8.7475,1.9364,12056363
1987-09-30,8.7589,8.9641,8.7589,8.9413,1.9793,19290181
1987-10-01,8.9413,9.2493,8.9299,9.2265,2.0424,11946760
1987-10-02,9.2265,9.2949,9.101,9.1352,2.0222,6468787
1987-10-05,9.1124,9.1922,8.987,9.0782,2.0096,6919256
1987-10-06,8.987,8.9984,8.8159,8.8387,1.9566,8452606
1987-10-07,8.7132,8.7361,8.622,8.7018,1.9263,19618990
1987-10-08,8.7018,8.7931,8.508,8.622,1.9086,24879949
1987-10-09,8.6562,8.8615,8.5878,8.6448,1.9137,24879949
1987-10-12,8.5992,8.622,8.4737,8.5536,1.8935,14467635
1987-10-13,8.6676,8.7475,8.565,8.7361,1.9339,14796445
1987-10-14,8.5536,8.6334,8.3027,8.4395,1.8682,23235899
1987-10-15,8.1886,8.2,7.8921,7.9377,1.7571,29812097
1987-10-16,7.9605,7.9719,7.5271,7.6868,1.7016,31634800
1987-10-19,7.299,7.4815,6.2954,6.2954,1.3936,55815480
1987-10-20,6.706,7.2306,5.4743,6.5691,1.4542,58427327
1987-10-21,7.1166,7.2078,6.8885,7.0253,1.5552,47464805
1987-10-22,6.5691,6.8429,6.4323,6.7288,1.4895,34299256
1987-10-23,6.5007,6.7972,6.4551,6.7516,1.4946,18374993
1987-10-26,6.5691,6.6148,6.1586,6.2042,1.3734,33429006
1987-10-27,6.227,6.5007,6.227,6.3867,1.4349,23082455
1987-10-28,6.2156,6.592,6.1358,6.5691,1.4759,18303751
1987-10-29,6.6604,6.8315,6.5235,6.7288,1.5118,18961371
1987-10-30,6.8885,7.0253,6.7744,6.8885,1.5476,18194148
1987-11-02,6.8885,6.9569,6.82,6.9569,1.563,11508346
1987-11-03,6.9113,6.9569,6.7288,6.9569,1.563,10535069
1987-11-04,6.8885,7.0025,6.7744,6.9341,1.5579,11289140
1987-11-05,6.9569,7.2078,6.9341,7.1622,1.6091,11617950
1987-11-06,7.1166,7.2534,6.8429,6.8999,1.5502,8580842
1987-11-09,6.706,6.7972,6.6262,6.6946,1.5041,9486166
1987-11-10,6.5691,6.6946,6.4551,6.5463,1.4708,10635904
1987-11-11,6.6376,6.6832,6.5007,6.5463,1.4708,6522492
1987-11-12,6.6604,6.9569,6.6604,6.7972,1.5271,18413354
1987-11-13,6.82,6.9683,6.7858,6.8771,1.5451,11946760
1987-11-16,6.9341,7.0253,6.9227,7.0253,1.5784,11309964
1987-11-17,6.9683,7.0025,6.8429,6.9227,1.5553,8529329
1987-11-18,6.9341,7.0595,6.8543,7.0253,1.5784,9183660
1987-11-19,6.9569,7.0367,6.82,6.8543,1.54,10674265
1987-11-20,6.7972,6.9227,6.6604,6.8885,1.5476,13042793
1987-11-23,6.8429,6.9113,6.7744,6.9113,1.5528,6269309
1987-11-24,6.9797,7.0367,6.9341,6.9569,1.563,8956782
1987-11-25,6.8657,6.9227,6.7744,6.7744,1.522,5195196
1987-11-27,6.7972,6.8315,6.6604,6.6604,1.4964,4143005
1987-11-30,6.5007,6.5349,6.2954,6.4893,1.458,13152396
1987-12-01,6.5463,6.7288,6.5007,6.6718,1.499,8157774
1987-12-02,6.7516,6.8657,6.706,6.82,1.5323,7229434
1987-12-03,6.8543,6.8771,6.6148,6.6148,1.4861,9235174
1987-12-04,6.6148,6.706,6.5007,6.6034,1.4836,9445612
1987-12-07,6.6604,6.8657,6.6376,6.8657,1.5425,6979538
1987-12-08,6.8543,6.8885,6.7972,6.8657,1.5425,6951041
1987-12-09,6.8429,6.9911,6.8086,6.8999,1.5502,11508346
1987-12-10,6.7744,6.9227,6.6832,6.6832,1.5015,10453963
1987-12-11,6.706,6.7744,6.6832,6.7174,1.5092,5259862
1987-12-14,6.7972,6.9227,6.7744,6.8771,1.5451,8244360
1987-12-15,6.9113,6.9683,6.7972,6.8999,1.5502,9773326
1987-12-16,6.9227,7.0253,6.8885,7.0253,1.5784,10033086
1987-12-17,7.0595,7.0595,6.8429,6.9113,1.5528,6730739
1987-12-18,6.9797,7.071,6.9227,6.9797,1.5681,15125255
1987-12-21,7.0253,7.185,7.0025,7.1394,1.604,9270247
1987-12-22,7.128,7.1622,7.071,7.1394,1.604,9913618
1987-12-23,7.2192,7.2876,7.1622,7.185,1.6143,8942533
1987-12-24,7.1964,7.1964,7.1508,7.1622,1.6091,3049164
1987-12-28,7.1166,7.1166,6.9797,7.0253,1.5784,3814195
1987-12-29,7.0139,7.071,6.9569,6.9797,1.5681,3220145
1987-12-30,7.0025,7.071,6.9797,6.9797,1.5681,5416595
1987-12-31,6.9569,6.9569,6.8429,6.8771,1.5451,8376980
1988-01-04,6.9455,7.2192,6.9455,7.185,1.6143,11428336
1988-01-05,7.2876,7.3561,7.2306,7.2762,1.6348,10093368
1988-01-06,7.299,7.4245,7.242,7.3675,1.6553,6967482
1988-01-07,7.3219,7.5157,7.3105,7.5043,1.686,11837156
1988-01-08,7.4587,7.5271,6.9569,7.0367,1.581,12275569
1988-01-11,7.1394,7.299,6.9797,7.299,1.6399,8849370
1988-01-12,7.299,7.299,7.0367,7.242,1.6271,10078023
1988-01-13,7.2306,7.299,7.071,7.185,1.6143,8431782
1988-01-14,7.2306,7.3219,6.9341,7.185,1.6143,5652242
1988-01-15,7.4815,7.5956,7.3903,7.5728,1.7014,14159650
1988-01-18,7.5956,8.0061,7.55,7.8921,1.7731,9567820
1988-01-19,7.8009,7.9149,7.7096,7.8237,1.7578,9827032
1988-01-20,7.7096,7.7324,7.2306,7.3903,1.6604,10346003
1988-01-21,7.4359,7.6184,7.2306,7.6184,1.7116,8888828
1988-01-22,7.6184,7.6412,7.4359,7.6412,1.7168,8764428
1988-01-25,7.55,7.8009,7.5271,7.7096,1.7531,7507826
1988-01-26,7.6868,7.8693,7.5728,7.8009,1.7738,7040368
1988-01-27,7.8465,7.9377,7.5271,7.7324,1.7582,5299319
1988-01-28,7.8009,7.8237,7.6184,7.7781,1.7686,4175338
1988-01-29,7.8465,7.8693,7.664,7.7552,1.7634,4921736
1988-02-01,7.8693,7.9149,7.8009,7.8465,1.7842,5863776
1988-02-02,7.8237,7.8921,7.7096,7.8237,1.779,4723354
1988-02-03,7.8009,7.9149,7.6412,7.664,1.7427,6137785
1988-02-04,7.7781,7.8009,7.6184,7.7096,1.7531,4779252
1988-02-05,7.7324,7.7552,7.4359,7.4587,1.696,5224241
1988-02-08,7.3447,7.3903,7.2534,7.3447,1.6701,5754173
1988-02-09,7.3903,7.5728,7.3903,7.5728,1.7219,4159993
1988-02-10,7.5728,7.8465,7.55,7.7781,1.7686,5863776
1988-02-11,7.8693,7.9377,7.6412,7.8237,1.779,7374658
1988-02-12,7.8237,7.9833,7.7781,7.9149,1.7997,6789924
1988-02-16,7.8693,8.029,7.8009,8.029,1.8257,5566204
1988-02-17,8.0061,8.1658,8.0061,8.1202,1.8464,10484652
1988-02-18,8.1202,8.2571,7.664,7.7096,1.7531,13786999
1988-02-19,7.7096,8.2114,7.7096,8.1658,1.8568,12522725
1988-02-22,8.1202,8.2114,8.029,8.0746,1.836,7236558
1988-02-23,8.143,8.1658,7.9605,8.1202,1.8464,5808975
1988-02-24,8.143,8.3027,8.0746,8.2342,1.8724,6740603
1988-02-25,8.2342,8.3939,8.0518,8.0746,1.836,7754981
1988-02-26,8.1202,8.1886,8.0518,8.0746,1.836,3844884
1988-02-29,8.0746,8.2342,7.9605,8.2342,1.8724,5699372
1988-03-01,8.1886,8.3027,8.1202,8.3027,1.8879,8110644
1988-03-02,8.3483,8.3939,8.2799,8.3711,1.9035,6576198
1988-03-03,8.3483,8.4167,8.3255,8.3939,1.9087,6795405
1988-03-04,8.3939,8.5308,8.3027,8.3939,1.9087,6959809
1988-03-07,8.3711,8.3939,8.3255,8.3939,1.9087,2858454
1988-03-08,8.3711,8.4167,8.3027,8.3483,1.8983,3976408
1988-03-09,8.3483,8.3711,8.2114,8.2342,1.8724,7191620
1988-03-10,8.2342,8.2571,7.8465,7.9149,1.7997,8152841
1988-03-11,7.9605,8.1202,7.9377,8.0974,1.8412,5058740
1988-03-14,8.1202,8.1886,8.0746,8.0746,1.836,5176564
1988-03-15,8.0746,8.1886,7.9377,8.029,1.8257,5521814
1988-03-16,7.9833,8.0518,7.9377,8.0518,1.8309,8836218
1988-03-17,8.0974,8.1658,8.0518,8.143,1.8516,5973380
1988-03-18,8.1886,8.2571,7.9833,8.1658,1.8568,10855111
1988-03-21,8.0974,8.1202,8.029,8.0518,1.8309,6666073
1988-03-22,8.029,8.0518,7.9605,7.9833,1.8153,4753495
1988-03-23,8.0061,8.0518,7.8921,7.9833,1.8153,4132044
1988-03-24,7.9149,8.0061,7.8465,7.8693,1.7894,4709106
1988-03-25,7.9149,7.9377,7.664,7.664,1.7427,5242326
1988-03-28,7.5956,7.7096,7.55,7.7096,1.7531,5397962
1988-03-29,7.7781,7.8237,7.7324,7.7552,1.7634,4191230
1988-03-30,7.7324,8.0518,7.6868,7.9605,1.8101,5918578
1988-03-31,7.8921,7.9377,7.7552,7.8237,1.779,5150259
1988-04-04,7.664,7.9605,7.664,7.9377,1.8049,7206417
1988-04-05,7.9149,8.1202,7.9149,8.0974,1.8412,5564559
1988-04-06,8.1886,8.4395,8.143,8.4395,1.919,10291202
1988-04-07,8.4167,8.508,8.2799,8.3027,1.8879,5808975
1988-04-08,8.3939,8.5764,8.3483,8.508,1.9346,7836636
1988-04-11,8.622,8.6676,8.5308,8.622,1.9605,6850206
1988-04-12,8.622,8.6676,8.5764,8.622,1.9605,5140395
1988-04-13,8.622,8.622,8.3939,8.5992,1.9553,7831156
1988-04-14,8.3939,8.4623,8.029,8.1658,1.8568,10564114
1988-04-15,8.2342,8.3711,8.0974,8.2571,1.8775,11740157
1988-04-18,8.2571,8.3939,8.2114,8.3483,1.8983,4016413
1988-04-19,8.3939,8.508,8.2571,8.2571,1.8775,6959809
1988-04-20,8.2342,8.3255,8.143,8.1658,1.8568,5754173
1988-04-21,8.2342,8.4167,8.0746,8.2571,1.8775,7288619
1988-04-22,8.2799,8.3939,8.2342,8.3711,1.9035,5137655
1988-04-25,8.3939,8.6448,8.3939,8.5992,1.9553,10443550
1988-04-26,8.4851,8.5992,8.4851,8.5308,1.9648,6819517
1988-04-27,8.622,8.7132,8.5536,8.6676,1.9963,10064871
1988-04-28,8.6676,8.7361,8.622,8.6904,2.0016,9008295
1988-04-29,8.7132,8.7132,8.5764,8.622,1.9858,5954199
1988-05-02,8.6676,8.7132,8.5308,8.6904,2.0016,5756913
1988-05-03,8.7361,8.8957,8.7132,8.8729,2.0436,7944595
1988-05-04,8.8729,8.9185,8.7361,8.7361,2.0121,7060645
1988-05-05,8.7589,8.7817,8.6676,8.7361,2.0121,5220953
1988-05-06,8.7132,8.8273,8.5764,8.5764,1.9753,4681705
1988-05-09,8.5536,8.5992,8.4623,8.5536,1.97,3793918
1988-05-10,8.5992,8.6904,8.5536,8.6448,1.9911,4436742
1988-05-11,8.5308,8.5764,8.4623,8.5308,1.9648,4881183
1988-05-12,8.5536,8.6448,8.5308,8.622,1.9858,5189168
1988-05-13,8.6448,8.8045,8.6448,8.7589,2.0173,6812941
1988-05-16,8.8045,8.8957,8.7589,8.8957,2.0488,5664298
1988-05-17,8.9413,8.987,8.7817,8.8501,2.0383,7408635
1988-05-18,8.8045,8.8045,8.5308,8.622,1.9858,5471945
1988-05-19,8.508,8.6676,8.3255,8.622,1.9858,7254094
1988-05-20,8.622,8.622,8.4851,8.5764,1.9753,5612785
1988-05-23,8.5536,8.5764,8.4395,8.4395,1.9438,3481001
1988-05-24,8.3939,8.4167,8.3027,8.3711,1.928,4830765
1988-05-25,8.3939,8.5308,8.3939,8.4623,1.949,4932148
1988-05-26,8.4395,8.508,8.4167,8.4395,1.9438,3271110
1988-05-27,8.4395,8.4851,8.3255,8.3711,1.928,2641440
1988-05-31,8.4167,8.8045,8.3939,8.7817,2.0226,6411793
1988-06-01,8.8273,9.0098,8.8045,8.8957,2.0488,11479302
1988-06-02,8.9185,8.987,8.8729,8.9413,2.0594,7069413
1988-06-03,8.987,9.0098,8.8729,8.987,2.0699,5534967
1988-06-06,9.0098,9.2151,8.987,9.2151,2.1224,11473273
1988-06-07,9.1922,9.3063,9.1238,9.1922,2.1171,8357252
1988-06-08,9.1694,9.4431,9.1694,9.3747,2.1592,11137339
1988-06-09,9.3975,9.5116,9.3063,9.4203,2.1697,9864297
1988-06-10,9.4431,9.5572,9.4203,9.4431,2.1749,6282461
1988-06-13,9.4431,9.5116,9.3747,9.3747,2.1592,6703886
1988-06-14,9.4888,9.6712,9.4888,9.58,2.2065,10415601
1988-06-15,9.6028,9.6941,9.5572,9.6941,2.2327,5228077
1988-06-16,9.6028,9.6256,9.3975,9.5116,2.1907,5784314
1988-06-17,9.5116,9.6712,9.3975,9.6028,2.2117,8368212
1988-06-20,9.5572,9.5572,9.4203,9.466,2.1802,5379330
1988-06-21,9.5344,9.6712,9.4431,9.6712,2.2275,6025989
1988-06-22,9.8537,9.945,9.7397,9.8309,2.2642,7645926
1988-06-23,9.7397,9.8081,9.6712,9.6941,2.2327,4509080
1988-06-24,9.6941,9.7169,9.466,9.5344,2.1959,4118344
1988-06-27,9.4888,9.6028,9.3975,9.4431,2.1749,5368918
1988-06-28,9.3975,9.7397,9.3519,9.7397,2.2432,4912420
1988-06-29,9.7397,9.8081,9.4888,9.6028,2.2117,5290003
1988-06-30,9.6712,9.7625,9.6256,9.7169,2.238,5142039
1988-07-01,9.6941,9.7397,9.466,9.6256,2.217,5233558
1988-07-05,9.58,9.8537,9.5116,9.8537,2.2695,6605791
1988-07-06,9.8309,9.9221,9.6484,9.7397,2.2432,6209027
1988-07-07,9.6712,9.7853,9.58,9.7625,2.2485,5915290
1988-07-08,9.6941,9.8309,9.6028,9.6484,2.2222,5268631
1988-07-11,9.6256,9.6484,9.4431,9.5116,2.1907,5482905
1988-07-12,9.5572,9.5572,9.3063,9.3975,2.1644,7156547
1988-07-13,9.4203,9.466,9.2835,9.4203,2.1697,5828155
1988-07-14,9.4203,9.5572,9.3291,9.3747,2.1592,3459080
1988-07-15,9.4431,9.5116,9.3975,9.4888,2.1854,4968318
1988-07-18,9.4888,9.4888,9.3519,9.3975,2.1644,3850912
1988-07-19,9.4203,9.5116,9.3291,9.466,2.1802,5884601
1988-07-20,9.4888,9.6256,9.4203,9.6028,2.2117,3799946
1988-07-21,9.58,9.6256,9.4888,9.4888,2.1854,3253574
1988-07-22,9.3975,9.466,9.3063,9.3291,2.1487,4760619
1988-07-25,9.3291,9.3519,9.1922,9.2607,2.1329,4305766
1988-07-26,9.2835,9.3747,9.2607,9.3747,2.1592,13083346
1988-07-27,9.2607,9.3975,9.2151,9.2379,2.1528,39065904
1988-07-28,9.2379,9.5116,9.1694,9.5116,2.2166,6256156
1988-07-29,9.6028,9.6712,9.4888,9.6712,2.2538,6547701
1988-08-01,9.6712,9.8309,9.6484,9.7625,2.2751,4084367
1988-08-02,9.7625,9.8537,9.6028,9.6941,2.2591,4785828
1988-08-03,9.6484,9.8765,9.58,9.8309,2.291,6979538
1988-08-04,9.8993,9.8993,9.7625,9.8765,2.3016,5815003
1988-08-05,9.8081,9.8309,9.6941,9.8081,2.2857,3795014
1988-08-08,9.7625,9.8309,9.6712,9.6712,2.2538,2699529
1988-08-09,9.6941,9.7397,9.3063,9.466,2.2059,6969674
1988-08-10,9.3747,9.4203,9.0782,9.1694,2.1368,8700858
1988-08-11,9.1922,9.2151,8.9413,9.1694,2.1368,9596317
1988-08-12,9.1238,9.1922,9.0554,9.1922,2.1422,4240552
1988-08-15,9.1238,9.1922,9.0326,9.0326,2.105,3546763
1988-08-16,9.0098,9.1922,8.987,9.0554,2.1103,6075311
1988-08-17,9.101,9.1238,8.8729,8.9413,2.0837,5686219
1988-08-18,8.987,9.101,8.9413,9.0326,2.105,2945589
1988-08-19,9.0326,9.0782,8.8273,8.8729,2.0677,5233558
1988-08-22,8.8045,8.9413,8.5536,8.5536,1.9933,7081469
1988-08-23,8.622,8.6904,8.5308,8.6448,2.0146,6444674
1988-08-24,8.6676,8.9413,8.6676,8.9413,2.0837,6204643
1988-08-25,8.7589,8.8957,8.7361,8.8501,2.0624,5031887
1988-08-26,8.8045,8.8729,8.7817,8.8045,2.0518,2954905
1988-08-29,8.8501,8.987,8.8501,8.987,2.0943,3822963
1988-08-30,8.9641,9.0326,8.8957,8.9641,2.089,3436611
1988-08-31,9.0326,9.0782,8.9413,8.987,2.0943,3394414
1988-09-01,8.9641,8.9641,8.7589,8.9185,2.0784,6098328
1988-09-02,8.987,9.1466,8.9641,9.1466,2.1315,6063803
1988-09-06,9.1694,9.2379,9.1466,9.2379,2.1528,4665812
1988-09-07,9.3063,9.3063,9.1922,9.1922,2.1422,4072311
1988-09-08,9.1922,9.2151,9.1466,9.1466,2.1315,3689795
1988-09-09,9.1466,9.2607,8.987,9.1694,2.1368,3729800
1988-09-12,9.1694,9.3519,9.1466,9.3519,2.1794,8938697
1988-09-13,9.3063,9.4203,9.3063,9.3975,2.19,5671971
1988-09-14,9.4431,9.466,9.3975,9.4431,2.2006,5984888
1988-09-15,9.4203,9.4431,9.3063,9.3519,2.1794,3044780
1988-09-16,9.2835,9.3291,9.1238,9.1466,2.1315,14856179
1988-09-19,9.1466,9.2151,9.0326,9.0326,2.105,7176276
1988-09-20,9.0326,9.1238,9.0098,9.0782,2.1156,4626355
1988-09-21,9.101,9.1694,9.0554,9.1238,2.1262,6905556
1988-09-22,9.1238,9.1694,8.987,9.0326,2.105,7749501
1988-09-23,9.0098,9.2835,8.9413,9.2607,2.1581,5362889
1988-09-26,9.2379,9.2835,9.1922,9.2607,2.1581,3428939
1988-09-27,9.3063,9.3291,9.2151,9.2379,2.1528,2822285
1988-09-28,9.2379,9.3063,9.2151,9.2607,2.1581,2963673
1988-09-29,9.3063,9.4203,9.2835,9.3975,2.19,4759523
1988-09-30,9.3519,9.466,9.2607,9.3291,2.1741,6860070
1988-10-03,9.3975,9.466,9.3063,9.466,2.2059,5410019
1988-10-04,9.4431,9.466,9.3747,9.3747,2.1847,4668553
1988-10-05,9.3975,9.466,9.3519,9.466,2.2059,4063542
1988-10-06,9.466,9.5344,9.4431,9.466,2.2059,5106418
1988-10-07,9.58,9.7169,9.4888,9.6941,2.2591,8448770
1988-10-10,9.6941,9.7853,9.6484,9.7625,2.2751,3273851
1988-10-11,9.7625,9.7625,9.6256,9.7397,2.2697,3558271
1988-10-12,9.58,9.7397,9.3975,9.466,2.2059,4652660
1988-10-13,9.5116,9.6028,9.2379,9.2835,2.1634,9223118
1988-10-14,9.4888,9.5116,9.3519,9.4203,2.1953,5493317
1988-10-17,9.4431,9.58,9.4203,9.466,2.2059,2958741
1988-10-18,9.4888,9.58,9.4431,9.5572,2.2272,4295901
1988-10-19,9.6484,9.6484,9.3063,9.3975,2.19,5428103
1988-10-20,9.3747,9.8537,9.3519,9.7853,2.2804,6841438
1988-10-21,9.7397,9.7853,9.6712,9.7625,2.2751,7189976
1988-10-24,9.7853,9.8993,9.7397,9.7853,2.2804,5066412
1988-10-25,9.8537,10.0362,9.8309,9.9678,2.3229,17748062
1988-10-26,9.8537,9.8993,9.6484,9.6941,2.2842,7387810
1988-10-27,9.6712,9.7397,9.5344,9.7169,2.2896,5711976
1988-10-28,9.8081,9.945,9.466,9.5572,2.2519,7507826
1988-10-31,9.58,9.58,9.3975,9.3975,2.2143,5297127
1988-11-01,9.3975,9.5116,9.3519,9.3975,2.2143,6450702
1988-11-02,9.3747,9.4203,9.1922,9.3747,2.2089,7484809
1988-11-03,9.3747,9.4203,9.2151,9.2151,2.1713,5947075
1988-11-04,9.1694,9.2379,9.0554,9.0554,2.1337,8903076
1988-11-07,9.0098,9.3063,8.9641,9.3063,2.1928,8192847
1988-11-08,9.3519,9.3975,9.2607,9.3291,2.1982,3660202
1988-11-09,9.2835,9.3747,9.2151,9.3291,2.1982,3975860
1988-11-10,9.3519,9.4203,9.3063,9.3063,2.1928,4216987
1988-11-11,9.2151,9.2835,9.101,9.101,2.1445,6198615
1988-11-14,9.1466,9.1922,9.0326,9.0782,2.1391,5720196
1988-11-15,9.1238,9.1922,9.101,9.1694,2.1606,3863516
1988-11-16,9.1694,9.1922,8.9413,9.0326,2.1283,6193682
1988-11-17,9.101,9.101,8.9413,9.0098,2.123,5347545
1988-11-18,9.0554,9.0782,8.9641,9.0326,2.1283,3068892
1988-11-21,9.0554,9.0782,8.9185,9.0554,2.1337,3917770
1988-11-22,9.0554,9.2607,9.0326,9.1922,2.166,4882827
1988-11-23,9.1922,9.4203,9.1694,9.3291,2.1982,4587446
1988-11-25,9.2151,9.2151,9.1238,9.1238,2.1498,2872702
1988-11-28,9.101,9.1694,8.987,9.101,2.1445,5540995
1988-11-29,9.1238,9.3519,9.1238,9.3519,2.2036,4377556
1988-11-30,9.3975,9.58,9.3747,9.4888,2.2358,7139559
1988-12-01,9.5116,9.6028,9.466,9.5116,2.2412,6470979
1988-12-02,9.4888,9.5572,9.3975,9.466,2.2304,7683191
1988-12-05,9.4888,9.6941,9.4888,9.6028,2.2627,6726354
1988-12-06,9.6256,9.6712,9.5116,9.6484,2.2734,6827737
1988-12-07,9.6484,9.6712,9.58,9.6028,2.2627,5099841
1988-12-08,9.58,9.58,9.4888,9.4888,2.2358,2970797
1988-12-09,9.4888,9.58,9.466,9.5572,2.2519,2441961
1988-12-12,9.58,9.6712,9.5344,9.5572,2.2519,3784054
1988-12-13,9.58,9.58,9.4203,9.58,2.2573,5180400
1988-12-14,9.5116,9.58,9.3975,9.4431,2.2251,4010385
1988-12-15,9.4431,9.4888,9.3063,9.3063,2.1928,5665943
1988-12-16,9.3519,9.3747,9.2607,9.2607,2.1821,8805529
1988-12-19,9.2607,9.466,9.2379,9.4203,2.2197,5372754
1988-12-20,9.5116,9.58,9.4203,9.4431,2.2251,6306026
1988-12-21,9.466,9.466,9.3063,9.3519,2.2036,4090395
1988-12-22,9.3519,9.3747,9.2607,9.3063,2.1928,4107384
1988-12-23,9.3291,9.3519,9.2379,9.3063,2.1928,2441413
1988-12-27,9.3519,9.3747,9.2607,9.2835,2.1875,2327426
1988-12-28,9.2607,9.2607,9.2379,9.2379,2.1767,2813517
1988-12-29,9.2835,9.4203,9.2835,9.3975,2.2143,3294127
1988-12-30,9.3975,9.4431,9.2151,9.2151,2.1713,4967222
1989-01-03,9.1694,9.2607,9.101,9.1922,2.166,5807879
1989-01-04,9.2379,9.3291,9.1466,9.3291,2.1982,6551537
1989-01-05,9.3975,9.4888,9.3291,9.3975,2.2143,5767326
1989-01-06,9.4431,9.5116,9.3519,9.3747,2.2089,6723614
1989-01-09,9.3519,9.4203,9.2607,9.3291,2.1982,6360827
1989-01-10,9.3519,9.3747,9.2379,9.3291,2.1982,5590864
1989-01-11,9.4203,9.6256,9.4203,9.6028,2.2627,10159130
1989-01-12,9.6256,9.7397,9.5344,9.6484,2.2734,10616724
1989-01-13,9.6484,9.7397,9.58,9.6484,2.2734,8346291
1989-01-16,9.6484,9.6712,9.5344,9.6028,2.2627,5522362
1989-01-17,9.58,9.6028,9.4888,9.5116,2.2412,4116700
1989-01-18,9.5572,9.6712,9.4431,9.6712,2.2788,8296422
1989-01-19,9.6712,9.6712,9.6028,9.6484,2.2734,4077791
1989-01-20,9.58,9.6256,9.4888,9.58,2.2573,5211637
1989-01-23,9.6028,9.6484,9.5344,9.5344,2.2466,15231570
1989-01-24,9.4431,9.5572,9.3747,9.4888,2.2684,5758557
1989-01-25,9.4888,9.4888,9.3747,9.466,2.2629,6360827
1989-01-26,9.4203,9.466,9.3747,9.4203,2.252,7489193
1989-01-27,9.466,9.6941,9.3975,9.58,2.2902,13702056
1989-01-30,9.6256,9.8309,9.6028,9.7853,2.3393,10886348
1989-01-31,9.8309,9.9906,9.7625,9.9678,2.3829,13196237
1989-02-01,9.945,10.1046,9.9221,10.059,2.4047,10984443
1989-02-02,10.0818,10.1274,10.0134,10.059,2.4047,7726485
1989-02-03,9.9906,10.059,9.945,9.9678,2.3829,5189168
1989-02-06,9.945,10.0362,9.9221,9.9906,2.3883,4290421
1989-02-07,10.0362,10.2415,10.0362,10.1959,2.4374,10713722
1989-02-08,10.0818,10.3327,10.0818,10.2415,2.4483,9098170
1989-02-09,10.1731,10.1959,9.9906,10.059,2.4047,6168474
1989-02-10,9.9221,9.9678,9.7853,9.8081,2.3447,6554825
1989-02-13,9.7625,9.8537,9.7169,9.8309,2.3502,5225885
1989-02-14,9.9221,9.945,9.7169,9.7625,2.3338,6236976
1989-02-15,9.7397,9.9221,9.7169,9.8765,2.3611,4324946
1989-02-16,9.8993,9.945,9.7853,9.7853,2.3393,4004905
1989-02-17,9.8309,9.945,9.8081,9.8537,2.3556,5213829
1989-02-21,9.8765,9.8993,9.7853,9.8081,2.3447,3636637
1989-02-22,9.8081,9.8309,9.5572,9.6256,2.3011,5895013
1989-02-23,9.58,9.6941,9.5344,9.6941,2.3175,3144519
1989-02-24,9.6712,9.6712,9.3975,9.4431,2.2575,6217247
1989-02-27,9.4431,9.5344,9.3747,9.466,2.2629,6227659
1989-02-28,9.5116,9.5344,9.3747,9.4203,2.252,5015995
1989-03-01,9.466,9.4888,9.3747,9.3975,2.2466,6284653
1989-03-02,9.4203,9.4888,9.3975,9.466,2.2629,4749111
1989-03-03,9.466,9.5344,9.3975,9.5344,2.2793,4139169
1989-03-06,9.5116,9.5344,9.3975,9.4431,2.2575,4387420
1989-03-07,9.466,9.466,9.3063,9.3063,2.2248,5876381
1989-03-08,9.3291,9.3519,9.2379,9.2607,2.2139,4895431
1989-03-09,9.3063,9.3519,9.2835,9.3291,2.2302,3377974
1989-03-10,9.3063,9.3063,9.1922,9.2607,2.2139,3991752
1989-03-13,9.2835,9.3747,9.2835,9.3291,2.2302,4834053
1989-03-14,9.3291,9.3519,9.1694,9.1922,2.1975,5962419
1989-03-15,9.1694,9.2379,9.101,9.1694,2.192,11894698
1989-03-16,9.1694,9.3291,9.1466,9.3291,2.2302,6086819
1989-03-17,9.0782,9.1466,9.0326,9.101,2.1757,10617820
1989-03-20,9.0554,9.101,8.9185,8.9641,2.143,7360410
1989-03-21,9.0098,9.0782,8.9185,8.9185,2.1321,4858714
1989-03-22,8.9413,8.9641,8.8045,8.8273,2.1102,5203417
1989-03-23,8.8501,8.8729,8.7817,8.8501,2.1157,5498249
1989-03-27,8.8045,8.9413,8.8045,8.9185,2.1321,3113282
1989-03-28,8.9641,9.0326,8.9185,8.9185,2.1321,5274111
1989-03-29,8.9185,8.9413,8.8273,8.8501,2.1157,3289195
1989-03-30,8.9413,8.987,8.8729,8.8957,2.1266,4173146
1989-03-31,8.9413,9.0554,8.8729,8.9185,2.1321,2681445
1989-04-03,8.9413,9.0098,8.8957,9.0098,2.1539,3952295
1989-04-04,9.0098,9.0098,8.7817,8.8729,2.1212,10178310
1989-04-05,8.7817,8.8045,8.6676,8.6676,2.0721,7478781
1989-04-06,8.6676,8.6676,8.5308,8.5536,2.0448,7351093
1989-04-07,8.5308,8.7132,8.4851,8.7132,2.083,6214507
1989-04-10,8.7361,8.7589,8.622,8.6448,2.0666,3521554
1989-04-11,8.6448,8.6676,8.5992,8.622,2.0612,3730896
1989-04-12,8.5992,8.6448,8.5536,8.5536,2.0448,5045040
1989-04-13,8.5308,8.6904,8.508,8.5764,2.0503,6082435
1989-04-14,8.6676,8.8045,8.622,8.7589,2.0939,5693891
1989-04-17,8.7589,8.8045,8.7361,8.7361,2.0884,3264534
1989-04-18,8.8501,8.9413,8.8045,8.8729,2.1212,6046266
1989-04-19,8.8729,8.8957,8.7589,8.8729,2.1212,6570718
1989-04-20,8.8957,8.9185,8.7589,8.8045,2.1048,7311636
1989-04-21,8.8045,8.9413,8.7817,8.9413,2.1375,7444256
1989-04-24,8.9185,8.9185,8.8045,8.8273,2.1102,4828025
1989-04-25,8.8729,8.9185,8.8501,8.8957,2.1266,13257067
1989-04-26,8.7589,8.8729,8.7361,8.8729,2.1543,5051616
1989-04-27,8.9641,9.0098,8.7132,8.7361,2.1211,10969646
1989-04-28,8.7132,8.7361,8.6448,8.7132,2.1155,9928415
1989-05-01,8.6676,8.7132,8.622,8.6904,2.11,4724998
1989-05-02,8.6904,8.7589,8.622,8.6448,2.0989,4323302
1989-05-03,8.622,8.622,8.5308,8.5764,2.0823,6906104
1989-05-04,8.5764,8.5764,8.4851,8.5536,2.0768,4519492
1989-05-05,8.5992,8.622,8.508,8.5308,2.0712,5082853
1989-05-08,8.508,8.5308,8.4395,8.4851,2.0602,4427973
1989-05-09,8.4851,8.5308,8.4167,8.4623,2.0546,4813777
1989-05-10,8.4851,8.508,8.4167,8.4623,2.0546,4899267
1989-05-11,8.508,8.5764,8.4623,8.5308,2.0712,3169179
1989-05-12,8.6904,8.7817,8.5764,8.7132,2.1155,7847048
1989-05-15,8.7132,8.8501,8.6904,8.8501,2.1488,4384132
1989-05-16,8.8273,8.9185,8.8045,8.8729,2.1543,5561819
1989-05-17,8.9185,9.101,8.8501,9.0782,2.2041,5736637
1989-05-18,8.9413,9.101,8.9413,9.0782,2.2041,5584288
1989-05-19,9.101,9.1466,9.0782,9.1238,2.2152,7822387
1989-05-22,9.1238,9.1238,8.9413,9.0098,2.1875,4036689
1989-05-23,8.9185,8.9413,8.7589,8.7817,2.1321,5090525
1989-05-24,8.7589,8.7817,8.5764,8.6448,2.0989,8362184
1989-05-25,8.6448,8.6676,8.5764,8.5764,2.0823,3920510
1989-05-26,8.5992,8.7817,8.5764,8.7817,2.1321,3773642
1989-05-30,8.8501,8.8729,8.7589,8.8501,2.1488,4850494
1989-05-31,8.8729,8.9641,8.7589,8.8957,2.1598,6209027
1989-06-01,8.8729,9.0326,8.8501,9.0098,2.1875,6662237
1989-06-02,9.1238,9.1694,9.0554,9.0554,2.1986,9854433
1989-06-05,9.101,9.101,9.0098,9.0326,2.1931,4111768
1989-06-06,9.0326,9.1238,8.987,9.1238,2.2152,5645118
1989-06-07,9.1238,9.1238,8.8957,8.9413,2.1709,6179434
1989-06-08,8.8957,8.9185,8.8273,8.8501,2.1488,7233818
1989-06-09,8.8273,8.8729,8.7589,8.8501,2.1488,5422623
1989-06-12,8.8957,8.9641,8.8273,8.9185,2.1654,7080373
1989-06-13,8.8957,9.0326,8.8957,8.9185,2.1654,6991046
1989-06-14,9.0098,9.0098,8.9413,9.0098,2.1875,3739117
1989-06-15,9.0326,9.0326,8.8957,8.9413,2.1709,10327919
1989-06-16,8.8729,8.9641,8.8729,8.9185,2.1654,10942245
1989-06-19,8.9185,8.9413,8.8729,8.8957,2.1598,3305635
1989-06-20,8.8957,8.9641,8.8501,8.9641,2.1765,5116282
1989-06-21,8.8957,8.9185,8.8273,8.8957,2.1598,6085175
1989-06-22,8.8729,8.9413,8.8729,8.8729,2.1543,3980244
1989-06-23,8.9185,8.987,8.8729,8.987,2.182,3078209
1989-06-26,8.9413,8.9641,8.8957,8.8957,2.1598,2865030
1989-06-27,8.9185,8.9413,8.8501,8.8957,2.1598,4215343
1989-06-28,8.8729,8.987,8.8501,8.987,2.182,6778416
1989-06-29,8.9185,8.9185,8.8045,8.8045,2.1377,4081627
1989-06-30,8.8501,8.8501,8.7361,8.8501,2.1488,3969831
1989-07-03,8.8045,8.8957,8.8045,8.8729,2.1543,2222207
1989-07-05,8.8045,8.8273,8.7589,8.8045,2.1377,3812551
1989-07-06,8.8273,8.8273,8.7132,8.7817,2.1321,3929826
1989-07-07,8.7817,8.8045,8.7132,8.7132,2.1155,4074503
1989-07-10,8.7361,8.7361,8.6904,8.6904,2.11,3589508
1989-07-11,8.7132,8.8045,8.7132,8.7589,2.1266,4073955
1989-07-12,8.7589,8.8729,8.7132,8.8501,2.1488,2740630
1989-07-13,8.8729,8.8729,8.7589,8.8501,2.1488,3181236
1989-07-14,8.8501,8.9185,8.7589,8.9185,2.1654,8362184
1989-07-17,8.9413,8.987,8.8729,8.9413,2.1709,3804879
1989-07-18,8.9185,8.9185,8.8729,8.8957,2.1598,2980662
1989-07-19,9.0098,9.1238,8.987,9.1238,2.2152,4807201
1989-07-20,9.101,9.1466,8.9641,8.9641,2.1765,7146135
1989-07-21,8.9641,9.1238,8.9413,9.1238,2.2152,4158897
1989-07-24,9.0554,9.0782,9.0098,9.0326,2.1931,3451408
1989-07-25,9.0326,9.1238,9.0326,9.0782,2.2041,6794857
1989-07-26,9.101,9.2607,9.0782,9.2151,2.2374,16595035
1989-07-27,9.1466,9.1922,9.0782,9.1466,2.2542,6704982
1989-07-28,9.1238,9.1238,9.0098,9.0554,2.2317,7638254
1989-07-31,9.0326,9.1238,8.987,9.101,2.243,4587446
1989-08-01,9.101,9.1466,9.0098,9.0326,2.2261,9796891
1989-08-02,9.0554,9.1238,9.0326,9.1238,2.2486,3976408
1989-08-03,9.101,9.1694,9.101,9.1238,2.2486,8416985
1989-08-04,9.1238,9.1694,9.0782,9.101,2.243,3992300
1989-08-07,9.1238,9.1922,9.0782,9.1694,2.2599,6191490
1989-08-08,9.2379,9.2835,9.1694,9.1694,2.2599,7122570
1989-08-09,9.1694,9.2379,9.0782,9.101,2.243,7269439
1989-08-10,9.0782,9.2151,9.0782,9.1466,2.2542,4756235
1989-08-11,9.2607,9.3291,9.1238,9.1238,2.2486,8749083
1989-08-14,9.0782,9.1694,9.0782,9.1466,2.2542,3789534
1989-08-15,9.1922,9.3519,9.1694,9.3063,2.2936,10062131
1989-08-16,9.3519,9.4888,9.3519,9.4203,2.3217,10119673
1989-08-17,9.3975,9.4431,9.3063,9.3063,2.2936,6177790
1989-08-18,9.3291,9.4203,9.3063,9.3747,2.3105,5727868
1989-08-21,9.3975,9.466,9.3291,9.3519,2.3048,5324528
1989-08-22,9.3519,9.3747,9.2835,9.3519,2.3048,6731287
1989-08-23,9.3975,9.4888,9.3291,9.466,2.3329,6929669
1989-08-24,9.5116,9.58,9.4203,9.5572,2.3554,14091696
1989-08-25,9.58,9.7169,9.5344,9.6256,2.3723,7040368
1989-08-28,9.6028,9.6941,9.5572,9.6712,2.3835,3910098
1989-08-29,9.58,9.6028,9.5116,9.5344,2.3498,9950883
1989-08-30,9.58,9.6941,9.58,9.6712,2.3835,8266829
1989-08-31,9.7169,9.8537,9.6941,9.8309,2.4229,7325336
1989-09-01,9.8309,9.9678,9.8309,9.8993,2.4397,6371240
1989-09-05,9.8309,9.8537,9.7625,9.7853,2.4116,4959001
1989-09-06,9.6941,9.7169,9.58,9.6712,2.3835,5022571
1989-09-07,9.7169,9.7169,9.6256,9.6484,2.3779,3405923
1989-09-08,9.6941,9.8309,9.6028,9.7853,2.4116,4878991
1989-09-11,9.7853,9.8309,9.6941,9.8081,2.4173,2605270
1989-09-12,9.8081,9.8309,9.7397,9.7625,2.406,3276591
1989-09-13,9.7853,9.7853,9.4888,9.5116,2.3442,6346579
1989-09-14,9.5116,9.5116,9.3747,9.5116,2.3442,4236716
1989-09-15,9.58,9.6484,9.4203,9.4888,2.3386,9719621
1989-09-18,9.4431,9.5116,9.3747,9.4888,2.3386,3697467
1989-09-19,9.5344,9.5344,9.3975,9.4203,2.3217,3118762
1989-09-20,9.3519,9.3975,9.2835,9.2835,2.288,3268918
1989-09-21,9.3291,9.3747,9.2151,9.2607,2.2823,5043396
1989-09-22,9.3291,9.466,9.2607,9.3975,2.3161,5878025
1989-09-25,9.3975,9.4431,9.2835,9.2835,2.288,3667326
1989-09-26,9.3291,9.4203,9.3063,9.3291,2.2992,4387968
1989-09-27,9.3063,9.4203,9.2835,9.3063,2.2936,3822415
1989-09-28,9.2835,9.3291,9.2379,9.3063,2.2936,3514978
1989-09-29,9.3063,9.3291,9.2835,9.2835,2.288,2819545
1989-10-02,9.2835,9.3519,9.2379,9.3519,2.3048,3297963
1989-10-03,9.3975,9.6028,9.3519,9.6028,2.3667,6332331
1989-10-04,9.6941,9.7397,9.6028,9.7169,2.3948,5824319
1989-10-05,9.6941,9.8309,9.6712,9.6941,2.3892,4505244
1989-10-06,9.7625,9.7853,9.6484,9.7169,2.3948,4138073
1989-10-09,9.6941,9.7397,9.6484,9.7169,2.3948,3031079
1989-10-10,9.6712,9.6941,9.5116,9.6484,2.3779,4044362
1989-10-11,9.6256,9.6712,9.5116,9.58,2.361,2721998
1989-10-12,9.58,9.6484,9.4431,9.4888,2.3386,4375912
1989-10-13,9.4431,9.4431,8.8501,8.9413,2.2036,8258609
1989-10-16,8.8045,9.4203,8.7589,9.2607,2.2823,14849603
1989-10-17,9.2151,9.2151,8.9641,9.101,2.243,11507798
1989-10-18,9.101,9.1238,9.0326,9.0782,2.2374,3556627
1989-10-19,9.1238,9.1922,9.0326,9.1238,2.2486,5320144
1989-10-20,9.1238,9.1466,8.9185,9.1238,2.2486,4181914
1989-10-23,9.1238,9.1922,9.0554,9.101,2.243,3536350
1989-10-24,9.0782,9.101,8.8957,8.9641,2.2093,8447674
1989-10-25,8.9413,8.987,8.8273,8.8729,2.1868,4497571
1989-10-26,8.7132,8.7361,8.5308,8.6676,2.1696,6788828
1989-10-27,8.622,8.6904,8.5308,8.5992,2.1525,5072989
1989-10-30,8.5992,8.6904,8.4851,8.5308,2.1354,3807619
1989-10-31,8.5764,8.8045,8.5308,8.6448,2.1639,6088463
1989-11-01,8.6676,8.7132,8.5536,8.5992,2.1525,6482487
1989-11-02,8.5992,8.6448,8.4623,8.4851,2.124,5071893
1989-11-03,8.4851,8.5308,8.2799,8.3255,2.084,8740315
1989-11-06,8.2571,8.2571,7.9377,8.0061,2.0041,11840992
1989-11-07,8.0061,8.1658,7.9377,8.1658,2.044,6324658
1989-11-08,8.1886,8.2799,8.1886,8.2114,2.0555,5458792
1989-11-09,8.2114,8.2571,8.0974,8.143,2.0383,3935854
1989-11-10,8.1202,8.2342,8.1202,8.2114,2.0555,3482097
1989-11-13,8.2114,8.2342,8.0518,8.1658,2.044,4006549
1989-11-14,8.143,8.1658,8.029,8.0746,2.0212,3095745
1989-11-15,8.1658,8.1658,8.0518,8.1202,2.0326,3072180
1989-11-16,8.0974,8.143,8.029,8.143,2.0383,2974086
1989-11-17,8.1202,8.2114,8.0974,8.1886,2.0497,4144101
1989-11-20,8.1658,8.1658,8.0061,8.029,2.0098,2632671
1989-11-21,8.0746,8.0974,7.9149,7.9833,1.9984,3123694
1989-11-22,7.9833,8.0061,7.9377,8.0061,2.0041,3126434
1989-11-24,8.0061,8.1202,8.0061,8.0746,2.0212,2335646
1989-11-27,8.0974,8.2799,8.0746,8.2799,2.0726,4415369
1989-11-28,8.2799,8.3483,8.2571,8.3255,2.084,5242326
1989-11-29,8.3027,8.3483,8.143,8.1886,2.0497,3568135
1989-11-30,8.1886,8.2114,8.1202,8.143,2.0383,2850782
1989-12-01,8.1886,8.3255,8.1886,8.3027,2.0783,5555243
1989-12-04,8.3027,8.3483,8.1886,8.3255,2.084,4935985
1989-12-05,8.3255,8.3939,8.2114,8.2571,2.0669,5032983
1989-12-06,8.2342,8.2799,8.1658,8.2571,2.0669,6449606
1989-12-07,8.2571,8.2571,8.1202,8.2342,2.0612,2477583
1989-12-08,8.2571,8.2799,8.1202,8.1886,2.0497,2682541
1989-12-11,8.1658,8.1886,8.0518,8.0746,2.0212,3100129
1989-12-12,8.0974,8.1886,8.0974,8.143,2.0383,4528260
1989-12-13,8.1658,8.2114,8.1202,8.1658,2.044,2754331
1989-12-14,8.1202,8.143,8.0061,8.029,2.0098,4253704
1989-12-15,8.0518,8.1658,7.8693,7.9605,1.9926,8404929
1989-12-18,7.9833,8.0061,7.7781,7.8009,1.9527,4528260
1989-12-19,7.8009,7.8009,7.5728,7.5956,1.9013,6310410
1989-12-20,7.6184,7.7096,7.55,7.6412,1.9127,6181078
1989-12-21,7.6868,7.8237,7.664,7.8237,1.9584,4561141
1989-12-22,7.8237,7.8921,7.8009,7.8237,1.9584,3803234
1989-12-26,7.8237,7.8921,7.8009,7.8465,1.9641,2156993
1989-12-27,7.8465,7.8921,7.8237,7.8921,1.9755,3133010
1989-12-28,7.8693,7.9833,7.8465,7.9605,1.9926,3619101
1989-12-29,7.9833,8.0061,7.9149,7.9605,1.9926,3625677
1990-01-02,7.9833,8.2571,7.9377,8.2571,2.0669,6241908
1990-01-03,8.3027,8.3711,8.2571,8.3027,2.0783,8032278
1990-01-04,8.3255,8.3483,8.2342,8.3027,2.0783,3932566
1990-01-05,8.3027,8.3483,8.1886,8.1886,2.0497,3820771
1990-01-08,8.1658,8.2114,8.1202,8.1886,2.0497,3360985
1990-01-09,8.1886,8.2342,8.0518,8.0518,2.0155,5280139
1990-01-10,8.0746,8.1202,8.0061,8.1202,2.0326,2950521
1990-01-11,8.1658,8.2799,8.1658,8.2114,2.0555,2945041
1990-01-12,8.1202,8.143,7.9833,7.9833,1.9984,3214117
1990-01-15,7.9833,8.0061,7.8693,7.8921,1.9755,4010933
1990-01-16,7.8465,8.2342,7.8237,8.2114,2.0555,3935854
1990-01-17,8.2114,8.2342,8.029,8.0746,2.0212,2822285
1990-01-18,8.029,8.1202,7.9833,8.0746,2.0212,4986402
1990-01-19,8.1658,8.2114,8.1202,8.143,2.0383,4071763
1990-01-22,8.1202,8.1658,7.9377,7.9377,1.9869,3896397
1990-01-23,7.9833,8.0746,7.9377,8.029,2.0098,6626615
1990-01-24,7.7552,7.8921,7.664,7.7096,1.9633,5954199
1990-01-25,7.7324,7.8237,7.6184,7.6184,1.9401,4843918
1990-01-26,7.6412,7.7552,7.5728,7.7324,1.9691,3616909
1990-01-29,7.8237,7.8693,7.5728,7.7781,1.9807,4246580
1990-01-30,7.8009,7.8237,7.6184,7.7552,1.9749,2742823
1990-01-31,7.8009,7.9149,7.8009,7.8693,2.004,5611141
1990-02-01,7.8465,7.8693,7.7324,7.8009,1.9865,3036559
1990-02-02,7.7096,7.8921,7.7096,7.8693,2.004,4489899
1990-02-05,7.8009,7.9377,7.7781,7.9377,2.0214,2058350
1990-02-06,7.8921,7.9149,7.8237,7.8237,1.9924,2474842
1990-02-07,7.7781,8.2114,7.7552,8.1886,2.0853,4686089
1990-02-08,8.2114,8.2114,7.9605,8.029,2.0446,4285489
1990-02-09,8.0061,8.029,7.9149,8.029,2.0446,2420589
1990-02-12,8.029,8.143,7.9605,8.029,2.0446,3031079
1990-02-13,8.0061,8.1202,7.9605,8.0518,2.0504,2654592
1990-02-14,8.0518,8.1658,8.0518,8.143,2.0737,2334002
1990-02-15,8.143,8.3027,8.1202,8.2571,2.1027,6467143
1990-02-16,8.2114,8.2342,8.0974,8.0974,2.0621,5492221
1990-02-20,8.029,8.0746,7.9833,8.029,2.0446,3846528
1990-02-21,7.9377,8.2799,7.8921,8.2571,2.1027,3637733
1990-02-22,8.2114,8.3255,8.143,8.143,2.0737,3141779
1990-02-23,8.1202,8.2342,8.0974,8.1658,2.0795,2929696
1990-02-26,8.143,8.3939,8.0974,8.3711,2.1318,3719936
1990-02-27,8.3939,8.5764,8.3939,8.4167,2.1434,5694439
1990-02-28,8.4167,8.5308,8.3483,8.3939,2.1376,4888307
1990-03-01,8.3483,8.4851,8.3255,8.3711,2.1318,3803234
1990-03-02,8.3939,8.622,8.3711,8.5992,2.1898,7426720
1990-03-05,8.5536,8.5764,8.4851,8.5536,2.1782,6155321
1990-03-06,8.5764,8.6904,8.5536,8.6904,2.2131,4691569
1990-03-07,8.7132,8.7361,8.5536,8.5992,2.1898,3653626
1990-03-08,8.5764,8.6904,8.5536,8.6904,2.2131,2690761
1990-03-09,8.622,8.6904,8.5992,8.6448,2.2015,3893109
1990-03-12,8.5992,8.7817,8.5764,8.7589,2.2305,5024763
1990-03-13,8.7361,8.8957,8.7132,8.7817,2.2363,4739247
1990-03-14,8.7589,8.7817,8.6676,8.6904,2.2131,3218501
1990-03-15,8.6904,8.7361,8.5764,8.7361,2.2247,4028469
1990-03-16,8.8045,8.8957,8.7817,8.8729,2.2595,6285749
1990-03-19,8.8273,8.8501,8.7132,8.8045,2.2421,2996554
1990-03-20,8.8045,8.8501,8.7361,8.8501,2.2537,3978052
1990-03-21,8.8729,8.9185,8.7589,8.7589,2.2305,3989560
1990-03-22,8.7817,8.8501,8.6676,8.8501,2.2537,9578232
1990-03-23,8.8501,8.9185,8.8045,8.8045,2.2421,3059028
1990-03-26,8.8957,8.9641,8.8501,8.8501,2.2537,3404278
1990-03-27,8.8273,8.8957,8.7589,8.8957,2.2654,3403182
1990-03-28,8.8729,8.9185,8.8501,8.8957,2.2654,2361403
1990-03-29,8.8729,8.8729,8.7132,8.7589,2.2305,2541700
1990-03-30,8.7132,8.7361,8.5992,8.622,2.1957,3033819
1990-04-02,8.5992,8.6676,8.508,8.6448,2.2015,3955583
1990-04-03,8.622,8.7589,8.5764,8.7361,2.2247,2752139
1990-04-04,8.7589,8.8045,8.6676,8.6676,2.2073,4130948
1990-04-05,8.6904,8.7132,8.5536,8.5764,2.184,3412499
1990-04-06,8.622,8.622,8.4851,8.5536,2.1782,1809550
1990-04-09,8.508,8.5992,8.508,8.5536,2.1782,2080271
1990-04-10,8.5764,8.5764,8.5308,8.5536,2.1782,1767353
1990-04-11,8.5536,8.5536,8.4623,8.4851,2.1608,2080819
1990-04-12,8.4623,8.4851,8.4395,8.4851,2.1608,1385934
1990-04-16,8.508,8.5764,8.4851,8.5308,2.1724,4982566
1990-04-17,8.4851,8.622,8.4851,8.5992,2.1898,2802008
1990-04-18,8.622,8.7817,8.5536,8.7589,2.2305,6644700
1990-04-19,8.7132,8.8729,8.7132,8.8045,2.2421,5056000
1990-04-20,8.8045,8.8045,8.6676,8.7589,2.2305,6443578
1990-04-23,8.6904,8.7132,8.622,8.6676,2.2073,3177400
1990-04-24,8.7132,8.7132,8.4851,8.5308,2.1724,3111090
1990-04-25,8.5308,8.5536,8.4167,8.4851,2.1608,5710880
1990-04-26,8.3483,8.3939,8.1886,8.3027,2.149,3898589
1990-04-27,8.3255,8.3483,8.0974,8.0974,2.0959,2803652
1990-04-30,8.0746,8.0746,7.9833,8.0518,2.0841,3845432
1990-05-01,8.0974,8.2114,8.0518,8.0974,2.0959,3500729
1990-05-02,8.1886,8.3027,8.1202,8.3027,2.149,3226721
1990-05-03,8.3939,8.3939,8.3027,8.3255,2.1549,3955035
1990-05-04,8.3939,8.4167,8.3027,8.3711,2.1667,2472650
1990-05-07,8.3711,8.4167,8.3255,8.3483,2.1608,2176722
1990-05-08,8.3255,8.4623,8.3027,8.4623,2.1903,3379618
1990-05-09,8.4167,8.4623,8.3255,8.3711,2.1667,3096841
1990-05-10,8.3939,8.3939,8.2799,8.3027,2.149,2437029
1990-05-11,8.3483,8.5536,8.3027,8.4623,2.1903,4989142
1990-05-14,8.4623,8.7132,8.4395,8.6676,2.2435,6494543
1990-05-15,8.6676,8.8501,8.6448,8.7132,2.2553,4301929
1990-05-16,8.6904,8.7817,8.6448,8.7132,2.2553,3422911
1990-05-17,8.7817,8.8957,8.6904,8.7132,2.2553,3656914
1990-05-18,8.6676,8.7132,8.5308,8.5992,2.2257,5081209
1990-05-21,8.5536,8.7132,8.5308,8.6904,2.2494,2592118
1990-05-22,8.7589,8.8045,8.5992,8.6904,2.2494,4487159
1990-05-23,8.6676,8.6676,8.5308,8.5992,2.2257,4149581
1990-05-24,8.5764,8.622,8.4851,8.4851,2.1962,3956679
1990-05-25,8.4851,8.5536,8.4623,8.508,2.2021,3494153
1990-05-29,8.4851,8.5992,8.4395,8.5992,2.2257,4848850
1990-05-30,8.5536,8.622,8.4623,8.4851,2.1962,5028599
1990-05-31,8.4395,8.4851,8.3711,8.4167,2.1785,3909550
1990-06-01,8.4395,8.622,8.3483,8.5536,2.2139,10098300
1990-06-04,8.5308,8.7817,8.4395,8.7589,2.2671,5046136
1990-06-05,8.7589,8.7817,8.5992,8.6448,2.2376,3806523
1990-06-06,8.5536,8.5992,8.4395,8.4851,2.1962,4420849
1990-06-07,8.4623,8.508,8.3483,8.4623,2.1903,3918318
1990-06-08,8.4623,8.5308,8.3483,8.3711,2.1667,2332358
1990-06-11,8.3711,8.4623,8.3483,8.3939,2.1726,3599920
1990-06-12,8.4395,8.5764,8.3483,8.508,2.2021,4209863
1990-06-13,8.5536,8.5536,8.3939,8.4623,2.1903,3130818
1990-06-14,8.4395,8.4623,8.3483,8.4623,2.1903,3967091
1990-06-15,8.3711,8.4167,8.3255,8.3483,2.1608,8656469
1990-06-18,8.3255,8.3255,8.1886,8.1886,2.1195,5437968
1990-06-19,8.143,8.2799,8.143,8.2114,2.1254,2999294
1990-06-20,8.2571,8.3027,8.1202,8.1886,2.1195,2694597
1990-06-21,8.2571,8.2799,8.0974,8.1202,2.1018,3400442
1990-06-22,8.143,8.2114,8.0746,8.0974,2.0959,3952843
1990-06-25,8.0974,8.1202,7.9833,7.9833,2.0663,3144519
1990-06-26,8.029,8.0746,7.9149,7.9149,2.0486,2640891
1990-06-27,7.9377,8.0061,7.8921,7.9833,2.0663,2631575
1990-06-28,8.0518,8.0518,7.9833,8.0061,2.0722,2026565
1990-06-29,8.029,8.0518,7.9605,7.9833,2.0663,3209185
1990-07-02,8.0061,8.1202,7.9377,8.0974,2.0959,3478809
1990-07-03,8.1658,8.2571,8.143,8.2114,2.1254,2290709
1990-07-05,8.2342,8.2342,7.9605,8.029,2.0781,3818031
1990-07-06,8.0518,8.0746,8.0061,8.029,2.0781,1730636
1990-07-09,8.029,8.1202,7.9833,8.0746,2.09,2222755
1990-07-10,8.0746,8.1202,7.8921,7.8921,2.0427,3133010
1990-07-11,7.9377,7.9605,7.8237,7.8465,2.0309,7781834
1990-07-12,7.8693,8.029,7.8009,8.029,2.0781,4095875
1990-07-13,8.029,8.1886,8.0061,8.0746,2.09,3404826
1990-07-16,8.1202,8.143,7.9605,7.9605,2.0604,3461820
1990-07-17,8.0061,8.0061,7.8237,7.9605,2.0604,4397832
1990-07-18,7.9377,7.9833,7.8693,7.9377,2.0545,3699659
1990-07-19,7.8921,8.0746,7.8693,8.0746,2.09,3186168
1990-07-20,8.1202,8.1202,7.8693,7.8921,2.0427,5961323
1990-07-23,7.8693,7.8921,7.664,7.8237,2.025,6415081
1990-07-24,7.8237,7.8465,7.6412,7.7324,2.0014,4437838
1990-07-25,7.6868,7.7324,7.6184,7.7096,1.9955,3713360
1990-07-26,7.7096,7.7096,7.5043,7.6412,1.9778,10559182
1990-07-27,7.5043,7.5728,7.4359,7.5728,1.9958,4822545
1990-07-30,7.55,7.6184,7.5271,7.5956,2.0018,3207541
1990-07-31,7.55,7.6412,7.5043,7.5728,1.9958,4378652
1990-08-01,7.5728,7.5956,7.4815,7.5043,1.9778,4104096
1990-08-02,7.4587,7.4587,7.2534,7.2762,1.9177,8280529
1990-08-03,7.2534,7.299,6.8885,7.2762,1.9177,8443838
1990-08-06,7.071,7.1622,6.8885,7.0025,1.8455,7836088
1990-08-07,7.0938,7.1622,6.8885,6.9341,1.8275,6890759
1990-08-08,6.9797,7.0481,6.9341,6.9569,1.8335,5919126
1990-08-09,6.9569,7.0253,6.9113,6.9797,1.8395,4126016
1990-08-10,6.9569,7.0253,6.8429,6.8885,1.8155,3261794
1990-08-13,6.8885,6.8885,6.7516,6.8429,1.8034,3598824
1990-08-14,6.8657,6.9797,6.82,6.8885,1.8155,4187942
1990-08-15,6.9341,7.0253,6.8429,6.9569,1.8335,4389612
1990-08-16,6.8657,6.8885,6.7516,6.7516,1.7794,3559915
1990-08-17,6.6604,6.7288,6.5235,6.6148,1.7433,7459053
1990-08-20,6.6148,6.6604,6.5007,6.5691,1.7313,3658010
1990-08-21,6.5235,6.5463,6.3411,6.3867,1.6832,5809523
1990-08-22,6.4095,6.4551,6.2042,6.2498,1.6472,7502894
1990-08-23,6.2042,6.3411,6.0445,6.0445,1.593,8539193
1990-08-24,6.1586,6.3411,6.0673,6.2726,1.6532,8852658
1990-08-27,6.6148,6.6604,6.4323,6.4779,1.7073,8491516
1990-08-28,6.4551,6.6604,6.4323,6.5463,1.7253,5971736
1990-08-29,6.5235,6.5691,6.4779,6.5463,1.7253,4945301
1990-08-30,6.5463,6.5691,6.3182,6.3411,1.6712,3294127
1990-08-31,6.3639,6.3867,6.2726,6.3639,1.6772,4318918
1990-09-04,6.2954,6.3411,6.2498,6.3411,1.6712,3314404
1990-09-05,6.3639,6.4323,6.3182,6.3182,1.6652,5190264
1990-09-06,6.2954,6.3182,6.2042,6.2498,1.6472,2938464
1990-09-07,6.227,6.4551,6.2042,6.4095,1.6892,3674999
1990-09-10,6.5007,6.5235,6.3411,6.3639,1.6772,2171789
1990-09-11,6.3639,6.4323,6.3182,6.4095,1.6892,1830375
1990-09-12,6.3639,6.5235,6.3639,6.4779,1.7073,2513752
1990-09-13,6.4779,6.4779,6.3182,6.3411,1.6712,3779122
1990-09-14,6.3182,6.3411,6.2498,6.3182,1.6652,3735828
1990-09-17,6.2954,6.3639,6.2726,6.3411,1.6712,2225495
1990-09-18,6.3639,6.4323,6.2954,6.4323,1.6952,3436063
1990-09-19,6.4551,6.4779,6.3411,6.3411,1.6712,2857358
1990-09-20,6.3639,6.3639,6.1358,6.1586,1.6231,3858584
1990-09-21,6.1358,6.1814,6.0217,6.1814,1.6291,6429878
1990-09-24,6.2042,6.2042,5.9305,5.9989,1.581,4409341
1990-09-25,6.0217,6.0673,5.9761,6.0445,1.593,3597728
1990-09-26,5.9761,5.9989,5.8849,5.9077,1.557,3718840
1990-09-27,5.9761,5.9989,5.748,5.7936,1.5269,5013255
1990-09-28,5.6568,5.6796,5.5427,5.634,1.4848,6870483
1990-10-01,5.6796,5.7024,5.5655,5.7024,1.5029,6639768
1990-10-02,5.7708,5.9761,5.748,5.8849,1.551,4476199
1990-10-03,5.9077,5.9305,5.8164,5.8849,1.551,3925442
1990-10-04,5.8392,5.8392,5.748,5.8392,1.5389,6637576
1990-10-05,5.7024,6.0217,5.6796,5.9533,1.569,4248224
1990-10-08,6.0217,6.0217,5.9305,5.9761,1.575,1567327
1990-10-09,5.9533,5.9533,5.5883,5.6568,1.4909,4756783
1990-10-10,5.634,5.6568,5.4743,5.4743,1.4428,8282721
1990-10-11,5.4971,5.4971,5.3602,5.4515,1.4367,11299004
1990-10-12,5.4743,5.7936,5.4059,5.6111,1.4788,5973380
1990-10-15,5.6568,5.8164,5.5655,5.7936,1.5269,5977216
1990-10-16,5.8164,5.9077,5.5883,5.634,1.4848,4110672
1990-10-17,5.6111,5.748,5.5883,5.5883,1.4728,3400990
1990-10-18,5.6111,5.7024,5.5427,5.5883,1.4728,7811975
1990-10-19,5.6111,5.7252,5.5199,5.7252,1.5089,8954590
1990-10-22,5.7252,5.9077,5.6796,5.8392,1.5389,4207123
1990-10-23,5.7936,5.8849,5.7708,5.7936,1.5269,5188620
1990-10-24,5.7936,5.8849,5.748,5.8392,1.5389,3457436
1990-10-25,5.8392,5.8621,5.748,5.7936,1.5269,7687575
1990-10-26,5.5883,5.634,5.4287,5.4287,1.4654,6426589
1990-10-29,5.4515,5.5199,5.383,5.4059,1.4592,4425233
1990-10-30,5.3602,5.383,4.9953,5.0409,1.3607,15183893
1990-10-31,5.0637,5.155,5.0181,5.0637,1.3668,7585096
1990-11-01,5.0409,5.0865,4.9725,4.9953,1.3484,13207746
1990-11-02,4.9269,4.9725,4.8812,4.904,1.3237,7260123
1990-11-05,4.9269,5.0409,4.904,4.9725,1.3422,8844438
1990-11-06,4.9497,5.0409,4.9269,5.0181,1.3545,3796110
1990-11-07,5.0181,5.0637,4.8584,4.8812,1.3176,7964872
1990-11-08,4.8584,4.904,4.79,4.8356,1.3053,4609915
1990-11-09,4.9269,5.0637,4.8584,4.9953,1.3484,5401799
1990-11-12,5.0637,5.2234,5.0637,5.2006,1.4038,4232331
1990-11-13,5.2006,5.2006,5.1321,5.1778,1.3976,3373042
1990-11-14,5.2006,5.383,5.1778,5.383,1.453,4960097
1990-11-15,5.3374,5.383,5.155,5.155,1.3915,5908166
1990-11-16,5.1093,5.1093,4.9725,5.0865,1.373,12030058
1990-11-19,5.1093,5.155,5.0181,5.0409,1.3607,6157513
1990-11-20,5.0181,5.0637,4.8812,4.9269,1.3299,5523458
1990-11-21,4.8812,4.904,4.7444,4.904,1.3237,5170536
1990-11-23,4.904,4.904,4.8812,4.904,1.3237,1829279
1990-11-26,4.8584,5.0637,4.8356,5.0409,1.3607,4434549
1990-11-27,5.0637,5.1093,4.9269,4.9269,1.3299,6028181
1990-11-28,4.9269,4.9953,4.9269,4.9269,1.3299,4521136
1990-11-29,4.9269,5.0181,4.904,4.9269,1.3299,4332070
1990-11-30,4.904,5.0181,4.8356,4.9953,1.3484,6453990
1990-12-03,5.0637,5.0637,4.904,4.9953,1.3484,6407409
1990-12-04,5.0181,5.0865,4.9269,5.0637,1.3668,7054068
1990-12-05,5.0637,5.0637,4.9725,5.0181,1.3545,5633062
1990-12-06,5.0637,5.1778,5.0181,5.0409,1.3607,10211191
1990-12-07,5.0409,5.0865,4.9953,5.0409,1.3607,5823771
1990-12-10,4.9953,5.0865,4.9725,5.0865,1.373,4238360
1990-12-11,5.0865,5.1778,4.9725,5.0409,1.3607,5454956
1990-12-12,5.0409,5.0865,4.7444,4.9725,1.3422,13959076
1990-12-13,4.79,4.8356,4.6531,4.6988,1.2683,9209965
1990-12-14,4.676,4.7216,4.5847,4.6075,1.2437,8022961
1990-12-17,4.6075,4.6988,4.5619,4.676,1.2622,6277529
1990-12-18,4.6531,4.7444,4.6531,4.6988,1.2683,6956521
1990-12-19,4.7216,4.8128,4.676,4.676,1.2622,6969126
1990-12-20,4.6303,4.7216,4.5619,4.6531,1.256,4172050
1990-12-21,4.7216,4.8128,4.6531,4.8128,1.2991,10190367
1990-12-24,4.8128,4.8356,4.79,4.8128,1.2991,2517588
1990-12-26,4.8128,4.9269,4.79,4.8584,1.3114,3233845
1990-12-27,4.8584,4.9269,4.8584,4.8812,1.3176,3333584
1990-12-28,4.8812,4.9497,4.8128,4.8812,1.3176,5252190
1990-12-31,4.8128,4.8812,4.79,4.8584,1.3114,5239038
1991-01-02,4.8128,4.8812,4.6303,4.79,1.293,3109446
1991-01-03,4.7672,4.8584,4.7444,4.7444,1.2806,3173564
1991-01-04,4.7672,4.8812,4.7444,4.8356,1.3053,3211925
1991-01-07,4.79,4.79,4.6531,4.6531,1.256,3374138
1991-01-08,4.6988,4.7216,4.6303,4.6531,1.256,3045876
1991-01-09,4.7444,4.8128,4.5847,4.5847,1.2375,5636350
1991-01-10,4.5847,4.7444,4.5619,4.676,1.2622,7164220
1991-01-11,4.6988,4.7216,4.6303,4.6531,1.256,3691439
1991-01-14,4.5847,4.676,4.5619,4.6075,1.2437,3802686
1991-01-15,4.6531,4.6988,4.6303,4.676,1.2622,2936272
1991-01-16,4.676,4.7444,4.6531,4.7216,1.2745,2219467
1991-01-17,5.0637,5.1093,4.8128,4.8356,1.3053,12269541
1991-01-18,4.79,4.904,4.7672,4.904,1.3237,8607147
1991-01-21,4.8584,4.8584,4.8128,4.8356,1.3053,3374686
1991-01-22,4.8128,4.904,4.8128,4.8584,1.3114,3119310
1991-01-23,4.8356,5.0637,4.8356,5.0181,1.3545,16936450
1991-01-24,4.9269,4.9497,4.8356,4.8812,1.3545,5321240
1991-01-25,4.8584,4.8812,4.7444,4.79,1.3292,4557305
1991-01-28,4.79,4.8584,4.7444,4.79,1.3292,3497441
1991-01-29,4.8128,4.8812,4.7444,4.8812,1.3545,2974086
1991-01-30,4.8812,5.0865,4.8584,5.0865,1.4115,12341331
1991-01-31,5.1093,5.1093,5.0409,5.1093,1.4178,7485357
1991-02-01,5.2006,5.383,5.1778,5.2006,1.4431,12295846
1991-02-04,5.3602,5.4971,5.3374,5.4059,1.5001,7096266
1991-02-05,5.383,5.383,5.2462,5.3602,1.4874,9898274
1991-02-06,5.3146,5.4515,5.269,5.4287,1.5064,8284365
1991-02-07,5.4059,5.7252,5.383,5.4515,1.5128,11921003
1991-02-08,5.4515,5.6796,5.4287,5.6568,1.5697,8101328
1991-02-11,5.6796,5.9533,5.6568,5.9305,1.6457,10165158
1991-02-12,5.7936,5.9533,5.6568,5.6796,1.5761,9707016
1991-02-13,5.6796,5.7024,5.5427,5.6111,1.5571,5482905
1991-02-14,5.6111,5.634,5.4515,5.5655,1.5444,7304512
1991-02-15,5.6796,5.8392,5.634,5.7252,1.5887,12531493
1991-02-19,5.7024,5.7252,5.5883,5.5883,1.5507,11644802
1991-02-20,5.5199,5.5427,5.4059,5.4287,1.5064,6704982
1991-02-21,5.4059,5.4743,5.383,5.4059,1.5001,4220275
1991-02-22,5.383,5.4287,5.3602,5.383,1.4938,6189846
1991-02-25,5.4743,5.4743,5.383,5.4743,1.5191,6937341
1991-02-26,5.4059,5.4287,5.3146,5.383,1.4938,6946109
1991-02-27,5.4059,5.6111,5.383,5.5655,1.5444,12536973
1991-02-28,5.8392,5.9989,5.5427,5.9533,1.652,25905288
1991-03-01,5.9305,6.113,5.8392,6.0673,1.6837,22784334
1991-03-04,6.0901,6.113,6.0217,6.0445,1.6773,7667847
1991-03-05,6.0673,6.227,6.0445,6.2042,1.7216,9018159
1991-03-06,6.2726,6.3639,6.2042,6.227,1.728,14150882
1991-03-07,6.2498,6.2954,6.227,6.227,1.728,4789116
1991-03-08,6.2498,6.2954,6.1586,6.2042,1.7216,6592090
1991-03-11,6.227,6.227,6.113,6.1586,1.709,4465238
1991-03-12,6.1586,6.2498,6.113,6.1586,1.709,573773
1991-03-13,6.1586,6.2726,6.1358,6.227,1.728,4965029
1991-03-14,6.3411,6.3867,6.1586,6.2498,1.7343,7913906
1991-03-15,6.2498,6.3182,6.227,6.2954,1.747,7690315
1991-03-18,6.2954,6.4323,6.2498,6.3411,1.7596,7008583
1991-03-19,6.1586,6.2042,6.113,6.1358,1.7027,5306992
1991-03-20,6.1358,6.1814,5.9761,5.9989,1.6647,5462080
1991-03-21,6.0673,6.0901,5.8621,5.8621,1.6267,4955713
1991-03-22,5.9077,6.0217,5.8849,5.9761,1.6583,3326460
1991-03-25,5.9761,6.0445,5.9533,5.9761,1.6583,3972024
1991-03-26,5.9533,6.1358,5.9305,6.113,1.6963,6322466
1991-03-27,6.1358,6.1586,5.9989,6.0217,1.671,5103678
1991-03-28,6.0217,6.0445,5.9077,5.9077,1.6394,4603887
1991-04-01,5.8849,5.9077,5.748,5.7936,1.6077,5784862
1991-04-02,5.8164,5.9305,5.7936,5.9077,1.6394,7028860
1991-04-03,5.9533,5.9989,5.8392,5.8621,1.6267,7439872
1991-04-04,5.9077,5.9077,5.7252,5.7708,1.6014,6190942
1991-04-05,5.7936,5.8164,5.6568,5.6568,1.5697,7775258
1991-04-08,5.6111,5.7252,5.5883,5.6796,1.5761,3843240
1991-04-09,5.7024,5.7936,5.7024,5.7708,1.6014,4229043
1991-04-10,5.7936,5.8849,5.748,5.8164,1.614,5752529
1991-04-11,5.8164,5.8849,5.748,5.8164,1.614,5591412
1991-04-12,5.8621,5.8621,5.7024,5.748,1.595,4499763
1991-04-15,5.7936,5.8164,5.7252,5.7708,1.6014,3354409
1991-04-16,5.7936,5.8621,5.7024,5.8621,1.6267,4799528
1991-04-17,5.8621,5.9305,5.7936,5.9305,1.6457,7575780
1991-04-18,5.9305,6.1814,5.9077,6.1586,1.709,10278049
1991-04-19,6.0901,6.2726,6.0673,6.2042,1.7216,7644282
1991-04-22,6.1586,6.227,5.9533,5.9533,1.652,6076407
1991-04-23,6.0217,6.0445,5.9761,6.0217,1.671,3277139
1991-04-24,6.0217,6.0673,5.9533,6.0673,1.6837,3564847
1991-04-25,6.0217,6.1814,5.9761,5.9761,1.6583,6131209
1991-04-26,5.8392,5.9761,5.8164,5.9533,1.6724,3121502
1991-04-29,5.9305,5.9761,5.8164,5.8164,1.634,3818579
1991-04-30,5.8164,6.0217,5.748,5.9305,1.666,5783766
1991-05-01,5.9077,6.113,5.9077,6.113,1.7173,6542221
1991-05-02,6.113,6.113,6.0445,6.113,1.7173,4300285
1991-05-03,6.0901,6.3182,6.0901,6.2498,1.7557,7268891
1991-05-06,6.2042,6.227,6.0673,6.0901,1.7109,2852426
1991-05-07,6.113,6.113,5.9761,5.9761,1.6789,5389742
1991-05-08,5.9761,5.9989,5.8392,5.9305,1.666,3263438
1991-05-09,5.9533,6.0673,5.9533,6.0217,1.6917,11234338
1991-05-10,6.0445,6.0901,5.9077,5.9533,1.6724,4250416
1991-05-13,5.9761,5.9989,5.8621,5.9305,1.666,3266178
1991-05-14,5.8849,5.9077,5.7936,5.7936,1.6276,4041074
1991-05-15,5.7708,5.8392,5.7252,5.8164,1.634,4505792
1991-05-16,5.8621,5.8849,5.8164,5.8621,1.6468,2398120
1991-05-17,5.8164,5.8621,5.748,5.8392,1.6404,5583192
1991-05-20,5.8392,5.8621,5.7708,5.8164,1.634,1959707
1991-05-21,5.8164,5.9305,5.8164,5.9077,1.6596,2992718
1991-05-22,5.9305,5.9989,5.9077,5.9761,1.6789,3879957
1991-05-23,5.9989,6.0445,5.9305,5.9761,1.6789,5657174
1991-05-24,5.9989,6.113,5.9761,6.0901,1.7109,4315630
1991-05-28,6.1814,6.3411,6.1358,6.3182,1.775,9635226
1991-05-29,6.3867,6.6148,6.3639,6.5463,1.839,16551742
1991-05-30,6.6376,6.6604,6.5007,6.5463,1.839,9945403
1991-05-31,6.5235,6.7516,6.5007,6.7288,1.8903,12698090
1991-06-03,6.6148,6.706,6.6148,6.6832,1.8775,6012289
1991-06-04,6.6148,6.7288,6.5463,6.6376,1.8647,5281783
1991-06-05,6.6148,6.6376,6.4779,6.5235,1.8326,3923250
1991-06-06,6.5463,6.592,6.5235,6.5463,1.839,5955295
1991-06-07,6.5007,6.5463,6.4095,6.4095,1.8006,4675677
1991-06-10,6.4095,6.4323,6.2498,6.2498,1.7557,4266308
1991-06-11,6.3639,6.5691,6.2954,6.5235,1.8326,5311924
1991-06-12,6.4779,6.5007,6.3867,6.4323,1.807,3126982
1991-06-13,6.4095,6.4551,6.3639,6.4095,1.8006,6622779
1991-06-14,6.4551,6.7288,6.4551,6.7288,1.8903,7342325
1991-06-17,6.706,6.7516,6.6604,6.6832,1.8775,5116282
1991-06-18,6.706,6.82,6.6832,6.7516,1.8967,6335619
1991-06-19,6.6604,6.7288,6.6376,6.6832,1.8775,5167248
1991-06-20,6.6148,6.706,6.6148,6.706,1.8839,2576774
1991-06-21,6.706,6.8885,6.706,6.8885,1.9352,8076667
1991-06-24,6.7972,6.7972,6.6832,6.6832,1.8775,2749399
1991-06-25,6.706,6.7516,6.6148,6.6832,1.8775,3257958
1991-06-26,6.6604,6.6832,6.5235,6.6376,1.8647,3767065
1991-06-27,6.6832,6.7516,6.6604,6.7288,1.8903,2618971
1991-06-28,6.6604,6.706,6.5235,6.5691,1.8455,3648146
1991-07-01,6.6376,6.7288,6.6148,6.6832,1.8775,2919832
1991-07-02,6.6832,6.7744,6.6604,6.706,1.8839,2441413
1991-07-03,6.6148,6.6376,6.5463,6.5463,1.839,3265630
1991-07-05,6.5235,6.5691,6.4779,6.5007,1.8262,2318110
1991-07-08,6.4551,6.5691,6.4095,6.5691,1.8455,5842404
1991-07-09,6.5691,6.5691,6.3411,6.3867,1.7942,3891465
1991-07-10,6.4323,6.5007,6.3639,6.4095,1.8006,4732670
1991-07-11,6.4095,6.4779,6.3867,6.3867,1.7942,2368527
1991-07-12,6.4551,6.5463,6.4095,6.5007,1.8262,2648016
1991-07-15,6.4779,6.5007,6.3182,6.3182,1.775,2104931
1991-07-16,6.3182,6.3867,6.2954,6.3867,1.7942,2560881
1991-07-17,6.3867,6.4551,6.3639,6.3639,1.7878,1576643
1991-07-18,6.3639,6.3639,6.2498,6.3639,1.7878,4343031
1991-07-19,6.3639,6.3639,6.2498,6.3182,1.775,4424137
1991-07-22,6.3639,6.3639,6.2042,6.2726,1.7622,2080819
1991-07-23,6.2498,6.2954,6.1814,6.227,1.7493,2409629
1991-07-24,6.227,6.2726,6.1586,6.1586,1.7301,2892431
1991-07-25,6.1814,6.2726,6.0901,6.2498,1.7557,3572520
1991-07-26,6.2498,6.2726,6.1586,6.1586,1.7301,2891883
1991-07-29,6.113,6.113,5.9533,5.9989,1.7055,3997232
1991-07-30,5.9989,6.113,5.9761,6.113,1.7379,3088073
1991-07-31,6.113,6.1586,6.0673,6.113,1.7379,2678157
1991-08-01,6.113,6.113,5.9989,5.9989,1.7055,3733088
1991-08-02,5.9761,6.0445,5.9077,5.9305,1.686,4155609
1991-08-05,5.8849,5.9761,5.7936,5.8392,1.6601,6026537
1991-08-06,5.7936,5.9761,5.7936,5.9533,1.6925,6250128
1991-08-07,5.9533,5.9989,5.9077,5.9305,1.686,2293997
1991-08-08,5.9761,5.9761,5.7936,5.8392,1.6601,2648016
1991-08-09,5.8392,5.8392,5.5883,5.6568,1.6082,7433296
1991-08-12,5.6568,5.7252,5.6111,5.6796,1.6147,5825415
1991-08-13,5.7252,5.9077,5.7024,5.7936,1.6471,4846658
1991-08-14,5.8392,5.8621,5.7708,5.7936,1.6471,3468396
1991-08-15,5.7936,5.7936,5.7024,5.7024,1.6212,3589508
1991-08-16,5.7024,5.7252,5.6111,5.634,1.6017,5300416
1991-08-19,5.4515,5.5199,5.3374,5.4515,1.5498,7929799
1991-08-20,5.5427,5.5883,5.383,5.4059,1.5369,10632068
1991-08-21,5.5655,5.748,5.4971,5.7024,1.6212,9660435
1991-08-22,5.748,5.748,5.4971,5.4971,1.5628,5284523
1991-08-23,5.4971,5.8392,5.4971,5.8392,1.6601,8706886
1991-08-26,5.8164,5.8392,5.7024,5.748,1.6341,3845980
1991-08-27,5.7252,5.7252,5.6111,5.6568,1.6082,3312760
1991-08-28,5.6568,5.7936,5.5655,5.7252,1.6277,4548537
1991-08-29,5.748,5.8164,5.7252,5.7708,1.6406,3256862
1991-08-30,5.7936,5.8164,5.634,5.6796,1.6147,2891335
1991-09-03,5.6568,5.7252,5.5655,5.6568,1.6082,3787890
1991-09-04,5.6568,5.6796,5.4971,5.5199,1.5693,4439482
1991-09-05,5.5427,5.6111,5.5199,5.5427,1.5758,3014091
1991-09-06,5.5655,5.6111,5.4971,5.5199,1.5693,3574712
1991-09-09,5.4971,5.5883,5.4743,5.5655,1.5823,4424137
1991-09-10,5.5655,5.5655,5.4743,5.5199,1.5693,3628965
1991-09-11,5.5199,5.5655,5.4515,5.5655,1.5823,3373042
1991-09-12,5.5655,5.5655,5.4287,5.5655,1.5823,5378782
1991-09-13,5.5655,5.5655,5.4515,5.4743,1.5563,5347545
1991-09-16,5.4743,5.4971,5.4287,5.4515,1.5498,5193004
1991-09-17,5.4287,5.4743,5.383,5.4515,1.5498,6400285
1991-09-18,5.4287,5.4515,5.383,5.4515,1.5498,4265212
1991-09-19,5.4287,5.5427,5.4059,5.5199,1.5693,4830217
1991-09-20,5.5199,5.5199,5.383,5.383,1.5304,6335619
1991-09-23,5.3374,5.4059,5.3146,5.3374,1.5174,3798302
1991-09-24,5.3146,5.383,5.2918,5.383,1.5304,5149163
1991-09-25,5.4059,5.4287,5.3146,5.3602,1.5239,3670066
1991-09-26,5.3374,5.5883,5.3146,5.5199,1.5693,8120508
1991-09-27,5.4971,5.5883,5.4515,5.4971,1.5628,5252738
1991-09-30,5.5199,5.5199,5.4287,5.4743,1.5563,4090943
1991-10-01,5.5199,5.5199,5.4515,5.4515,1.5498,2271528
1991-10-02,5.4515,5.4743,5.4059,5.4059,1.5369,3091361
1991-10-03,5.4059,5.5199,5.4059,5.4743,1.5563,4449894
1991-10-04,5.5427,5.6568,5.5199,5.6568,1.6082,4885019
1991-10-07,5.5883,5.748,5.5883,5.6568,1.6082,4164925
1991-10-08,5.5427,5.6111,5.5199,5.5883,1.5887,6031470
1991-10-09,5.5427,5.5655,5.4287,5.4515,1.5498,3409759
1991-10-10,5.4515,5.5427,5.3602,5.5199,1.5693,4225207
1991-10-11,5.5199,5.5199,5.4287,5.4743,1.5563,1986012
1991-10-14,5.4971,5.4971,5.4059,5.4515,1.5498,2781732
1991-10-15,5.4515,5.4515,5.3602,5.383,1.5304,3820771
1991-10-16,5.3602,5.383,5.2918,5.3374,1.5174,5064220
1991-10-17,5.3374,5.3602,5.269,5.3374,1.5174,5419883
1991-10-18,5.3374,5.383,5.3146,5.3374,1.5174,5326172
1991-10-21,5.3374,5.3374,5.2462,5.2918,1.5044,3732540
1991-10-22,5.3146,5.3602,5.2234,5.2234,1.485,5724032
1991-10-23,5.2234,5.2462,5.0181,5.0181,1.4266,5985984
1991-10-24,4.9953,5.0181,4.904,4.904,1.3942,6245744
1991-10-25,4.9269,5.0865,4.9269,5.0637,1.4396,6814585
1991-10-28,4.9953,5.0181,4.9497,4.9725,1.4343,4335358
1991-10-29,4.9725,4.9953,4.904,4.9497,1.4278,3698563
1991-10-30,4.9725,5.0637,4.9497,4.9725,1.4343,5477425
1991-10-31,4.9497,4.9953,4.9269,4.9497,1.4278,2344963
1991-11-01,4.9497,5.0181,4.904,4.9725,1.4343,4660880
1991-11-04,4.9269,4.9497,4.8584,4.8812,1.408,3089717
1991-11-05,4.8812,4.904,4.7444,4.79,1.3817,5128338
1991-11-06,4.8128,5.0181,4.79,4.8356,1.3949,6409053
1991-11-07,4.8356,4.8584,4.79,4.8128,1.3883,6480843
1991-11-08,4.8356,4.8584,4.7444,4.7672,1.3751,6738411
1991-11-11,4.7444,4.7672,4.5619,4.5847,1.3225,8376432
1991-11-12,4.5847,4.7444,4.5619,4.6988,1.3554,16030578
1991-11-13,4.676,4.7672,4.6075,4.6531,1.3422,17495427
1991-11-14,4.676,4.6988,4.6075,4.6988,1.3554,16341852
1991-11-15,4.7216,4.7672,4.5847,4.5847,1.3225,13865913
1991-11-18,4.6303,4.6303,4.5619,4.6303,1.3356,10189271
1991-11-19,4.5847,4.6075,4.5163,4.5847,1.3225,9938279
1991-11-20,4.5847,4.6303,4.425,4.4479,1.283,11627814
1991-11-21,4.425,4.5619,4.3794,4.5619,1.3159,13674108
1991-11-22,4.5391,4.6075,4.425,4.4935,1.2962,5885149
1991-11-25,4.4707,4.4935,4.3794,4.425,1.2764,8328207
1991-11-26,4.425,4.4479,4.311,4.4022,1.2698,15585041
1991-11-27,4.3794,4.425,4.3794,4.3794,1.2633,5697727
1991-11-29,4.3794,4.425,4.3338,4.3794,1.2633,3292483
1991-12-02,4.311,4.4935,4.311,4.4479,1.283,7687027
1991-12-03,4.425,4.5163,4.4022,4.4935,1.2962,6228207
1991-12-04,4.4707,4.5163,4.3566,4.3794,1.2633,9390811
1991-12-05,4.3794,4.4707,4.3338,4.3338,1.2501,4061350
1991-12-06,4.2882,4.425,4.2654,4.3794,1.2633,8604955
1991-12-09,4.3794,4.4022,4.2882,4.3338,1.2501,5998589
1991-12-10,4.311,4.425,4.2882,4.4022,1.2698,6687993
1991-12-11,4.3794,4.4479,4.2882,4.4022,1.2698,5501538
1991-12-12,4.4707,4.5847,4.4479,4.5619,1.3159,7434940
1991-12-13,4.6531,4.676,4.4707,4.6303,1.3356,7587288
1991-12-16,4.6075,4.6531,4.4707,4.4935,1.2962,5740473
1991-12-17,4.5163,4.5619,4.4707,4.5163,1.3027,4672389
1991-12-18,4.4935,4.5391,4.4479,4.5391,1.3093,8411505
1991-12-19,4.4935,4.5163,4.4022,4.4479,1.283,4440578
1991-12-20,4.6075,4.6075,4.4935,4.6075,1.3291,12047595
1991-12-23,4.5847,5.1093,4.4935,5.0865,1.4672,8344647
1991-12-24,5.2006,5.2462,5.0865,5.1321,1.4804,8026250
1991-12-26,5.155,5.2234,5.0865,5.1778,1.4936,4455922
1991-12-27,5.1778,5.2006,5.0637,5.0637,1.4607,3780218
1991-12-30,5.0181,5.155,4.9497,5.155,1.487,8642768
1991-12-31,5.1321,5.2234,4.9953,5.1321,1.4804,8231208
1992-01-02,5.1093,5.3374,5.0637,5.3146,1.533,10400257
1992-01-03,5.383,5.5655,5.3602,5.5427,1.5988,13607250
1992-01-06,5.634,5.7708,5.5883,5.634,1.6251,17973845
1992-01-07,5.6111,5.634,5.5199,5.5655,1.6054,9150779
1992-01-08,5.4743,5.5655,5.4059,5.5427,1.5988,8474527
1992-01-09,5.5883,5.634,5.5199,5.5655,1.6054,6963646
1992-01-10,5.4743,5.5199,5.3602,5.4743,1.5791,7590576
1992-01-13,5.5427,5.6568,5.5199,5.634,1.6251,8609339
1992-01-14,5.634,5.8392,5.5883,5.748,1.658,15418444
1992-01-15,5.7708,5.8621,5.7252,5.8392,1.6844,9383686
1992-01-16,5.8621,6.1358,5.8164,6.0217,1.737,12923325
1992-01-17,6.0217,6.0673,5.9533,6.0217,1.737,9606729
1992-01-20,5.9989,6.0217,5.9077,5.9761,1.7238,4435097
1992-01-21,5.9761,5.9989,5.8164,5.8392,1.6844,7577972
1992-01-22,5.8164,5.8621,5.7024,5.7936,1.6712,6986114
1992-01-23,5.7936,5.8392,5.7252,5.7708,1.6646,5086141
1992-01-24,5.7252,5.9077,5.7024,5.8849,1.6975,11431624
1992-01-27,5.9305,6.0673,5.9077,5.9761,1.7455,9416019
1992-01-28,6.0217,6.0901,5.9761,5.9989,1.7521,9374370
1992-01-29,5.9077,5.9533,5.634,5.7024,1.6655,7731965
1992-01-30,5.6796,5.7024,5.5427,5.5655,1.6256,9513566
1992-01-31,5.6111,5.6111,5.5655,5.5655,1.6256,4229043
1992-02-03,5.5199,5.9761,5.4971,5.9761,1.7455,5982148
1992-02-04,5.9533,6.1586,5.9305,6.0901,1.7788,16392817
1992-02-05,6.113,6.227,6.0901,6.113,1.7855,7858009
1992-02-06,6.0673,6.227,5.9989,6.2042,1.8121,6326850
1992-02-07,6.2042,6.2498,5.9305,6.0673,1.7721,6622779
1992-02-10,6.0445,6.2042,5.9989,6.2042,1.8121,4229043
1992-02-11,6.2042,6.3411,6.2042,6.2954,1.8388,8875675
1992-02-12,6.2726,6.3639,6.227,6.3182,1.8454,5881861
1992-02-13,6.3867,6.4779,6.3182,6.4323,1.8787,14022646
1992-02-14,6.4095,7.0025,6.4095,6.7744,1.9787,29358340
1992-02-18,6.7516,6.7972,6.706,6.7288,1.9653,12415862
1992-02-19,6.7288,7.0481,6.7288,6.9569,2.032,18118521
1992-02-20,6.9569,7.2078,6.9569,7.0481,2.0586,17674080
1992-02-21,7.0025,7.0938,6.7288,6.8429,1.9986,14065391
1992-02-24,6.7516,6.7972,6.6376,6.7288,1.9653,9124475
1992-02-25,6.706,6.706,6.4551,6.5007,1.8987,10119125
1992-02-26,6.4779,6.706,6.4779,6.6604,1.9453,9560696
1992-02-27,6.6376,6.6376,6.5007,6.5235,1.9054,5056000
1992-02-28,6.6604,6.7744,6.6148,6.706,1.9587,7244230
1992-03-02,6.706,6.8885,6.6832,6.7744,1.9787,8062967
1992-03-03,6.7972,6.9113,6.7972,6.82,1.992,6823901
1992-03-04,6.7972,6.8429,6.706,6.7516,1.972,5161767
1992-03-05,6.706,6.7288,6.592,6.6376,1.9387,6171762
1992-03-06,6.6376,6.6376,6.4323,6.5463,1.912,6437550
1992-03-09,6.5691,6.706,6.5235,6.6604,1.9453,5062576
1992-03-10,6.706,6.7744,6.6832,6.6832,1.952,5637994
1992-03-11,6.6148,6.6832,6.592,6.6604,1.9453,5066961
1992-03-12,6.6376,6.7288,6.6148,6.706,1.9587,5853364
1992-03-13,6.7972,6.7972,6.592,6.6832,1.952,9779902
1992-03-16,6.6376,6.9113,6.6376,6.9113,2.0186,12350648
1992-03-17,6.9341,7.0253,6.8885,6.9797,2.0386,10735643
1992-03-18,6.9797,7.1394,6.9569,7.1166,2.0786,12619724
1992-03-19,7.185,7.4131,7.1622,7.3219,2.1386,27093387
1992-03-20,7.3219,7.4131,7.299,7.3447,2.1452,15691356
1992-03-23,7.3447,7.3903,7.2762,7.299,2.1319,9122283
1992-03-24,7.299,7.3219,7.0938,7.1166,2.0786,7460697
1992-03-25,7.1166,7.2306,7.0938,7.1166,2.0786,10901144
1992-03-26,7.185,7.299,7.1622,7.2306,2.1119,4911872
1992-03-27,7.2078,7.2306,6.8885,6.9797,2.0386,5944335
1992-03-30,7.0253,7.1394,6.9341,7.071,2.0653,4006001
1992-03-31,7.071,7.1394,6.9797,7.0025,2.0453,4547441
1992-04-01,6.9113,7.1622,6.8885,7.1394,2.0853,5024215
1992-04-02,7.1622,7.3219,7.1166,7.2078,2.1052,10201875
1992-04-03,7.2306,7.2762,7.1394,7.2534,2.1186,8377528
1992-04-06,7.2306,7.3447,7.185,7.299,2.1319,8033922
1992-04-07,7.299,7.4131,7.1622,7.1622,2.0919,9856077
1992-04-08,7.1394,7.2078,7.0253,7.0938,2.0719,8079955
1992-04-09,7.0481,7.2078,6.9569,7.071,2.0653,6821709
1992-04-10,7.2078,7.3447,7.1622,7.299,2.1319,8070091
1992-04-13,7.299,7.4359,7.2762,7.3675,2.1519,4803913
1992-04-14,7.3675,7.5728,7.3447,7.4815,2.1852,17903151
1992-04-15,7.5043,7.55,7.4131,7.4587,2.1785,15002500
1992-04-16,7.4587,7.664,7.3903,7.6412,2.2318,13893862
1992-04-20,7.5728,7.8465,7.5271,7.8465,2.2918,11829484
1992-04-21,7.8237,7.8465,7.7096,7.8465,2.2918,6858974
1992-04-22,7.8465,7.8693,7.664,7.8009,2.2785,7211897
1992-04-23,7.8237,8.0518,7.8237,8.0518,2.3517,13691644
1992-04-24,8.0061,8.029,7.8921,7.8921,2.3051,9651666
1992-04-27,7.7781,7.9605,7.7324,7.9149,2.3333,8014741
1992-04-28,7.9149,8.0518,7.9149,8.0061,2.3602,9401771
1992-04-29,8.2114,8.3711,8.1886,8.3483,2.4611,22179324
1992-04-30,8.3711,8.4623,8.2571,8.2799,2.4409,15007432
1992-05-01,8.3027,8.3027,8.0518,8.0746,2.3804,9797439
1992-05-04,8.1202,8.2342,8.0974,8.1886,2.414,9440132
1992-05-05,8.1886,8.2342,8.143,8.1886,2.414,12399969
1992-05-06,8.3027,8.4167,8.2571,8.3027,2.4477,10540549
1992-05-07,8.3255,8.3483,8.2571,8.2571,2.4342,5680191
1992-05-08,8.2799,8.2799,8.1202,8.2114,2.4208,5299319
1992-05-11,8.2114,8.2114,8.0746,8.0974,2.3871,4441674
1992-05-12,8.0746,8.1202,8.0061,8.0974,2.3871,6489611
1992-05-13,8.0974,8.2114,8.0518,8.1202,2.3939,6495640
1992-05-14,8.143,8.143,7.8693,7.8921,2.3266,6889115
1992-05-15,7.8237,7.8693,7.7552,7.8009,2.2997,8049266
1992-05-18,7.8009,8.0061,7.7781,7.9833,2.3535,7852528
1992-05-19,7.9605,8.1202,7.9377,8.1202,2.3939,8458635
1992-05-20,8.1202,8.1202,8.0061,8.0746,2.3804,7249162
1992-05-21,8.0061,8.0518,7.9377,8.0061,2.3602,6664429
1992-05-22,8.029,8.0974,7.9605,8.0518,2.3737,5264246
1992-05-26,8.0061,8.0061,7.8237,7.8921,2.3266,8157226
1992-05-27,7.9833,8.0974,7.9605,8.029,2.367,6132305
1992-05-28,8.0518,8.0746,8.0061,8.0746,2.3804,4944753
1992-05-29,8.0746,8.2114,8.0061,8.0974,2.3871,6326850
1992-06-01,8.0746,8.4623,8.0518,8.4623,2.4947,13451065
1992-06-02,8.4623,8.508,8.3483,8.4167,2.4813,10068159
1992-06-03,8.3939,8.5992,8.3939,8.5308,2.5149,11856885
1992-06-04,8.5536,8.9185,8.5536,8.7817,2.5889,18633657
1992-06-05,8.7589,8.8729,8.7361,8.7589,2.5821,8026798
1992-06-08,8.7132,8.7361,8.6676,8.6904,2.562,5217117
1992-06-09,8.6904,8.7132,8.5536,8.5764,2.5284,6433166
1992-06-10,8.5764,8.6904,8.5536,8.622,2.5418,7214089
1992-06-11,8.5992,8.622,8.3711,8.4851,2.5015,8212575
1992-06-12,8.4851,8.5992,8.4623,8.5764,2.5284,6316438
1992-06-15,8.508,8.6448,8.4851,8.5308,2.5149,4587446
1992-06-16,8.5308,8.7132,8.508,8.6904,2.562,8686609
1992-06-17,8.6904,8.8045,8.2571,8.3027,2.4477,11852501
1992-06-18,8.3255,8.3483,8.1658,8.3027,2.4477,9272987
1992-06-19,8.3027,8.4167,8.3027,8.3939,2.4746,8328755
1992-06-22,8.3255,8.3711,8.1658,8.3483,2.4611,5444544
1992-06-23,8.3939,8.4623,8.3483,8.3711,2.4678,7120378
1992-06-24,8.3711,8.4851,8.3255,8.4395,2.488,5352477
1992-06-25,8.4851,8.5308,8.2571,8.3027,2.4477,4314534
1992-06-26,8.3027,8.3255,7.9833,8.1658,2.4073,7872257
1992-06-29,8.143,8.3711,8.1202,8.3483,2.4611,5104226
1992-06-30,8.3483,8.4167,8.2799,8.3711,2.4678,6313150
1992-07-01,8.3483,8.3483,8.2342,8.2799,2.4409,5918578
1992-07-02,8.3483,8.3483,7.8465,7.8693,2.3199,11028832
1992-07-06,7.8921,7.9149,7.4359,7.6868,2.2661,19692973
1992-07-07,7.7324,7.9833,7.7096,7.7781,2.293,12991827
1992-07-08,7.7781,7.8465,7.5956,7.8465,2.3132,7025023
1992-07-09,7.8465,8.1202,7.8465,8.0974,2.3871,7045848
1992-07-10,8.1202,8.2342,8.1202,8.1886,2.414,6631000
1992-07-13,8.2114,8.3711,8.2114,8.3483,2.4611,8773744
1992-07-14,8.3027,8.3939,8.2571,8.3483,2.4611,5890081
1992-07-15,8.3483,8.4395,8.3027,8.3711,2.4678,12460251
1992-07-16,8.3255,8.3711,8.2571,8.3255,2.4544,8436166
1992-07-17,8.2571,8.2571,8.143,8.143,2.4006,9338201
1992-07-20,8.0746,8.2571,8.0061,8.2571,2.4342,5169440
1992-07-21,8.1658,8.1658,7.9377,8.029,2.367,11608085
1992-07-22,7.8465,7.8921,7.7781,7.8009,2.2997,11916071
1992-07-23,7.8465,8.0518,7.8237,8.029,2.367,10022126
1992-07-24,7.9833,8.0974,7.9605,8.029,2.367,5995848
1992-07-27,8.0061,8.1202,7.9833,8.029,2.3887,5101486
1992-07-28,8.2114,8.3939,8.1202,8.3483,2.4837,11594933
1992-07-29,8.3483,8.4167,8.0746,8.0746,2.4023,16012494
1992-07-30,8.0974,8.3483,8.0974,8.3027,2.4701,7689219
1992-07-31,8.2799,8.3711,8.2799,8.3483,2.4837,6215603
1992-08-03,8.3027,8.3483,8.2571,8.3483,2.4837,3681027
1992-08-04,8.2799,8.3027,8.029,8.0518,2.3955,5689507
1992-08-05,7.8921,7.9377,7.7781,7.8921,2.348,11467793
1992-08-06,7.8465,7.8693,7.4815,7.4815,2.2258,10133921
1992-08-07,7.5271,7.6184,7.3903,7.4131,2.2055,15505031
1992-08-10,7.3903,7.5271,7.3903,7.4815,2.2258,7390550
1992-08-11,7.5271,7.5728,7.4815,7.5043,2.2326,6255608
1992-08-12,7.4815,7.5271,7.4131,7.4359,2.2122,6175598
1992-08-13,7.5043,7.5728,7.4587,7.4815,2.2258,6356991
1992-08-14,7.4587,7.5956,7.4359,7.5728,2.253,5176564
1992-08-17,7.5728,7.664,7.5728,7.6184,2.2665,4747467
1992-08-18,7.6412,7.7096,7.5956,7.6184,2.2665,5166151
1992-08-19,7.6412,7.6412,7.5728,7.5728,2.253,4547441
1992-08-20,7.5728,7.5956,7.4359,7.5271,2.2394,5710332
1992-08-21,7.5956,7.6184,7.3675,7.3903,2.1987,5557983
1992-08-24,7.2306,7.299,7.0481,7.071,2.1037,11494646
1992-08-25,7.1166,7.3675,7.0938,7.3219,2.1783,9227502
1992-08-26,7.3675,7.4359,7.3447,7.3903,2.1987,6703338
1992-08-27,7.4131,7.4587,7.3447,7.3675,2.1919,8124345
1992-08-28,7.3447,7.3675,7.2534,7.2534,2.158,7375206
1992-08-31,7.2534,7.4815,7.2534,7.4359,2.2122,6753207
1992-09-01,7.4587,7.5271,7.3447,7.3447,2.1851,4364951
1992-09-02,7.3675,7.4131,7.2534,7.4131,2.2055,7924867
1992-09-03,7.4587,7.55,7.3903,7.5043,2.2326,8443290
1992-09-04,7.4359,7.5043,7.3903,7.4815,2.2258,4854878
1992-09-08,7.4815,7.55,7.2762,7.2762,2.1647,5722388
1992-09-09,7.2762,7.4587,7.2534,7.4587,2.219,5793630
1992-09-10,7.4587,7.55,7.4131,7.55,2.2462,10038566
1992-09-11,7.4359,7.55,7.3447,7.3447,2.1851,11198717
1992-09-14,7.664,7.8237,7.5956,7.8237,2.3276,16612024
1992-09-15,7.7781,7.8009,7.5956,7.6412,2.2733,7642090
1992-09-16,7.5271,7.6184,7.4359,7.55,2.2462,9932251
1992-09-17,7.5956,7.664,7.55,7.5728,2.253,5367274
1992-09-18,7.55,7.7096,7.55,7.6868,2.2869,9226406
1992-09-21,7.6868,7.7781,7.6868,7.7781,2.314,6767456
1992-09-22,7.7324,7.7552,7.3219,7.3447,2.1851,10295038
1992-09-23,7.299,7.3903,7.2078,7.3903,2.1987,10924709
1992-09-24,7.3447,7.3903,7.2306,7.3675,2.1919,7322596
1992-09-25,7.2534,7.2534,7.0025,7.071,2.1037,16464608
1992-09-28,7.0481,7.071,6.9113,7.0025,2.0833,11489166
1992-09-29,7.0025,7.185,6.9569,7.0938,2.1105,7124214
1992-09-30,7.1166,7.3219,7.0938,7.2078,2.1444,7855816
1992-10-01,7.2534,7.299,6.9341,6.9797,2.0765,8257513
1992-10-02,7.0025,7.0253,6.7972,6.8657,2.0426,6744439
1992-10-05,6.7972,6.9569,6.5691,6.9113,2.0562,14731779
1992-10-06,6.9113,6.9797,6.7744,6.8429,2.0358,10267637
1992-10-07,6.8885,6.9569,6.6148,6.6148,1.968,8471787
1992-10-08,6.6832,6.8657,6.6376,6.8657,2.0426,9353546
1992-10-09,6.3867,6.4095,6.2726,6.3639,1.8933,29824154
1992-10-12,6.4323,6.6148,6.3867,6.592,1.9612,8481651
1992-10-13,6.6604,6.82,6.6148,6.7744,2.0155,8884991
1992-10-14,6.82,6.8657,6.7744,6.82,2.029,6480295
1992-10-15,6.7744,6.7972,6.706,6.7288,2.0019,5733897
1992-10-16,6.7516,6.8429,6.6148,6.7744,2.0155,535960
1992-10-19,6.7972,6.8885,6.7288,6.7288,2.0019,8482747
1992-10-20,6.9341,7.0253,6.8885,6.9569,2.0697,8403833
1992-10-21,6.9797,7.0938,6.9569,7.071,2.1037,4553469
1992-10-22,7.0481,7.2078,7.0481,7.1622,2.1308,11482590
1992-10-23,7.185,7.2762,7.1622,7.2534,2.158,9961296
1992-10-26,7.1622,7.3447,7.1394,7.3447,2.2073,7499606
1992-10-27,7.3219,7.3447,7.2534,7.2762,2.1868,7090237
1992-10-28,7.071,7.071,6.9113,6.9569,2.0908,10629876
1992-10-29,6.8657,6.9341,6.7516,6.7972,2.0428,10574526
1992-10-30,6.7516,6.7972,6.6376,6.6604,2.0017,6994883
1992-11-02,6.7288,7.0253,6.706,7.0025,2.1045,6445222
1992-11-03,7.0481,7.1394,6.9113,7.071,2.1251,5411663
1992-11-04,7.0253,7.2078,7.0253,7.1394,2.1456,5734993
1992-11-05,7.1166,7.1394,7.0253,7.1166,2.1388,6806365
1992-11-06,7.1166,7.1166,7.0253,7.0481,2.1182,3934210
1992-11-09,7.071,7.1394,7.0253,7.1166,2.1388,3233297
1992-11-10,7.1394,7.1394,7.0481,7.0481,2.1182,3882697
1992-11-11,7.071,7.071,6.9569,7.0025,2.1045,3603756
1992-11-12,7.0253,7.1394,6.9797,7.1166,2.1388,5910358
1992-11-13,7.1622,7.2306,7.1166,7.1166,2.1388,6757591
1992-11-16,7.1394,7.2762,7.1394,7.2306,2.173,7203129
1992-11-17,7.2762,7.299,7.2306,7.2306,2.173,6270953
1992-11-18,7.2306,7.2534,7.071,7.0938,2.1319,5756913
1992-11-19,7.0938,7.2306,7.071,7.185,2.1593,4572650
1992-11-20,7.2306,7.3675,7.185,7.3447,2.2073,7407539
1992-11-23,7.3447,7.4815,7.3219,7.3903,2.221,6237524
1992-11-24,7.3903,7.5043,7.2078,7.2078,2.1662,8720038
1992-11-25,7.2078,7.5271,7.185,7.4815,2.2484,6606339
1992-11-27,7.55,7.6412,7.5271,7.6184,2.2896,5580452
1992-11-30,7.6184,7.7552,7.5728,7.664,2.3033,11306128
1992-12-01,7.6868,7.8237,7.664,7.7781,2.3376,10044046
1992-12-02,7.664,7.7324,7.5956,7.7096,2.317,10457799
1992-12-03,7.7096,7.7324,7.6412,7.664,2.3033,3763777
1992-12-04,7.7096,7.8465,7.664,7.8237,2.3513,6832122
1992-12-07,7.7552,7.7781,7.6868,7.7552,2.3307,6068735
1992-12-08,7.7781,7.8693,7.7781,7.8693,2.365,6278625
1992-12-09,7.8465,7.8921,7.7552,7.8237,2.3513,7680451
1992-12-10,7.8237,7.8237,7.7324,7.7781,2.3376,4246580
1992-12-11,7.7781,7.8009,7.7324,7.7781,2.3376,3940787
1992-12-14,7.7552,7.8237,7.7096,7.7096,2.317,3722676
1992-12-15,7.6868,7.6868,7.55,7.55,2.269,10736739
1992-12-16,7.5728,7.6184,7.3903,7.4131,2.2279,9298744
1992-12-17,7.2534,7.3219,7.1394,7.2534,2.1799,12756728
1992-12-18,7.299,7.3903,7.2534,7.3675,2.2142,12870715
1992-12-21,7.4131,7.5043,7.3219,7.4815,2.2484,5963515
1992-12-22,7.4587,7.6184,7.4359,7.6184,2.2896,6114768
1992-12-23,7.5728,7.664,7.55,7.5956,2.2827,3760489
1992-12-24,7.6184,7.7552,7.5956,7.7324,2.3239,2019441
1992-12-28,7.7552,7.7552,7.6412,7.7096,2.317,3855844
1992-12-29,7.7552,7.9149,7.7096,7.7324,2.3239,4950781
1992-12-30,7.7096,7.9377,7.664,7.9377,2.3855,5351929
1992-12-31,7.9149,7.9605,7.8009,7.8237,2.3513,3751721
1993-01-04,7.8921,8.0518,7.8465,8.029,2.413,7724841
1993-01-05,8.029,8.1886,8.0061,8.143,2.4472,10893472
1993-01-06,8.1202,8.1886,8.0746,8.1658,2.4541,11124735
1993-01-07,8.1202,8.3939,8.1202,8.1658,2.4541,17520087
1993-01-08,8.143,8.3483,8.0974,8.2114,2.4678,10015549
1993-01-11,8.2571,8.3255,8.2114,8.2342,2.4747,5045588
1993-01-12,8.2571,8.2571,8.1658,8.2114,2.4678,4479487
1993-01-13,8.2114,8.2342,8.0518,8.0974,2.4335,4066282
1993-01-14,8.1202,8.3027,8.0746,8.1658,2.4541,4563881
1993-01-15,8.1658,8.5308,8.143,8.3939,2.5226,14315287
1993-01-18,8.3939,8.508,8.3711,8.508,2.5569,6770744
1993-01-19,8.622,8.7132,8.5536,8.6448,2.5981,13463121
1993-01-20,8.5992,8.6448,8.508,8.508,2.5569,4916804
1993-01-21,8.4623,8.622,8.4395,8.622,2.5912,4991882
1993-01-22,8.6448,8.8045,8.6448,8.7589,2.6323,10376692
1993-01-25,8.7589,8.8045,8.6904,8.7589,2.6544,7078181
1993-01-26,8.7817,8.8729,8.6904,8.7361,2.6475,11741253
1993-01-27,8.7361,8.7361,8.622,8.6676,2.6268,5902138
1993-01-28,8.622,8.6448,8.4851,8.508,2.5784,8878415
1993-01-29,8.5308,8.5308,8.3255,8.4167,2.5508,6689089
1993-02-01,8.4623,8.622,8.3027,8.622,2.613,5085045
1993-02-02,8.622,8.6676,8.5308,8.5992,2.6061,7758270
1993-02-03,8.5764,8.7361,8.5536,8.7132,2.6406,10190915
1993-02-04,8.8957,9.1694,8.8501,9.1466,2.772,26850068
1993-02-05,9.101,9.1694,9.0098,9.0554,2.7443,13693288
1993-02-08,9.0782,9.1466,9.0098,9.1238,2.765,7768682
1993-02-09,9.1238,9.1238,8.8501,8.9185,2.7028,5133819
1993-02-10,8.8957,9.101,8.8045,9.0782,2.7512,6612367
1993-02-11,9.1238,9.2835,9.0554,9.2379,2.7996,14182119
1993-02-12,9.2607,9.2607,8.987,8.987,2.7236,7113254
1993-02-16,8.8957,8.9185,8.6448,8.6676,2.6268,11936895
1993-02-17,8.622,8.6448,8.4851,8.5308,2.5853,9726197
1993-02-18,8.622,8.622,8.3939,8.4623,2.5646,7874997
1993-02-19,8.508,8.5308,8.3939,8.508,2.5784,8199971
1993-02-22,8.4851,8.5992,8.4851,8.5308,2.5853,5444544
1993-02-23,8.5308,8.5764,8.1658,8.1886,2.4816,10693994
1993-02-24,8.2114,8.3939,8.1886,8.3711,2.5369,8292038
1993-02-25,8.3939,8.4623,8.3483,8.4167,2.5508,6321370
1993-02-26,8.4167,8.4395,8.3483,8.3711,2.5369,5385906
1993-03-01,8.3939,8.4623,8.3711,8.4623,2.5646,5825963
1993-03-02,8.5308,8.7361,8.4851,8.7361,2.6475,6172310
1993-03-03,8.7361,8.7817,8.6448,8.7361,2.6475,7403155
1993-03-04,8.8045,8.9413,8.6904,8.7361,2.6475,7718812
1993-03-05,8.8501,9.0098,8.7589,8.987,2.7236,12375308
1993-03-08,9.101,9.1694,9.0326,9.101,2.7581,9831416
1993-03-09,9.101,9.1694,9.0554,9.0782,2.7512,9086113
1993-03-10,9.101,9.1238,9.0326,9.1238,2.765,5657722
1993-03-11,9.101,9.1466,8.9413,8.9413,2.7097,6066543
1993-03-12,8.7589,8.8957,8.6448,8.8045,2.6683,8106260
1993-03-15,8.8729,8.9413,8.8501,8.9185,2.7028,2985594
1993-03-16,8.9185,9.0098,8.8045,8.8501,2.6821,3422363
1993-03-17,8.9413,9.0098,8.8501,8.8957,2.6959,4942013
1993-03-18,9.0782,9.4203,9.0554,9.4203,2.8549,24438796
1993-03-19,9.4431,9.5572,9.3519,9.4431,2.8618,16250333
1993-03-22,9.4203,9.6028,9.4203,9.58,2.9033,8226276
1993-03-23,9.6028,9.7625,9.6028,9.6712,2.931,9686740
1993-03-24,9.6941,9.7625,9.4431,9.5116,2.8826,7262863
1993-03-25,9.4888,9.5572,9.4203,9.5572,2.8964,9616045
1993-03-26,9.6028,9.6712,9.4888,9.5572,2.8964,4896527
1993-03-29,9.6484,9.7625,9.6028,9.6712,2.931,6420013
1993-03-30,9.7169,9.7169,9.5572,9.6256,2.9171,4181366
1993-03-31,9.6941,9.7169,9.4888,9.4888,2.8757,9506990
1993-04-01,9.5116,9.5116,9.466,9.4888,2.8757,10179406
1993-04-02,9.3975,9.4203,9.3063,9.3519,2.8342,9389167
1993-04-05,9.3975,9.4888,9.3291,9.4888,2.8757,7470561
1993-04-06,9.6028,9.8537,9.58,9.8537,2.9863,12798925
1993-04-07,9.8081,9.9906,9.7853,9.9678,3.0208,13968940
1993-04-08,10.0134,10.0362,9.945,9.9678,3.0208,5610593
1993-04-12,9.9678,10.1046,9.8993,10.1046,3.0623,8765524
1993-04-13,10.1731,10.1959,9.945,9.945,3.0139,8616463
1993-04-14,9.9906,10.059,9.945,9.9906,3.0277,6395352
1993-04-15,10.0134,10.0362,9.8765,9.9678,3.0208,7985696
1993-04-16,9.9906,10.1046,9.9678,10.059,3.0485,7748953
1993-04-19,10.0362,10.059,9.8081,9.8993,3.0001,4575938
1993-04-20,9.8081,10.0362,9.58,9.7169,2.9448,10011713
1993-04-21,9.7625,9.7625,9.58,9.6028,2.9102,6084079
1993-04-22,9.6484,9.9906,9.4888,9.4888,2.8757,8002137
1993-04-23,9.4203,9.6941,9.3747,9.6484,2.924,8575362
1993-04-26,9.58,9.6028,9.3291,9.3291,2.8488,4720066
1993-04-27,9.3063,9.6028,9.3063,9.6028,2.9324,7912810
1993-04-28,9.8537,10.0134,9.7853,9.945,3.0369,16951246
1993-04-29,9.9221,10.059,9.8537,9.9906,3.0508,14052787
1993-04-30,10.059,10.0818,9.945,9.9906,3.0508,11298456
1993-05-03,9.9906,10.2415,9.9906,10.1731,3.1065,12264609
1993-05-04,10.1959,10.3099,10.0818,10.2415,3.1274,9785931
1993-05-05,10.1959,10.3099,10.1274,10.1959,3.1135,11616306
1993-05-06,10.2187,10.2415,10.1274,10.1731,3.1065,4531548
1993-05-07,10.1274,10.1731,10.0134,10.1046,3.0856,5237394
1993-05-10,10.1046,10.2187,10.0818,10.1046,3.0856,8140237
1993-05-11,10.1046,10.1046,9.945,10.0362,3.0647,4723902
1993-05-12,10.0362,10.1502,10.0134,10.1502,3.0996,5421527
1993-05-13,10.1046,10.1731,9.945,9.945,3.0369,5922962
1993-05-14,9.9678,9.9906,9.8081,9.8309,3.0021,6087367
1993-05-17,9.8537,10.0362,9.8537,10.0134,3.0578,3931470
1993-05-18,10.0134,10.0362,9.6028,9.7169,2.9672,14551482
1993-05-19,9.5344,9.6484,9.3291,9.5116,2.9045,23928044
1993-05-20,9.58,9.6028,9.4203,9.4431,2.8836,10522465
1993-05-21,9.4203,9.5344,9.1238,9.1922,2.807,9828676
1993-05-24,9.1694,9.4203,9.1694,9.4203,2.8767,8368760
1993-05-25,9.466,9.5116,9.3975,9.3975,2.8697,5361245
1993-05-26,9.4431,9.6712,9.4431,9.6028,2.9324,6289585
1993-05-27,9.6256,9.7169,9.5572,9.5572,2.9185,5802947
1993-05-28,9.58,9.6256,9.466,9.4888,2.8976,5311376
1993-06-01,9.5572,9.7397,9.5344,9.6712,2.9533,7103938
1993-06-02,9.6941,9.7169,9.6028,9.6712,2.9533,7873901
1993-06-03,9.6712,10.1274,9.6712,10.1046,3.0856,17049341
1993-06-04,10.0134,10.2187,10.0134,10.059,3.0717,11897986
1993-06-07,10.0818,10.1959,10.059,10.1274,3.0926,7705660
1993-06-08,10.1046,10.1046,9.945,9.9678,3.0438,5070797
1993-06-09,9.9906,10.1046,9.945,9.945,3.0369,5015995
1993-06-10,9.8993,9.9906,9.8993,9.9678,3.0438,3651434
1993-06-11,9.9678,9.9678,9.7853,9.8081,2.9951,4977634
1993-06-14,9.6484,9.7169,9.3975,9.466,2.8906,10713174
1993-06-15,9.5344,9.5344,9.2607,9.2835,2.8349,10854563
1993-06-16,9.1238,9.1694,9.101,9.101,2.7792,15719305
1993-06-17,9.1922,9.2835,9.1694,9.2835,2.8349,6243004
1993-06-18,9.1466,9.2151,9.0782,9.1238,2.7861,14433658
1993-06-21,9.1466,9.3519,9.1466,9.3291,2.8488,10641932
1993-06-22,9.3747,9.466,9.2151,9.3291,2.8488,9062549
1993-06-23,9.3063,9.3291,9.1238,9.2151,2.814,6461114
1993-06-24,9.1694,9.2835,9.1694,9.2607,2.8279,4737603
1993-06-25,9.3291,9.3519,9.2151,9.2835,2.8349,3672259
1993-06-28,9.2607,9.466,9.2607,9.4203,2.8767,7810879
1993-06-29,9.4431,9.5572,9.3975,9.3975,2.8697,4630739
1993-06-30,9.3975,9.6028,9.3975,9.5344,2.9115,4345223
1993-07-01,9.5116,9.5344,9.2379,9.3063,2.8418,6768004
1993-07-02,9.2607,9.2607,8.987,9.0782,2.7722,11935251
1993-07-06,9.0326,9.1238,8.8273,8.8273,2.6956,11920455
1993-07-07,8.8501,9.0554,8.8501,9.0326,2.7583,8551797
1993-07-08,9.0782,9.3519,9.0098,9.3519,2.8558,13120063
1993-07-09,9.3063,9.5572,9.2607,9.5116,2.9045,7944047
1993-07-12,9.3519,9.3519,9.0782,9.1466,2.7931,12568758
1993-07-13,9.2835,9.2835,9.1694,9.2379,2.821,10143785
1993-07-14,9.2379,9.3975,9.2151,9.3747,2.8627,7285879
1993-07-15,9.3747,9.3747,9.2379,9.3063,2.8418,4600598
1993-07-16,9.2607,9.4203,9.2379,9.3747,2.8627,6533453
1993-07-19,9.3747,9.4431,9.3519,9.3975,2.8697,5154095
1993-07-20,9.4203,9.7625,9.2835,9.7169,2.9672,10629876
1993-07-21,9.6712,9.7853,9.6256,9.7625,2.9812,7487549
1993-07-22,9.6941,9.7169,9.5572,9.58,2.9254,3690891
1993-07-23,9.5344,9.5572,9.3975,9.5116,2.9045,4412629
1993-07-26,9.4888,9.6484,9.4888,9.6256,2.9394,4126564
1993-07-27,9.5344,9.58,9.2835,9.3519,2.8776,4939821
1993-07-28,9.466,9.58,9.2607,9.4888,2.9197,11624526
1993-07-29,9.58,9.8081,9.5116,9.6941,2.9829,8617559
1993-07-30,9.7853,9.8081,9.6256,9.6256,2.9618,4231783
1993-08-02,9.7397,9.9906,9.6712,9.945,3.0601,10944985
1993-08-03,9.9678,10.0362,9.9221,9.9678,3.0671,6426589
1993-08-04,9.9678,9.9906,9.8081,9.8081,3.018,7408087
1993-08-05,9.8081,9.8309,9.5116,9.6028,2.9548,7175180
1993-08-06,9.3747,9.466,9.3519,9.4203,2.8987,8361636
1993-08-09,9.4431,9.6484,9.4203,9.5344,2.9337,5307540
1993-08-10,9.5344,9.6028,9.5116,9.58,2.9478,3231105
1993-08-11,9.6028,9.6256,9.5116,9.6256,2.9618,3427843
1993-08-12,9.6484,9.7397,9.5116,9.5572,2.9408,3105061
1993-08-13,9.6028,9.6028,9.3975,9.466,2.9127,4736507
1993-08-16,9.4431,9.58,9.3747,9.5116,2.9267,5175468
1993-08-17,9.58,9.58,9.4431,9.4431,2.9057,3101773
1993-08-18,9.466,9.466,9.0554,9.1694,2.8215,10708790
1993-08-19,9.2379,9.3291,9.2151,9.2835,2.8565,11160356
1993-08-20,9.2835,9.2835,8.9413,9.0326,2.7793,20147826
1993-08-23,9.0326,9.1922,8.987,9.1466,2.8144,8036662
1993-08-24,9.1694,9.466,9.1466,9.4431,2.9057,9219281
1993-08-25,9.4888,9.5572,9.3975,9.466,2.9127,9695508
1993-08-26,9.466,9.6256,9.4203,9.5344,2.9337,6910488
1993-08-27,9.4888,9.5116,9.4203,9.4431,2.9057,4059706
1993-08-30,9.4431,9.5116,9.2835,9.3519,2.8776,4864742
1993-08-31,9.3519,9.3975,9.2607,9.3063,2.8636,5773354
1993-09-01,9.2835,9.5572,9.2607,9.5572,2.9408,6463855
1993-09-02,9.5572,9.5572,9.3747,9.3975,2.8916,3442640
1993-09-03,9.3747,9.3747,9.2151,9.2151,2.8355,3731992
1993-09-07,9.2607,9.3747,9.2379,9.2835,2.8565,4253156
1993-09-08,9.3063,9.4203,9.2835,9.3975,2.8916,7274919
1993-09-09,9.4431,9.6712,9.4203,9.6484,2.9688,10245716
1993-09-10,9.6712,9.8537,9.6712,9.7853,3.011,7266151
1993-09-13,9.8081,10.059,9.8081,10.0362,3.0882,9300388
1993-09-14,9.9221,9.945,9.7625,9.8081,3.018,7885957
1993-09-15,9.8309,10.0134,9.7397,9.9906,3.0741,9407799
1993-09-16,10.0134,10.0134,9.8993,9.945,3.0601,5450024
1993-09-17,9.9221,10.0362,9.9221,9.9906,3.0741,11234886
1993-09-20,10.0362,10.1274,9.9906,10.0362,3.0882,7217925
1993-09-21,10.059,10.059,9.8537,9.9221,3.0531,9527815
1993-09-22,9.9906,10.0818,9.9221,9.9678,3.0671,7884861
1993-09-23,10.0362,10.3783,10.0134,10.3783,3.1934,14648481
1993-09-24,10.3555,10.538,10.2871,10.3783,3.1934,14498872
1993-09-27,10.4011,10.4011,10.1731,10.2187,3.1443,6547701
1993-09-28,10.1959,10.3099,10.1046,10.2643,3.1583,6205739
1993-09-29,10.2643,10.2871,10.0818,10.0818,3.1022,4744179
1993-09-30,10.0818,10.1502,9.9906,10.0818,3.1022,6257800
1993-10-01,10.1046,10.3099,10.0818,10.3099,3.1724,9970064
1993-10-04,10.2643,10.3783,10.2643,10.3555,3.1864,5647310
1993-10-05,10.3783,10.424,10.3099,10.3555,3.1864,5653338
1993-10-06,10.3099,10.3327,10.1046,10.1274,3.1162,6412889
1993-10-07,10.1274,10.2643,10.1046,10.1959,3.1373,7894726
1993-10-08,10.1959,10.2415,10.0362,10.1502,3.1233,7057904
1993-10-11,10.0818,10.1046,9.9906,10.0362,3.0882,2586638
1993-10-12,10.0818,10.1274,10.0134,10.0134,3.0811,4417561
1993-10-13,10.0134,10.1274,10.0134,10.0818,3.1022,476226
1993-10-14,10.2187,10.538,10.1959,10.4924,3.2285,14906049
1993-10-15,10.5608,10.6064,10.4468,10.4696,3.2215,7576876
1993-10-18,10.424,10.7433,10.424,10.6977,3.2917,12305162
1993-10-19,10.6749,10.7433,10.5608,10.5836,3.2566,8720586
1993-10-20,10.6064,10.6521,10.538,10.6521,3.2777,6127372
1993-10-21,10.6292,10.903,10.6064,10.7661,3.3127,9633582
1993-10-22,10.7661,10.8801,10.6749,10.8117,3.3268,7179564
1993-10-25,10.7433,10.8345,10.5608,10.8117,3.3268,10404641
1993-10-26,10.7889,10.903,10.7661,10.903,3.3777,7551667
1993-10-27,11.0398,11.1539,10.903,11.017,3.413,27864447
1993-10-28,11.0398,11.5416,11.017,11.4732,3.5543,25274521
1993-10-29,11.496,11.496,11.2679,11.2907,3.4978,13432432
1993-11-01,11.2907,11.4504,11.2679,11.4276,3.5402,11734677
1993-11-02,11.4732,11.6557,11.4048,11.6329,3.6038,10423822
1993-11-03,11.7241,11.8153,11.4048,11.5416,3.5755,13362834
1993-11-04,11.3135,11.4504,11.1539,11.1767,3.4625,7988984
1993-11-05,11.1311,11.1995,10.903,11.1082,3.4413,11759338
1993-11-08,11.1539,11.2907,11.1311,11.2223,3.4766,6336715
1993-11-09,11.3363,11.3363,11.0398,11.1082,3.4413,6177242
1993-11-10,11.1539,11.2907,11.0626,11.2679,3.4907,7122570
1993-11-11,11.3135,11.4276,11.1311,11.1311,3.4483,7718812
1993-11-12,11.3591,11.3591,11.1539,11.2907,3.4978,7023927
1993-11-15,11.2907,11.3363,11.2223,11.3363,3.5119,5382070
1993-11-16,11.382,11.4504,11.3135,11.3363,3.5119,6401929
1993-11-17,11.4276,11.4276,11.1995,11.2907,3.4978,7454668
1993-11-18,11.3135,11.4048,11.2679,11.4048,3.5331,7608113
1993-11-19,11.4048,11.4048,11.2451,11.2679,3.4907,8335879
1993-11-22,11.1995,11.1995,10.7661,10.8801,3.3706,14987155
1993-11-23,10.8573,10.903,10.6977,10.8801,3.3706,7462889
1993-11-24,10.903,11.1311,10.8801,11.1311,3.4483,8446030
1993-11-26,11.1767,11.1995,11.1539,11.1767,3.4625,1663230
1993-11-29,11.3591,11.382,11.2451,11.2679,3.4907,6469335
1993-11-30,11.2451,11.2679,11.0398,11.0854,3.4342,6286297
1993-12-01,11.2679,11.496,11.1995,11.4276,3.5402,8615367
1993-12-02,11.4048,11.5416,11.2679,11.3591,3.519,8435070
1993-12-03,11.4276,11.5188,11.382,11.5188,3.5685,7470561
1993-12-06,11.5416,11.5872,11.4276,11.4732,3.5543,7383426
1993-12-07,11.4048,11.5872,11.382,11.5644,3.5826,6297806
1993-12-08,11.5644,11.5644,11.4732,11.5416,3.5755,6659496
1993-12-09,11.6101,11.7013,11.5872,11.5872,3.5897,11831676
1993-12-10,11.6557,11.7469,11.496,11.7469,3.6391,7727581
1993-12-13,11.7697,11.861,11.6101,11.8153,3.6603,7513306
1993-12-14,11.7697,11.7697,11.5416,11.5872,3.5897,5407279
1993-12-15,11.5872,11.5872,11.4504,11.4732,3.5543,7157095
1993-12-16,11.5188,11.5872,11.4048,11.4048,3.5331,6015577
1993-12-17,11.4048,11.5416,11.4048,11.4276,3.5402,6400833
1993-12-20,11.5416,11.5872,11.4276,11.4504,3.5473,6415629
1993-12-21,11.4732,11.8153,11.4504,11.8153,3.6603,8082695
1993-12-22,11.861,12.0662,11.7925,11.975,3.7098,9223118
1993-12-23,11.9978,12.0662,11.8153,11.8381,3.6674,5157931
1993-12-27,11.8381,11.861,11.7241,11.7697,3.6462,3449764
1993-12-28,11.8153,11.9522,11.8153,11.8153,3.6603,4710202
1993-12-29,11.8381,11.8838,11.7469,11.8153,3.6603,4229043
1993-12-30,11.8153,11.861,11.7469,11.8153,3.6603,5503182
1993-12-31,11.861,11.861,11.7469,11.7697,3.6462,3182880
1994-01-03,11.6557,11.6785,11.4048,11.5644,3.5826,10458895
1994-01-04,11.5644,11.7697,11.4732,11.6557,3.6108,9716332
1994-01-05,11.7697,11.7925,11.6329,11.6329,3.6038,9591385
1994-01-06,11.6785,11.7241,11.496,11.6101,3.5967,7405895
1994-01-07,11.6557,11.8153,11.6101,11.7925,3.6532,5672519
1994-01-10,11.9066,12.2715,11.861,12.2715,3.8016,17947540
1994-01-11,12.2487,12.6365,12.2031,12.454,3.8582,17447749
1994-01-12,12.4312,12.5224,12.2259,12.3171,3.8158,15073742
1994-01-13,12.34,12.4768,12.1803,12.3856,3.837,10189271
1994-01-14,12.4084,12.5224,12.4084,12.454,3.8582,8375336
1994-01-17,12.454,12.4996,12.2943,12.4768,3.8652,4109576
1994-01-18,12.5909,12.6593,12.4768,12.5224,3.8794,8003781
1994-01-19,12.5224,12.6821,12.1803,12.3171,3.8158,8984182
1994-01-20,12.2943,12.34,12.1119,12.2487,3.7946,7931991
1994-01-21,12.2487,12.3171,12.1347,12.3171,3.8158,8475075
1994-01-24,12.2259,12.2487,11.9522,11.975,3.7319,9616593
1994-01-25,12.0434,12.0891,11.7469,11.8838,3.7035,10713722
1994-01-26,11.861,11.9066,11.7241,11.8381,3.6892,6316438
1994-01-27,11.9522,12.1803,11.8381,12.1803,3.7959,15031544
1994-01-28,12.2943,12.2943,11.8381,11.9066,3.7106,8773196
1994-01-31,12.2259,12.2487,12.0662,12.2259,3.8101,6300546
1994-02-01,12.2259,12.454,12.1347,12.1803,3.7959,8811009
1994-02-02,12.2487,12.3856,12.1575,12.3628,3.8527,7488097
1994-02-03,12.4084,12.7049,12.34,12.6593,3.9451,17523375
1994-02-04,12.7277,12.7961,12.4084,12.4084,3.867,17757378
1994-02-07,12.3628,12.5681,12.1347,12.5681,3.9167,13004979
1994-02-08,12.5909,12.7277,12.4768,12.6821,3.9523,8482199
1994-02-09,12.5452,12.7049,12.4768,12.4996,3.8954,16938642
1994-02-10,12.5452,12.5681,12.0434,12.0434,3.7532,27801425
1994-02-11,11.9978,11.9978,11.7925,11.9522,3.7248,12907432
1994-02-14,11.9978,12.1575,11.9522,11.9978,3.739,7667299
1994-02-15,12.0206,12.0891,11.8838,12.0891,3.7674,9022544
1994-02-16,12.2031,12.2031,11.861,11.861,3.6964,6758139
1994-02-17,12.0206,12.0434,11.7241,11.7925,3.675,11266123
1994-02-18,11.7469,11.8838,11.6557,11.7697,3.6679,8770456
1994-02-22,11.861,11.861,11.6101,11.7697,3.6679,7413019
1994-02-23,11.7925,11.9522,11.6329,11.7241,3.6537,10958686
1994-02-24,11.6329,11.6785,11.3135,11.4048,3.5542,14165678
1994-02-25,11.4276,11.4732,11.1311,11.2223,3.4973,15232666
1994-02-28,11.3363,11.4504,11.3135,11.3363,3.5329,10069255
1994-03-01,11.4048,11.4504,11.1995,11.3591,3.54,10155842
1994-03-02,11.3135,11.7013,11.1311,11.6557,3.6324,17707509
1994-03-03,11.7469,11.8381,11.5872,11.6101,3.6182,9076797
1994-03-04,11.6785,11.9294,11.5188,11.8838,3.7035,11078153
1994-03-07,11.9978,12.0206,11.7241,11.7469,3.6608,8018577
1994-03-08,11.7697,11.8153,11.6329,11.6329,3.6253,6772936
1994-03-09,11.7013,11.9294,11.6329,11.9294,3.7177,5165055
1994-03-10,11.9522,11.975,11.5644,11.861,3.6964,5855008
1994-03-11,11.861,11.9522,11.7013,11.9522,3.7248,4710202
1994-03-14,11.9522,11.9522,11.7469,11.7469,3.6608,4032853
1994-03-15,11.7013,11.7013,11.5188,11.5188,3.5897,8145169
1994-03-16,11.4048,11.6101,11.2223,11.6101,3.6182,10452867
1994-03-17,11.6101,11.6557,11.3591,11.382,3.5471,10190915
1994-03-18,11.1995,11.4276,11.1767,11.2223,3.4973,16355552
1994-03-21,11.2451,11.3591,11.1082,11.1539,3.476,11001431
1994-03-22,11.2679,11.2679,11.1539,11.2451,3.5044,4830217
1994-03-23,11.3363,11.7013,11.2907,11.5644,3.6039,9464245
1994-03-24,11.3135,11.3591,10.9486,11.1995,3.4902,20535822
1994-03-25,11.2223,11.2223,10.9942,10.9942,3.4262,10338879
1994-03-28,10.9486,11.0854,10.8801,10.9714,3.4191,11455737
1994-03-29,11.0398,11.0854,10.7889,10.8117,3.3694,9084469
1994-03-30,10.9258,10.9258,10.6292,10.6292,3.3125,12954562
1994-03-31,10.6749,10.7661,10.4011,10.7205,3.3409,13973325
1994-04-04,10.538,10.7661,10.3783,10.7205,3.3409,16935902
1994-04-05,10.8573,11.1082,10.8573,11.1082,3.4618,10993211
1994-04-06,11.1311,11.2223,11.0626,11.1082,3.4618,8271761
1994-04-07,11.1311,11.1311,10.903,11.0626,3.4476,7909522
1994-04-08,11.017,11.017,10.5836,10.6521,3.3196,9920195
1994-04-11,10.7661,10.8801,10.538,10.5836,3.2983,7853076
1994-04-12,10.6521,10.6521,10.4696,10.4924,3.2698,6341099
1994-04-13,10.4924,10.7205,10.3099,10.424,3.2485,10781677
1994-04-14,10.3783,10.7889,10.3099,10.6749,3.3267,15319801
1994-04-15,10.6749,10.903,10.6292,10.6292,3.3125,13775491
1994-04-18,10.7205,10.7433,10.5152,10.5608,3.2912,7708400
1994-04-19,10.424,10.4924,9.9906,10.2871,3.2059,13726169
1994-04-20,10.3099,10.3555,9.7625,9.9221,3.0921,23437569
1994-04-21,10.0134,10.3099,9.8993,10.1502,3.1632,22775565
1994-04-22,10.2415,10.3783,10.1046,10.1502,3.1632,13537103
1994-04-25,10.3099,10.5836,10.2643,10.5608,3.2912,11414636
1994-04-26,10.538,10.5836,10.424,10.5608,3.317,8442742
1994-04-28,10.5836,10.6749,10.3783,10.4924,3.2955,9299292
1994-04-29,10.4011,10.6749,10.3327,10.6521,3.3456,17846705
1994-05-02,10.8573,11.1082,10.7889,11.1082,3.4889,12302422
1994-05-03,11.1082,11.1311,10.903,11.1311,3.4961,8332591
1994-05-04,11.1311,11.1767,10.8801,10.9486,3.4388,10286270
1994-05-05,10.9486,10.9942,10.7433,10.7661,3.3814,9517402
1994-05-06,10.6292,10.6977,10.538,10.5836,3.3241,17311841
1994-05-09,10.424,10.6292,10.424,10.5608,3.317,7675519
1994-05-10,10.6521,10.8573,10.6521,10.8117,3.3958,5774450
1994-05-11,10.8117,10.8801,10.5608,10.5608,3.317,8840602
1994-05-12,10.7433,10.7433,10.4696,10.538,3.3098,7946787
1994-05-13,10.538,10.6064,10.4011,10.5836,3.3241,8142977
1994-05-16,10.5152,10.5836,10.5038,10.538,3.3098,5209445
1994-05-17,10.5608,10.8573,10.5152,10.8345,3.4029,5322884
1994-05-18,10.8801,10.8801,10.6064,10.7433,3.3743,13460929
1994-05-19,10.7433,10.8573,10.6521,10.7889,3.3886,9953624
1994-05-20,10.8117,10.9714,10.8117,10.903,3.4244,15019488
1994-05-23,10.8573,10.903,10.7661,10.8117,3.3958,4405505
1994-05-24,10.9258,10.9258,10.6292,10.6749,3.3528,6557565
1994-05-25,10.5836,10.7889,10.4924,10.6749,3.3528,5318500
1994-05-26,10.7205,10.7547,10.4468,10.538,3.3098,7366438
1994-05-27,10.4468,10.6521,10.4468,10.5836,3.3241,6609627
1994-05-31,10.538,10.6292,10.538,10.538,3.3098,7949527
1994-06-01,10.538,10.6749,10.424,10.6749,3.3528,6035306
1994-06-02,10.7205,10.7433,10.4468,10.4468,3.2811,6188750
1994-06-03,10.4011,10.424,10.2871,10.3783,3.2597,11143367
1994-06-06,10.4011,10.4468,10.1959,10.1959,3.2023,6350415
1994-06-07,10.1731,10.2871,10.1731,10.2187,3.2095,7026667
1994-06-08,10.3327,10.3555,10.0134,10.1502,3.188,8440550
1994-06-09,10.0818,10.2871,10.059,10.2643,3.2238,5606209
1994-06-10,10.3327,10.5152,10.2871,10.424,3.274,6377816
1994-06-13,10.424,10.7661,10.424,10.7433,3.3743,7573588
1994-06-14,10.9258,11.2223,10.8801,11.1539,3.5032,23477575
1994-06-15,11.2451,11.3591,11.0626,11.0626,3.4746,12326535
1994-06-16,11.0626,11.2451,11.0398,11.0626,3.4746,9213801
1994-06-17,11.0626,11.0854,10.903,10.9258,3.4316,13157876
1994-06-20,10.8345,10.8801,10.7433,10.7661,3.3814,6261088
1994-06-21,10.7205,10.7889,10.4468,10.6292,3.3385,14145950
1994-06-22,10.6749,10.7433,10.5836,10.6292,3.3385,6778416
1994-06-23,10.6521,10.6977,10.424,10.4696,3.2883,8024058
1994-06-24,10.4696,10.5608,10.2643,10.538,3.3098,8773196
1994-06-27,10.4924,10.903,10.4468,10.903,3.4244,10000205
1994-06-28,10.903,10.9258,10.6977,10.7889,3.3886,17086606
1994-06-29,10.7889,10.9258,10.7433,10.8345,3.4029,7694700
1994-06-30,10.903,10.9486,10.7433,10.7661,3.3814,8887183
1994-07-01,10.8801,10.8801,10.7433,10.7661,3.3814,5389742
1994-07-05,10.6749,10.7433,10.5152,10.5608,3.317,5501538
1994-07-06,10.538,10.7205,10.4924,10.538,3.3098,7026119
1994-07-07,10.6749,10.903,10.538,10.903,3.4244,9972256
1994-07-08,10.8117,11.2223,10.7661,11.1767,3.5104,11821812
1994-07-11,11.2223,11.2679,10.9942,11.0854,3.4817,6023249
1994-07-12,11.2679,11.4504,10.9486,11.4048,3.582,8652084
1994-07-13,11.4048,11.8153,11.3591,11.7697,3.6967,14462155
1994-07-14,11.9522,11.9522,11.496,11.5416,3.625,14642179
1994-07-15,11.4504,11.5872,11.4048,11.5416,3.625,6646892
1994-07-18,11.5872,11.6785,11.5416,11.6329,3.6537,4211233
1994-07-19,11.6329,11.7241,11.4504,11.4504,3.5964,4929682
1994-07-20,11.496,11.6785,11.1767,11.6329,3.6537,6648810
1994-07-21,11.5872,11.5872,11.2679,11.3135,3.5534,6659770
1994-07-22,11.4504,11.4504,11.2679,11.3591,3.5677,3246176
1994-07-25,11.4504,11.5872,11.3591,11.4504,3.5964,3527582
1994-07-26,11.4504,11.6785,11.4048,11.5416,3.625,6546331
1994-07-27,11.4504,11.6329,10.9942,11.0854,3.5067,11827292
1994-07-28,11.0854,11.4048,11.0854,11.3135,3.5788,10991019
1994-07-29,11.496,11.7241,11.4504,11.6329,3.6799,8529603
1994-08-01,11.6785,11.6785,11.5416,11.6329,3.6799,8138867
1994-08-02,11.6329,11.6329,11.4048,11.496,3.6366,5274659
1994-08-03,11.496,11.5416,11.3135,11.496,3.6366,4538947
1994-08-04,11.0398,11.0854,10.7205,10.7661,3.4057,18428151
1994-08-05,10.7205,10.903,10.7205,10.8573,3.4345,7368356
1994-08-08,11.0398,11.0398,10.9486,10.9942,3.4778,5779930
1994-08-09,11.0854,11.1311,10.9486,10.9942,3.4778,6568800
1994-08-10,11.0854,11.0854,10.9942,11.0398,3.4923,3520458
1994-08-11,11.0398,11.0854,10.8117,10.8573,3.4345,6848288
1994-08-12,10.903,10.9486,10.7661,10.8117,3.4201,3190552
1994-08-15,10.8117,10.903,10.7205,10.8117,3.4201,5028051
1994-08-16,10.8573,11.2223,10.8117,11.1311,3.5211,8093656
1994-08-17,11.3135,11.3591,11.0854,11.1767,3.5355,8666607
1994-08-18,11.0854,11.0854,10.7661,10.7661,3.4057,6848836
1994-08-19,10.7661,10.8573,10.6749,10.8573,3.4345,8500010
1994-08-22,10.8573,10.903,10.7205,10.7661,3.4057,4385502
1994-08-23,10.7661,10.8573,10.7205,10.8117,3.4201,6059144
1994-08-24,10.8117,11.1767,10.7661,11.1767,3.5355,7819647
1994-08-25,11.1767,11.1767,10.903,10.903,3.449,5469205
1994-08-26,11.0854,11.2223,11.0398,11.1311,3.5211,9494660
1994-08-29,11.2679,11.3591,11.1311,11.1311,3.5211,5389194
1994-08-30,11.0854,11.3591,11.0398,11.1767,3.5355,7056534
1994-08-31,11.1767,11.1767,10.538,10.6749,3.3768,19685849
1994-09-01,10.7661,10.9486,10.6749,10.9486,3.4634,12088970
1994-09-02,11.0398,11.0398,10.7205,10.8117,3.4201,5560175
1994-09-06,10.8117,10.9942,10.7205,10.9486,3.4634,4893787
1994-09-07,11.0398,11.0398,10.7661,10.8117,3.4201,6744713
1994-09-08,10.7661,10.903,10.7205,10.7661,3.4057,5190264
1994-09-09,10.7661,10.7661,10.6292,10.6749,3.3768,6766086
1994-09-12,10.6749,10.7661,10.5836,10.5836,3.3479,4925846
1994-09-13,10.6292,10.7205,10.4468,10.4924,3.3191,12889896
1994-09-14,10.4924,10.6292,10.3555,10.6292,3.3624,10164336
1994-09-15,10.6749,10.6749,10.4468,10.538,3.3335,7662093
1994-09-16,10.4468,10.538,10.3555,10.4468,3.3047,13918523
1994-09-19,10.4924,10.538,10.1731,10.2187,3.2325,10321069
1994-09-20,10.1731,10.3555,10.0818,10.1274,3.2036,11297086
1994-09-21,10.1731,10.2643,9.9906,10.0362,3.1748,13923181
1994-09-22,10.1274,10.2643,9.8081,9.8537,3.1171,14300216
1994-09-23,9.8993,9.9906,9.5344,9.7169,3.0738,15974955
1994-09-26,9.7625,9.8537,9.6712,9.7169,3.0738,11912783
1994-09-27,9.945,10.1731,9.8537,10.1731,3.2181,9697700
1994-09-28,10.3099,10.3555,10.1731,10.2187,3.2325,8001041
1994-09-29,10.2187,10.2643,10.0362,10.0362,3.1748,5756639
1994-09-30,10.0818,10.2643,10.0362,10.1274,3.2036,6018043
1994-10-03,10.1274,10.1731,9.945,10.0362,3.1748,6982552
1994-10-04,10.0818,10.1274,9.7625,9.8993,3.1315,10122413
1994-10-05,9.8537,10.1731,9.7169,10.0818,3.1892,9145299
1994-10-06,10.1274,10.1274,9.8537,9.945,3.1459,4646906
1994-10-07,9.945,10.0818,9.8537,9.945,3.1459,4942561
1994-10-10,10.1731,10.3555,10.0362,10.3099,3.2614,7668669
1994-10-11,10.4924,10.7205,10.4468,10.7205,3.3912,12499982
1994-10-12,10.6292,10.7205,10.538,10.5836,3.3479,8789637
1994-10-13,10.8117,10.8573,10.4924,10.538,3.3335,16988785
1994-10-14,10.5836,10.7661,10.4468,10.7205,3.3912,6550989
1994-10-17,10.6749,10.7661,10.5836,10.6292,3.3624,7737993
1994-10-18,10.6292,10.6292,10.4924,10.5836,3.3479,5066412
1994-10-19,10.538,10.7205,10.4924,10.7205,3.3912,5243970
1994-10-20,10.7205,10.7205,10.3555,10.4924,3.3191,8175584
1994-10-21,10.3099,10.5836,10.2187,10.538,3.3335,9923209
1994-10-24,10.538,10.6749,10.4011,10.4468,3.3047,5702660
1994-10-25,10.4011,10.7205,10.4011,10.6749,3.3768,13705345
1994-10-26,10.9486,10.9486,10.538,10.6749,3.4071,17589137
1994-10-27,10.7661,10.8117,10.538,10.5836,3.378,12566018
1994-10-28,10.6292,10.8117,10.6292,10.8117,3.4508,7905138
1994-10-31,10.8117,10.8573,10.7661,10.7661,3.4362,9869777
1994-11-01,10.7205,10.8117,10.538,10.5836,3.378,8988841
1994-11-02,10.5836,10.8117,10.4924,10.6292,3.3925,7692234
1994-11-03,10.7205,10.8117,10.6749,10.8117,3.4508,4406327
1994-11-04,10.8573,10.8573,10.538,10.538,3.3634,5700194
1994-11-07,10.4924,10.6292,10.3555,10.6292,3.3925,5733075
1994-11-08,10.6749,10.6749,10.4468,10.4924,3.3489,5276303
1994-11-09,10.5836,10.6292,10.3099,10.3555,3.3052,8746617
1994-11-10,10.3555,10.4468,10.3099,10.4468,3.3343,5751707
1994-11-11,10.4011,10.4924,10.4011,10.4011,3.3197,2325234
1994-11-14,10.4468,10.5836,10.4011,10.5836,3.378,6046540
1994-11-15,10.5836,10.7661,10.4011,10.4924,3.3489,9837444
1994-11-16,10.4924,10.6292,10.4468,10.4924,3.3489,5361793
1994-11-17,10.4924,10.538,10.3099,10.3555,3.3052,6040786
1994-11-18,10.3555,10.4011,10.1274,10.1731,3.2469,7134079
1994-11-21,10.2187,10.2643,10.1274,10.1731,3.2469,3463190
1994-11-22,10.1731,10.2643,9.7625,9.8081,3.1305,8124071
1994-11-23,9.7625,10.0818,9.6256,9.945,3.1741,10619464
1994-11-25,9.9906,10.1274,9.945,10.0362,3.2033,1902987
1994-11-28,10.0362,10.0818,9.8081,9.8081,3.1305,4115330
1994-11-29,9.8537,9.8993,9.7625,9.8537,3.145,4401942
1994-11-30,9.8537,9.9906,9.8081,9.8993,3.1596,4681705
1994-12-01,9.8993,9.945,9.7169,9.8537,3.145,6474815
1994-12-02,9.8081,9.9906,9.7169,9.945,3.1741,8353963
1994-12-05,9.9906,10.1274,9.9906,10.0818,3.2178,4789664
1994-12-06,9.945,10.0362,9.8537,9.9906,3.1887,4408245
1994-12-07,9.8993,9.945,9.7625,9.8081,3.1305,5522088
1994-12-08,9.7169,9.8537,9.4888,9.6256,3.0722,7011871
1994-12-09,9.58,9.6256,9.4431,9.4888,3.0285,9827580
1994-12-12,9.4888,9.5344,9.3975,9.3975,2.9994,6888567
1994-12-13,9.3975,9.6256,9.3519,9.5344,3.0431,7944869
1994-12-14,9.58,9.6712,9.4888,9.58,3.0577,6398915
1994-12-15,9.5344,9.58,9.4888,9.5344,3.0431,4855700
1994-12-16,9.58,9.6712,9.4888,9.6256,3.0722,11913605
1994-12-19,9.6256,9.6712,9.5344,9.58,3.0577,4843096
1994-12-20,9.5344,9.6256,9.4888,9.58,3.0577,4880087
1994-12-21,9.4888,9.7169,9.4431,9.7169,3.1013,7188332
1994-12-22,9.7625,9.8993,9.58,9.7625,3.1159,9982942
1994-12-23,9.7625,10.1274,9.7625,9.8537,3.145,6017221
1994-12-27,9.945,10.1274,9.945,10.1274,3.2324,4096697
1994-12-28,10.1274,10.1274,9.8081,9.945,3.1741,3345093
1994-12-29,9.945,10.1731,9.945,10.1731,3.2469,4200272
1994-12-30,10.1731,10.3099,10.1274,10.1731,3.2469,6704434
1995-01-03,10.2187,10.2643,9.7625,10.1731,3.2469,5664298
1995-01-04,10.2187,10.4468,10.2187,10.4468,3.3343,7163124
1995-01-05,10.538,10.5836,10.0818,10.3555,3.3052,9270247
1995-01-06,10.4011,10.538,10.3099,10.3555,3.3052,4497845
1995-01-09,10.4011,10.5836,10.3555,10.538,3.3634,6810201
1995-01-10,10.5836,10.6749,10.3555,10.3555,3.3052,9240654
1995-01-11,10.4468,10.4468,10.1731,10.3555,3.3052,5517978
1995-01-12,10.4011,10.4468,10.2643,10.2643,3.2761,6770196
1995-01-13,10.3099,10.4468,10.3099,10.4468,3.3343,4768840
1995-01-16,10.4468,10.5836,10.3555,10.5836,3.378,5727868
1995-01-17,10.4924,10.538,10.4011,10.4924,3.3489,5365355
1995-01-18,10.4468,10.4924,10.2187,10.3099,3.2906,7362328
1995-01-19,10.1731,10.4924,9.945,10.0362,3.2033,6812941
1995-01-20,9.945,9.9906,9.4431,9.6256,3.0722,20386214
1995-01-23,9.3975,9.58,9.2151,9.58,3.0577,22259334
1995-01-24,9.4431,9.5344,9.3975,9.3975,3.0294,17840677
1995-01-25,9.3063,9.6256,9.3063,9.5344,3.0735,9603989
1995-01-26,9.4431,9.4431,9.2607,9.2607,2.9853,8363280
1995-01-27,9.3519,9.3975,9.2151,9.2607,2.9853,7051602
1995-01-30,9.2607,9.3975,8.987,9.0326,2.9118,19513497
1995-01-31,9.1238,9.2607,9.0326,9.2151,2.9706,12652331
1995-02-01,9.1694,9.5344,9.0326,9.1694,2.9559,26224233
1995-02-02,9.2151,9.3519,9.0782,9.3519,3.0147,11419842
1995-02-03,9.4431,9.4431,9.1238,9.3975,3.0294,14949616
1995-02-06,9.3975,9.3975,9.2607,9.3519,3.0147,10207081
1995-02-07,9.3519,9.4888,9.2607,9.2607,2.9853,8387940
1995-02-08,9.3063,9.3519,9.1694,9.3063,3.0,8676471
1995-02-09,9.2607,9.3519,9.2151,9.2151,2.9706,11529993
1995-02-10,9.2607,9.4431,9.2151,9.4431,3.0441,11738787
1995-02-13,9.4888,9.5344,9.3519,9.3975,3.0294,11361478
1995-02-14,9.3975,9.5344,9.3063,9.5344,3.0735,8267103
1995-02-15,9.5344,9.7169,9.4888,9.5344,3.0735,11382577
1995-02-16,9.58,9.6256,9.4888,9.5686,3.0846,5611141
1995-02-17,9.58,9.6712,9.5344,9.58,3.0882,7006391
1995-02-21,9.6256,9.6712,9.58,9.58,3.0882,6253964
1995-02-22,9.6256,9.7625,9.58,9.7169,3.1324,8281625
1995-02-23,9.7625,9.8081,9.6712,9.7169,3.1324,15754926
1995-02-24,9.6712,9.7625,9.6256,9.7625,3.1471,5377412
1995-02-27,9.7625,9.8081,9.4888,9.4888,3.0588,7353559
1995-02-28,9.5344,9.6712,9.4888,9.5344,3.0735,10955124
1995-03-01,9.4888,9.58,9.3063,9.3519,3.0147,14704105
1995-03-02,9.3519,9.3519,9.1238,9.2607,2.9853,13803439
1995-03-03,9.2151,9.5344,9.1238,9.3519,3.0147,7686753
1995-03-06,9.3063,9.3519,9.1238,9.3063,3.0,6595927
1995-03-07,9.2151,9.4888,9.1694,9.3063,3.0,8061049
1995-03-08,9.3063,9.3519,9.1694,9.2607,2.9853,9462601
1995-03-09,9.3063,9.4431,9.3063,9.3975,3.0294,11203649
1995-03-10,9.4888,9.7625,9.4431,9.7169,3.1324,9131325
1995-03-13,9.7625,9.8081,9.3975,9.8081,3.1618,4519766
1995-03-14,9.8537,9.8537,9.5344,9.58,3.0882,7272727
1995-03-15,9.6256,9.6256,9.3975,9.5344,3.0735,8558648
1995-03-16,9.58,9.6256,9.4431,9.4888,3.0588,4968866
1995-03-17,9.4888,9.4888,9.3519,9.3975,3.0294,7286153
1995-03-20,9.3519,9.3975,9.2151,9.2607,2.9853,6036676
1995-03-21,9.2151,9.3519,9.1694,9.2607,2.9853,7077907
1995-03-22,9.2151,9.2607,9.0782,9.1694,2.9559,16105931
1995-03-23,9.1238,9.1694,9.0326,9.1694,2.9559,12887704
1995-03-24,9.1238,9.3519,9.1238,9.3063,3.0,15500647
1995-03-27,9.3975,9.4888,9.3063,9.4888,3.0588,7288893
1995-03-28,9.4888,9.58,9.4888,9.4888,3.0588,5650324
1995-03-29,9.4888,9.8081,9.4431,9.7169,3.1324,9207225
1995-03-30,9.8993,10.1731,9.8537,10.1274,3.2647,15962624
1995-03-31,9.8537,10.0362,9.7625,9.8081,3.1618,8353963
1995-04-03,9.8081,9.945,9.8081,9.8993,3.1912,6134771
1995-04-04,9.8081,9.8081,9.3519,9.7169,3.1324,12066501
1995-04-05,9.6256,9.8081,9.58,9.6712,3.1177,7263959
1995-04-06,9.6712,9.945,9.58,9.8993,3.1912,6634014
1995-04-07,9.8993,9.8993,9.7169,9.8537,3.1765,4860358
1995-04-10,9.7625,9.8537,9.7169,9.8081,3.1618,3698015
1995-04-11,9.8537,9.8993,9.7169,9.7625,3.1471,5862132
1995-04-12,10.2187,10.3099,9.8537,10.0818,3.25,18587623
1995-04-13,10.0818,10.1274,9.8537,9.945,3.2059,8782512
1995-04-17,9.9906,10.0818,9.8537,9.8537,3.1765,8528781
1995-04-18,9.8993,9.945,9.8537,9.8993,3.1912,7699358
1995-04-19,9.8537,10.1274,9.7625,10.1274,3.2647,12270089
1995-04-20,10.1274,10.1731,9.945,9.9906,3.2206,9685644
1995-04-21,9.9906,9.9906,9.8081,9.8537,3.1765,11114049
1995-04-24,9.8537,10.0362,9.8081,9.945,3.2059,5985162
1995-04-25,9.945,10.0362,9.8993,10.0362,3.2353,8249292
1995-04-26,9.8993,9.945,9.8081,9.8537,3.2127,4152321
1995-04-27,9.8081,9.8537,9.7169,9.8081,3.1978,5043670
1995-04-28,9.8081,9.8993,9.7169,9.8993,3.2276,7309992
1995-05-01,9.8993,9.945,9.8081,9.8537,3.2127,5752529
1995-05-02,9.8081,9.8537,9.6712,9.7169,3.1681,6977072
1995-05-03,9.7169,9.8081,9.6256,9.6712,3.1532,11950322
1995-05-04,9.6256,9.6712,9.3975,9.4888,3.0937,15713551
1995-05-05,9.58,9.6712,9.4431,9.6712,3.1532,12521355
1995-05-08,9.58,9.8081,9.58,9.7625,3.1829,7887875
1995-05-09,9.8081,9.945,9.8081,9.8993,3.2276,8807721
1995-05-10,9.8993,10.4011,9.8537,10.3555,3.3763,23586082
1995-05-11,10.3555,10.538,10.0362,10.0362,3.2722,16906035
1995-05-12,10.2187,10.4468,10.1731,10.4011,3.3912,13442023
1995-05-15,10.4011,10.7205,10.4011,10.7205,3.4953,15924537
1995-05-16,10.7661,10.8573,10.538,10.7205,3.4953,12732615
1995-05-17,10.7661,10.8117,10.538,10.5836,3.4507,11381481
1995-05-18,10.5836,10.8573,10.3099,10.3099,3.3614,10572334
1995-05-19,10.2187,10.538,10.1731,10.4468,3.406,8717024
1995-05-22,10.4011,10.6292,10.3099,10.538,3.4358,9912522
1995-05-23,10.5836,10.8117,10.4924,10.7661,3.5102,12072255
1995-05-24,10.6749,10.7205,10.4011,10.538,3.4358,10024044
1995-05-25,10.538,10.538,10.2643,10.4924,3.4209,9352723
1995-05-26,10.4011,10.4468,10.2643,10.3555,3.3763,6348771
1995-05-30,10.3555,10.4011,10.3099,10.3555,3.3763,4139717
1995-05-31,10.4011,10.6749,10.3555,10.6749,3.4804,10988827
1995-06-01,10.6749,11.0854,10.4924,10.9486,3.5697,23187674
1995-06-02,10.9486,11.2223,10.8117,10.9486,3.5697,12881402
1995-06-05,10.9942,11.1767,10.8573,11.1311,3.6291,9629472
1995-06-06,11.1311,11.1311,10.9486,10.9486,3.5697,22109177
1995-06-07,11.0398,11.1767,10.903,10.9486,3.5697,8491516
1995-06-08,10.8573,10.9486,10.8117,10.9486,3.5697,3884067
1995-06-09,10.903,10.903,10.7205,10.8117,3.525,4698967
1995-06-12,10.7661,10.9942,10.7205,10.903,3.5548,5861310
1995-06-13,10.9942,11.0398,10.8573,10.8573,3.5399,4362211
1995-06-14,10.903,10.9942,10.8117,10.8573,3.5399,6258896
1995-06-15,10.8117,10.9486,10.7661,10.8117,3.525,7035436
1995-06-16,10.8573,10.903,10.4924,10.7661,3.5102,8782512
1995-06-19,10.8573,11.0398,10.8117,10.903,3.5548,8781964
1995-06-20,10.903,11.1767,10.8573,11.1311,3.6291,15825072
1995-06-21,11.1767,11.3591,11.1311,11.2679,3.6738,12108150
1995-06-22,11.2679,11.3591,11.0854,11.1767,3.644,8380268
1995-06-23,11.0854,11.1311,11.0398,11.1311,3.6291,5479069
1995-06-26,11.1767,11.2679,11.0854,11.0854,3.6143,5144505
1995-06-27,11.1311,11.2223,11.0398,11.0398,3.5994,6005165
1995-06-28,11.0854,11.1311,10.9486,11.0398,3.5994,6857878
1995-06-29,11.0398,11.0854,10.8117,10.903,3.5548,4096149
1995-06-30,10.9486,10.9942,10.8117,10.8573,3.5399,3826525
1995-07-03,10.903,11.0854,10.8573,11.0854,3.6143,2484159
1995-07-05,11.2223,11.2679,11.1311,11.2223,3.6589,5736089
1995-07-06,11.2223,11.7241,11.1311,11.6785,3.8076,14131701
1995-07-07,11.5872,11.9978,11.5416,11.8153,3.8523,13536555
1995-07-10,11.9066,11.9978,11.6785,11.9978,3.9117,9750857
1995-07-11,11.9522,11.9522,11.7241,11.7697,3.8374,10239688
1995-07-12,11.8153,11.9978,11.7697,11.9066,3.882,7204499
1995-07-13,11.9522,11.9522,11.6329,11.8153,3.8523,8995691
1995-07-14,11.6785,11.7241,11.496,11.6785,3.8076,10533151
1995-07-17,11.6785,11.7697,11.5872,11.6785,3.8076,4792130
1995-07-18,11.5872,11.6329,11.2223,11.3135,3.6886,9697974
1995-07-19,11.0398,11.1767,10.7661,10.9942,3.5845,15940704
1995-07-20,10.6749,10.7205,10.538,10.5836,3.4507,17938772
1995-07-21,10.5836,10.5836,10.4011,10.538,3.4358,18485144
1995-07-24,10.4924,10.5836,10.4011,10.4924,3.4209,11590001
1995-07-25,10.538,10.903,10.538,10.903,3.5548,13777135
1995-07-26,10.903,10.903,10.7205,10.7661,3.5102,8661127
1995-07-27,10.8573,10.903,10.7661,10.8573,3.5399,7103390
1995-07-28,10.7661,10.7661,10.6749,10.6749,3.4804,8794843
1995-07-31,10.5836,10.6749,10.4924,10.5836,3.4876,9075427
1995-08-01,10.538,10.538,10.4468,10.4468,3.4425,14937560
1995-08-02,10.5836,10.6292,10.4468,10.4924,3.4576,8014193
1995-08-03,10.4011,10.4924,10.4011,10.4011,3.4275,6394804
1995-08-04,10.5836,10.6292,10.4011,10.4924,3.4576,7308074
1995-08-07,10.4468,10.6749,10.4468,10.5836,3.4876,5907070
1995-08-08,10.5836,10.6749,10.538,10.5836,3.4876,5817469
1995-08-09,10.6292,10.6292,10.4011,10.4011,3.4275,8314232
1995-08-10,10.4011,10.4468,10.3099,10.3555,3.4125,4563607
1995-08-11,10.3555,10.4011,10.2187,10.2187,3.3674,6269583
1995-08-14,10.3555,10.538,10.3099,10.538,3.4726,7093800
1995-08-15,10.4924,10.5836,10.4468,10.4468,3.4425,5004487
1995-08-16,10.4468,10.5836,10.3555,10.4011,3.4275,9251066
1995-08-17,10.4011,10.4011,10.2643,10.3099,3.3974,5493043
1995-08-18,10.3555,10.4011,10.2643,10.3099,3.3974,6645796
1995-08-21,10.3555,10.4468,10.3099,10.3555,3.4125,6009001
1995-08-22,10.3555,10.4924,10.3099,10.3555,3.4125,5644570
1995-08-23,10.4011,10.538,10.4011,10.538,3.4726,6588528
1995-08-24,10.538,10.6749,10.4924,10.6292,3.5027,9678793
1995-08-25,10.6749,10.6749,10.4468,10.4924,3.4576,6354799
1995-08-28,10.6292,10.6292,10.538,10.6292,3.5027,6053664
1995-08-29,10.6292,11.0398,10.6292,11.0398,3.638,14653139
1995-08-30,11.1767,11.1767,11.0398,11.0854,3.653,6449332
1995-08-31,11.0854,11.3135,11.0854,11.2223,3.6981,8395339
1995-09-01,11.2223,11.5416,11.1767,11.4048,3.7582,12241866
1995-09-05,11.5416,11.8153,11.496,11.8153,3.8935,14652591
1995-09-06,11.8153,11.9066,11.5872,11.5872,3.8184,10815654
1995-09-07,11.5416,11.6329,11.3591,11.4048,3.7582,8496448
1995-09-08,11.4504,11.6785,11.4504,11.6785,3.8484,9472191
1995-09-11,11.6785,11.6785,11.5872,11.6785,3.8484,4510176
1995-09-12,11.3135,11.3591,11.1767,11.2679,3.7131,11584521
1995-09-13,11.2223,11.2223,10.9486,11.0398,3.638,15439269
1995-09-14,10.9942,11.2223,10.903,11.2223,3.6981,18676950
1995-09-15,11.3135,11.7241,11.3135,11.6785,3.8484,23061082
1995-09-18,11.5872,11.7241,11.496,11.5872,3.8184,8599201
1995-09-19,11.496,11.5872,11.3591,11.4504,3.7733,5777738
1995-09-20,11.4504,11.7697,11.4048,11.7697,3.8785,8244908
1995-09-21,11.7241,11.7241,11.3591,11.496,3.7883,8915406
1995-09-22,11.3135,11.3591,11.1767,11.3135,3.7282,6992690
1995-09-25,11.4048,11.4504,11.2679,11.4504,3.7733,3399620
1995-09-26,11.4504,11.4504,11.3135,11.3591,3.7432,4198354
1995-09-27,11.2679,11.4048,11.1311,11.4048,3.7582,7559888
1995-09-28,11.4504,11.7241,11.4048,11.5872,3.8184,9081181
1995-09-29,11.5416,11.6329,11.3591,11.3591,3.7432,6871579
1995-10-02,11.3591,11.496,11.2223,11.2223,3.6981,6425219
1995-10-03,11.2223,11.4048,10.9942,11.1311,3.668,8758400
1995-10-04,10.9486,10.9942,10.8117,10.8573,3.5778,7683191
1995-10-05,10.903,10.9942,10.8117,10.9942,3.6229,8862523
1995-10-06,10.9942,11.1311,10.9486,10.9486,3.6079,8282173
1995-10-09,10.903,10.9942,10.7661,10.8117,3.5628,7368630
1995-10-10,10.5836,10.8117,10.538,10.7661,3.5478,11308868
1995-10-11,10.8117,11.0398,10.8117,10.9486,3.6079,11141175
1995-10-12,11.0398,11.6785,11.0398,11.6329,3.8334,22634999
1995-10-13,11.7241,11.8153,11.5416,11.5872,3.8184,15568327
1995-10-16,11.5872,11.5872,11.2223,11.2679,3.7131,8578102
1995-10-17,11.4048,11.4048,11.0854,11.2223,3.6981,6011193
1995-10-18,11.1311,11.3591,10.9486,10.9942,3.6229,10114740
1995-10-19,10.7205,11.0398,10.7205,10.9942,3.6229,10573156
1995-10-20,10.9486,10.9942,10.8573,10.9486,3.6079,7272727
1995-10-23,10.8573,10.9486,10.7661,10.8117,3.5628,6686349
1995-10-24,10.8117,10.8573,10.6292,10.8117,3.5628,8439180
1995-10-25,10.7661,10.7661,10.6292,10.7205,3.5327,8797035
1995-10-26,10.6749,10.7205,10.4924,10.6292,3.5027,7953637
1995-10-27,10.5836,10.903,10.538,10.8573,3.5778,7927607
1995-10-30,10.8573,10.8573,10.7205,10.8117,3.6052,5531678
1995-10-31,10.8117,10.903,10.4924,10.4924,3.4987,20381007
1995-11-01,10.5836,10.5836,10.3099,10.4011,3.4683,11111308
1995-11-02,10.4011,10.538,10.3099,10.5152,3.5063,13381467
1995-11-03,10.4468,10.4924,10.2643,10.4468,3.4835,11732759
1995-11-06,10.4011,10.6749,10.2643,10.4924,3.4987,12372842
1995-11-07,10.4924,10.7205,10.4011,10.4924,3.4987,9915262
1995-11-08,10.3555,10.4468,10.2643,10.3555,3.4531,9837444
1995-11-09,10.4011,10.4011,10.1274,10.2643,3.4227,11544515
1995-11-10,10.1731,10.6292,10.1274,10.4011,3.4683,7324514
1995-11-13,10.3555,10.4924,10.2187,10.4011,3.4683,4969962
1995-11-14,10.4468,10.538,10.4011,10.4924,3.4987,4089573
1995-11-15,10.4468,10.6749,10.4468,10.6292,3.5444,5661010
1995-11-16,10.6749,10.7205,10.5836,10.6292,3.5444,5453586
1995-11-17,10.6292,10.6292,10.4011,10.4468,3.4835,8343277
1995-11-20,10.4924,10.5836,10.4011,10.5836,3.5291,5231365
1995-11-21,10.4468,10.6749,10.2643,10.6292,3.5444,11065001
1995-11-22,10.5836,10.8573,10.5836,10.6292,3.5444,13469971
1995-11-24,10.4924,10.6292,10.4924,10.5836,3.5291,4347415
1995-11-27,10.5836,10.6749,10.4924,10.538,3.5139,9088032
1995-11-28,10.538,10.5836,10.3555,10.4468,3.4835,6911584
1995-11-29,10.4924,10.6292,10.4468,10.538,3.5139,6342195
1995-11-30,10.538,10.538,10.3099,10.3099,3.4379,7810605
1995-12-01,10.4011,10.538,10.3099,10.538,3.5139,7325610
1995-12-04,10.5836,10.9486,10.4924,10.903,3.6356,15635185
1995-12-05,10.7661,10.903,10.4924,10.6749,3.5596,10948548
1995-12-06,10.6292,10.6749,10.4468,10.538,3.5139,9257369
1995-12-07,10.4468,10.538,10.4011,10.4468,3.4835,9269151
1995-12-08,10.4924,10.5836,10.3555,10.4468,3.4835,8009809
1995-12-11,10.4468,10.5836,10.4468,10.4924,3.4987,6078051
1995-12-12,10.4011,10.4924,10.3099,10.3555,3.4531,7696892
1995-12-13,10.3555,10.4924,10.3099,10.4468,3.4835,5774176
1995-12-14,10.4468,10.4924,10.3099,10.3555,3.4531,6742795
1995-12-15,10.3555,10.3555,10.2187,10.3099,3.4379,14134167
1995-12-18,10.2643,10.4468,10.1731,10.3099,3.4379,6877881
1995-12-19,10.2643,10.4924,10.2187,10.4468,3.4835,9425336
1995-12-20,10.4924,10.8117,10.4924,10.6292,3.5444,11117885
1995-12-21,10.7661,10.903,10.7205,10.7661,3.59,9639062
1995-12-22,10.8117,10.903,10.4468,10.8117,3.6052,4942287
1995-12-26,10.8117,10.903,10.7661,10.8117,3.6052,2334824
1995-12-27,10.7661,10.8117,10.4924,10.5836,3.5291,3193566
1995-12-28,10.538,10.5836,10.4468,10.538,3.5139,3373316
1995-12-29,10.538,10.6749,10.4468,10.538,3.5139,4774320
1996-01-02,10.538,10.7205,10.4924,10.7205,3.5748,5622923
1996-01-03,10.8117,11.1767,10.7661,10.903,3.6356,13722881
1996-01-04,10.9942,11.0398,10.6749,10.8117,3.6052,13385577
1996-01-05,10.6749,10.6749,10.4924,10.538,3.5139,12888526
1996-01-08,10.4468,10.8117,10.4011,10.538,3.5139,5628677
1996-01-09,10.4468,10.4924,10.1274,10.3099,3.4379,12416136
1996-01-10,10.1274,10.2187,9.9906,10.0362,3.3466,12523821
1996-01-11,10.1274,10.3555,10.0362,10.3099,3.4379,10274761
1996-01-12,10.3555,10.3555,10.0818,10.1274,3.377,7066673
1996-01-15,10.1274,10.1731,10.0362,10.1274,3.377,4818709
1996-01-16,10.1731,10.2187,10.0818,10.1274,3.377,7175728
1996-01-17,10.1274,10.2187,10.0818,10.1274,3.377,7197101
1996-01-18,10.1274,10.1731,9.945,9.9906,3.3314,8398353
1996-01-19,10.0818,10.2187,10.0818,10.1274,3.377,11463957
1996-01-22,10.1731,10.538,10.1274,10.538,3.5139,11256259
1996-01-23,10.4924,10.7205,10.3555,10.7205,3.5748,8979798
1996-01-24,10.6749,10.903,10.6292,10.8117,3.6052,11279823
1996-01-25,10.7205,10.7661,10.538,10.7205,3.5748,7433296
1996-01-26,10.6292,10.8117,10.5836,10.6749,3.5596,9334639
1996-01-29,10.4924,10.6292,10.4468,10.5836,3.5719,4390434
1996-01-30,10.7205,10.8573,10.6749,10.7661,3.6335,10656455
1996-01-31,10.903,10.9486,10.6292,10.7661,3.6335,15833293
1996-02-01,10.7661,11.1311,10.7661,11.1311,3.7566,14331179
1996-02-02,11.1767,11.2679,10.8573,10.903,3.6797,11981833
1996-02-05,10.7205,11.0398,10.6292,10.903,3.6797,14600529
1996-02-06,10.903,11.0398,10.7205,10.8573,3.6643,13255423
1996-02-07,10.8573,10.9942,10.8117,10.903,3.6797,9487262
1996-02-08,10.7661,10.8573,10.5836,10.7661,3.6335,11602605
1996-02-09,10.903,11.2679,10.8573,11.0398,3.7259,19752707
1996-02-12,11.1311,11.3135,11.0854,11.1311,3.7566,15401456
1996-02-13,10.9942,11.3135,10.9486,11.2679,3.8028,11451079
1996-02-14,11.2223,11.3591,10.9942,11.3135,3.8182,12962508
1996-02-15,11.2679,11.4504,10.9942,11.0398,3.7259,9166398
1996-02-16,11.1311,11.2679,10.9942,11.1767,3.772,13668079
1996-02-20,11.0398,11.0854,10.8573,10.9486,3.6951,8244634
1996-02-21,10.9486,11.1311,10.903,11.1311,3.7566,6294517
1996-02-22,11.2223,11.496,11.1767,11.3135,3.8182,11557668
1996-02-23,11.3591,11.4048,10.9942,11.0854,3.7412,8834574
1996-02-26,11.1311,11.4048,11.0398,11.1767,3.772,9021174
1996-02-27,11.2679,11.4048,11.1311,11.4048,3.849,12358868
1996-02-28,11.5416,11.6785,11.4504,11.496,3.8798,15666422
1996-02-29,11.3591,11.5416,11.2223,11.4048,3.849,9331077
1996-03-01,11.496,11.5416,11.4048,11.496,3.8798,7546461
1996-03-04,11.5872,11.7241,11.5416,11.6785,3.9414,9378206
1996-03-05,11.6785,11.861,11.5872,11.8153,3.9876,9389441
1996-03-06,11.861,11.9066,11.6329,11.7241,3.9568,9572752
1996-03-07,11.7241,11.9066,11.6785,11.8153,3.9876,8115302
1996-03-08,11.4504,11.7241,11.3135,11.4048,3.849,9350805
1996-03-11,11.4504,11.8153,11.4048,11.8153,3.9876,8751823
1996-03-12,11.8153,11.9978,11.6329,11.861,4.003,12461347
1996-03-13,11.9978,12.0434,11.861,11.9522,4.0338,7919934
1996-03-14,11.9978,12.0891,11.861,12.0434,4.0646,10499996
1996-03-15,11.9978,12.0434,11.8153,11.861,4.003,9657421
1996-03-18,11.9978,12.3628,11.9978,12.3628,4.1723,11580411
1996-03-19,12.4084,12.454,12.1803,12.2715,4.1415,9454381
1996-03-20,12.2715,12.454,12.0891,12.4084,4.1877,10139949
1996-03-21,12.3628,12.4084,12.2259,12.3628,4.1723,5370836
1996-03-22,12.3171,12.3628,12.1347,12.2715,4.1415,4720066
1996-03-25,12.3628,12.5909,12.3171,12.4084,4.1877,12893184
1996-03-26,12.2259,12.3628,12.2259,12.2715,4.1415,6098328
1996-03-27,12.2715,12.4084,12.1803,12.2715,4.1415,7113528
1996-03-28,12.3628,12.7277,12.3628,12.4996,4.2185,11027462
1996-03-29,12.5909,12.6365,12.2259,12.5452,4.2339,12436686
1996-04-01,12.5909,12.819,12.5452,12.7733,4.3109,10696734
1996-04-02,12.7733,13.0471,12.4996,12.9102,4.3571,16379939
1996-04-03,12.8646,12.9102,12.7733,12.7733,4.3109,8340537
1996-04-04,12.819,13.0014,12.6821,12.8646,4.3417,7748405
1996-04-08,12.4084,12.9102,12.4084,12.8646,4.3417,13056493
1996-04-09,12.9102,13.0471,12.8646,12.8646,4.3417,10808803
1996-04-10,12.819,12.9102,12.5909,12.5909,4.2493,9537405
1996-04-11,12.5909,12.7277,12.0891,12.3171,4.1569,12767688
1996-04-12,12.4084,12.5452,12.3171,12.4996,4.2185,6412067
1996-04-15,12.5909,12.7277,12.454,12.6821,4.2801,5234106
1996-04-16,12.819,12.9558,12.7277,12.9102,4.3571,7842664
1996-04-17,13.3208,13.5489,13.0471,13.3664,4.511,34693280
1996-04-18,13.1839,13.5489,13.0014,13.0927,4.4187,20977523
1996-04-19,13.0471,13.0927,12.9102,13.0014,4.3879,9080907
1996-04-22,13.2295,13.2295,13.0014,13.0927,4.4187,5823223
1996-04-23,13.1383,13.2295,13.0927,13.1839,4.4495,4374542
1996-04-24,13.3208,13.3208,13.0471,13.0471,4.4033,4640056
1996-04-25,13.0014,13.0014,12.6821,12.8646,4.3417,12062939
1996-04-26,12.7733,12.9558,12.7277,12.8646,4.3417,7100650
1996-04-29,12.819,13.1839,12.819,13.0927,4.4187,14007850
1996-04-30,12.9558,13.0927,12.9102,13.0927,4.4622,7507004
1996-05-01,13.1839,13.412,13.0927,13.412,4.571,14238565
1996-05-02,13.3208,13.4576,12.9558,13.0014,4.4311,14084024
1996-05-03,13.1839,13.3664,13.0471,13.0471,4.4467,15424472
1996-05-06,13.1839,13.1839,12.9102,12.9558,4.4156,5638542
1996-05-07,13.0471,13.1383,12.9558,13.1383,4.4778,9745377
1996-05-08,13.0927,13.0927,12.7733,13.0471,4.4467,8728259
1996-05-09,13.0014,13.0927,12.9558,13.0927,4.4622,5651968
1996-05-10,13.2295,13.2295,12.819,12.9102,4.4,4792678
1996-05-13,12.8646,13.0927,12.7733,13.0471,4.4467,6870483
1996-05-14,13.1383,13.3664,13.0471,13.2751,4.5244,9991985
1996-05-15,13.1839,13.4576,13.1383,13.2295,4.5088,15991121
1996-05-16,13.3208,13.5489,13.2751,13.412,4.571,12092258
1996-05-17,13.4576,13.5945,13.3664,13.5945,4.6332,13464217
1996-05-20,13.5489,13.5489,13.412,13.5032,4.6021,5528938
1996-05-21,13.5489,13.5489,13.3664,13.3664,4.5555,4754317
1996-05-22,13.412,13.5032,13.2751,13.4576,4.5866,8455895
1996-05-23,13.4576,13.5032,13.3664,13.5032,4.6021,6510162
1996-05-24,13.5032,13.5489,13.0471,13.1839,4.4933,8924449
1996-05-28,13.2751,13.5489,13.1839,13.412,4.571,6678677
1996-05-29,13.3664,13.412,13.2295,13.3208,4.5399,4761167
1996-05-30,13.3208,13.4576,13.2295,13.3208,4.5399,4778430
1996-05-31,13.3208,13.3664,13.1383,13.3208,4.5399,4966125
1996-06-03,13.2751,13.3208,13.1383,13.2751,4.5244,5791438
1996-06-04,13.3664,13.412,13.3208,13.3664,4.5555,4096423
1996-06-05,13.3664,13.3664,13.1383,13.2295,4.5088,6123536
1996-06-06,13.2751,13.2751,12.7733,12.8646,4.3845,7257656
1996-06-07,12.4996,12.7733,12.4996,12.7733,4.3534,8791829
1996-06-10,12.6821,12.819,12.5909,12.819,4.3689,4948041
1996-06-11,12.819,12.9558,12.7277,12.7277,4.3378,5813085
1996-06-12,12.7733,12.8646,12.6365,12.7733,4.3534,5910906
1996-06-13,12.7733,12.819,12.5909,12.6365,4.3067,3284537
1996-06-14,12.6821,12.7277,12.4084,12.5452,4.2756,6045170
1996-06-17,12.4084,13.1383,12.3628,12.5452,4.2756,4381940
1996-06-18,12.454,12.5452,12.4084,12.5452,4.2756,4409889
1996-06-19,12.4996,12.819,12.4996,12.7277,4.3378,6727450
1996-06-20,12.7277,12.7277,12.4084,12.6365,4.3067,6544139
1996-06-21,12.4084,12.5452,12.2715,12.4084,4.229,11552736
1996-06-24,12.4996,12.4996,12.1803,12.1803,4.1513,7533309
1996-06-25,12.2259,12.3171,11.5872,11.9522,4.0735,13682602
1996-06-26,11.861,11.9978,11.5872,11.5872,3.9491,11454093
1996-06-27,11.5416,11.861,11.496,11.8153,4.0269,9681259
1996-06-28,11.9066,11.9522,11.7697,11.8153,4.0269,5150259
1996-07-01,11.9066,12.0891,11.9066,12.0434,4.1046,5552777
1996-07-02,12.0891,12.2259,11.9978,12.2259,4.1668,4391804
1996-07-03,12.1347,12.1347,11.3591,11.6329,3.9647,8372048
1996-07-05,11.3591,11.4504,11.1767,11.4504,3.9025,9069399
1996-07-08,11.4048,11.4504,11.1767,11.2679,3.8403,7888149
1996-07-09,11.2679,11.3591,11.1311,11.2223,3.8247,9029668
1996-07-10,11.496,11.5416,11.2679,11.496,3.918,10892924
1996-07-11,11.496,11.496,11.0398,11.3591,3.8714,9196539
1996-07-12,11.3135,11.3591,11.0854,11.2223,3.8247,6746905
1996-07-15,11.0854,11.4048,11.0854,11.3591,3.8714,12128975
1996-07-16,11.3591,11.5416,10.903,11.1311,3.7937,14239661
1996-07-17,11.496,11.861,11.3591,11.7697,4.0113,11764270
1996-07-18,11.7697,11.8153,11.5872,11.7241,3.9958,7604003
1996-07-19,11.7241,11.9066,11.6785,11.7697,4.0113,8064885
1996-07-22,11.6329,11.7697,11.5872,11.6785,3.9802,5511676
1996-07-23,11.7241,11.861,11.5416,11.6785,3.9802,7109966
1996-07-24,11.4504,11.6329,11.3591,11.6329,3.9647,7916372
1996-07-25,11.7241,11.7697,11.6329,11.7241,3.9958,7544543
1996-07-26,11.8153,11.8153,11.6785,11.7241,3.9958,4804735
1996-07-29,11.6785,11.7241,11.4504,11.496,3.918,5901590
1996-07-30,11.6329,11.861,11.5416,11.8153,4.0269,9007473
1996-07-31,11.6329,11.9522,11.6329,11.8153,4.0753,6493995
1996-08-01,11.9066,12.3171,11.8153,12.3171,4.2484,9127489
1996-08-02,12.3171,12.454,12.2715,12.3628,4.2642,5070797
1996-08-05,12.4084,12.4996,12.1803,12.2715,4.2327,3226173
1996-08-06,12.1803,12.2715,12.0891,12.2259,4.2169,3150547
1996-08-07,12.2715,12.3171,12.0434,12.1803,4.2012,4686637
1996-08-08,12.1803,12.2715,12.1347,12.2715,4.2327,3604030
1996-08-09,12.2715,12.4084,12.2259,12.3171,4.2484,3216857
1996-08-12,12.2715,12.4996,12.2259,12.4996,4.3114,3038477
1996-08-13,12.4084,12.454,11.9522,12.0434,4.154,6322740
1996-08-14,12.1347,12.2031,11.9978,12.1803,4.2012,3428391
1996-08-15,12.1803,12.3171,12.1347,12.1803,4.2012,5883231
1996-08-16,12.2259,12.2715,12.1347,12.1347,4.1855,4634849
1996-08-19,12.1347,12.1803,12.0434,12.1347,4.1855,2430727
1996-08-20,12.1347,12.3171,12.0891,12.2715,4.2327,4683897
1996-08-21,12.1803,12.2715,12.1347,12.2259,4.2169,3333858
1996-08-22,12.2259,12.4996,12.1803,12.4084,4.2799,4549359
1996-08-23,12.3628,12.4996,12.3171,12.3171,4.2484,4206301
1996-08-26,12.3171,12.4084,12.1803,12.3628,4.2642,3486207
1996-08-27,12.454,12.454,12.3628,12.4084,4.2799,4386598
1996-08-28,12.4084,12.454,12.2715,12.3171,4.2484,3671162
1996-08-29,12.2715,12.3171,12.1347,12.1803,4.2012,3897767
1996-08-30,12.1803,12.2259,12.0434,12.2259,4.2169,3184250
1996-09-03,12.0434,12.2715,11.9978,12.1347,4.1855,4839534
1996-09-04,12.1803,12.1803,11.9522,12.0891,4.1697,4087107
1996-09-05,11.9978,11.9978,11.8153,11.9066,4.1068,4243018
1996-09-06,11.7697,11.8153,11.6329,11.6329,4.0124,9376014
1996-09-09,11.6785,11.7697,11.5416,11.6329,4.0124,5835554
1996-09-10,11.0398,11.5872,10.9486,11.5416,3.9809,20710913
1996-09-11,11.4048,11.496,11.2223,11.4504,3.9495,11938539
1996-09-12,11.4048,11.6329,11.4048,11.5872,3.9967,4549633
1996-09-13,11.5872,11.7697,11.496,11.6785,4.0281,6712380
1996-09-16,11.7241,11.7697,11.6329,11.6785,4.0281,8197231
1996-09-17,11.8153,11.9066,11.6329,11.8153,4.0753,8859783
1996-09-18,11.7697,11.8153,11.6785,11.7241,4.0439,6983648
1996-09-19,11.7697,11.7697,11.496,11.6329,4.0124,5017913
1996-09-20,11.6785,11.7241,11.5872,11.6785,4.0281,9468629
1996-09-23,11.6329,11.6785,11.496,11.496,3.9652,4437838
1996-09-24,11.496,11.5872,11.3135,11.3591,3.918,10319425
1996-09-25,11.3591,11.4048,11.1767,11.3135,3.9022,8951301
1996-09-26,11.3135,11.3591,11.1767,11.2223,3.8708,12287078
1996-09-27,11.2679,11.2679,11.1311,11.1767,3.855,6818969
1996-09-30,11.2679,11.496,11.2223,11.4048,3.9337,8019399
1996-10-01,11.4048,11.5416,11.3591,11.5416,3.9809,7688397
1996-10-02,11.6329,11.7697,11.5416,11.5872,3.9967,12142949
1996-10-03,11.6329,11.6329,11.3135,11.4048,3.9337,6603599
1996-10-04,11.4048,11.5872,11.4048,11.5416,3.9809,6959809
1996-10-07,11.6329,11.7241,11.5872,11.6329,4.0124,5641008
1996-10-08,11.6785,11.8153,11.6329,11.6329,4.0124,8135853
1996-10-09,11.6785,11.7697,11.5872,11.5872,3.9967,4576760
1996-10-10,11.5872,11.6785,11.5416,11.5872,3.9967,3690343
1996-10-11,11.6785,11.8153,11.6329,11.6785,4.0281,4064638
1996-10-14,11.7697,12.0434,11.7697,11.9978,4.1383,6723888
1996-10-15,12.1347,12.2259,11.9066,12.1347,4.1855,7082839
1996-10-16,12.0891,12.0891,11.6785,11.8153,4.0753,7856364
1996-10-17,11.8153,11.9066,11.6329,11.6329,4.0124,8546591
1996-10-18,11.6785,11.6785,11.5416,11.5872,3.9967,7516868
1996-10-21,11.5416,11.6329,11.496,11.5416,3.9809,8839506
1996-10-22,11.5416,11.7241,11.496,11.496,3.9652,6173132
1996-10-23,11.4504,11.5872,11.4048,11.4504,3.9495,5562367
1996-10-24,11.5416,11.5872,11.3135,11.4504,3.9495,10255033
1996-10-25,11.496,11.5416,11.4048,11.4048,3.9337,5185606
1996-10-28,11.496,11.5416,11.3591,11.3591,3.918,4852686
1996-10-29,11.4504,11.496,11.3135,11.4048,3.9337,9548091
1996-10-30,11.3135,11.4048,11.2223,11.2679,3.935,6315890
1996-10-31,11.3135,11.4504,11.2223,11.4048,3.9828,6153677
1996-11-01,11.4048,11.4048,11.0854,11.1311,3.8872,11100622
1996-11-04,11.1311,11.496,11.0854,11.496,4.0146,8135579
1996-11-05,11.6329,11.7241,11.4504,11.5416,4.0306,10225714
1996-11-06,11.5416,11.5872,11.3135,11.5416,4.0306,7000363
1996-11-07,11.5416,11.6785,11.3135,11.3135,3.9509,7312732
1996-11-08,11.3591,11.5416,11.1311,11.5416,4.0306,6019413
1996-11-11,11.496,11.6785,11.496,11.5416,4.0306,5309458
1996-11-12,11.5416,11.5872,11.4048,11.4504,3.9987,6549071
1996-11-13,11.4504,11.496,11.3135,11.496,4.0146,8323001
1996-11-14,11.4504,11.5872,11.4048,11.496,4.0146,5898028
1996-11-15,11.5872,11.5872,11.3135,11.4504,3.9987,9727841
1996-11-18,11.5872,11.6785,11.4504,11.6329,4.0624,5142039
1996-11-19,11.7241,11.8153,11.496,11.6329,4.0624,6038046
1996-11-20,11.5872,11.9522,11.5416,11.861,4.1421,9771956
1996-11-21,11.861,11.861,11.6329,11.6785,4.0784,8985826
1996-11-22,11.7241,11.861,11.6329,11.7241,4.0943,7244504
1996-11-25,11.7241,11.9066,11.6785,11.861,4.1421,6546331
1996-11-26,11.9066,11.9978,11.8153,11.8153,4.1262,8015289
1996-11-27,11.861,11.9066,11.7697,11.861,4.1421,4540591
1996-11-29,11.9066,12.2715,11.9066,11.9522,4.174,1823799
1996-12-02,11.9522,12.0434,11.861,11.9522,4.174,5341517
1996-12-03,11.9978,12.3628,11.9522,12.1803,4.2536,8416711
1996-12-04,12.0434,12.1347,11.9522,12.0434,4.2058,7403703
1996-12-05,11.9978,12.2259,11.9978,12.0434,4.2058,6058596
1996-12-06,11.8153,11.9066,11.7241,11.8153,4.1262,7059548
1996-12-09,11.9978,12.1803,11.861,12.1803,4.2536,5183688
1996-12-10,12.2259,12.2259,11.9522,11.9522,4.174,6021331
1996-12-11,11.7697,12.0891,11.7241,12.0891,4.2218,6316712
1996-12-12,12.0891,12.0891,11.7241,11.7241,4.0943,5286441
1996-12-13,11.7241,11.7697,11.6329,11.6785,4.0784,6560853
1996-12-16,11.7241,11.7241,11.3591,11.4048,3.9828,6202999
1996-12-17,11.3135,11.6785,11.3135,11.6329,4.0624,7645652
1996-12-18,11.8153,11.8153,11.6329,11.6785,4.0784,6808557
1996-12-19,11.6785,11.6785,11.4504,11.5416,4.0306,7317116
1996-12-20,11.9066,11.9066,11.5872,11.6329,4.0624,13452435
1996-12-23,11.5416,11.6329,11.5416,11.5416,4.0306,3668422
1996-12-24,11.6329,11.7697,11.6329,11.7241,4.0943,3595262
1996-12-26,11.7241,11.7925,11.7241,11.7697,4.1102,3862420
1996-12-27,11.7697,11.7697,11.6785,11.7241,4.0943,4198080
1996-12-30,11.7241,11.861,11.6785,11.7697,4.1102,5196840
1996-12-31,11.7241,11.7697,11.5872,11.7697,4.1102,4358375
1997-01-02,11.6329,11.6785,11.4504,11.6329,4.0624,6213411
1997-01-03,11.7697,11.9066,11.7241,11.861,4.1421,9481781
1997-01-06,11.861,12.1803,11.861,12.0891,4.2218,14602996
1997-01-07,12.2259,12.2715,12.1347,12.2259,4.2695,16398298
1997-01-08,12.3171,12.5452,12.2715,12.4996,4.3651,15979065
1997-01-09,12.5452,12.5909,12.2715,12.3171,4.3014,7545365
1997-01-10,12.0434,12.2259,11.9978,12.2259,4.2695,9682629
1997-01-13,12.3171,12.3171,12.0434,12.1347,4.2377,6231496
1997-01-14,12.2715,12.4084,12.2259,12.3171,4.3014,6994609
1997-01-15,12.3171,12.3171,12.0434,12.0891,4.2218,7048314
1997-01-16,12.1347,12.1347,11.9522,11.9978,4.1899,5068879
1997-01-17,12.0434,12.1347,11.9522,12.0434,4.2058,7373836
1997-01-20,12.0891,12.2259,12.0434,12.0891,4.2218,6677855
1997-01-21,12.0434,12.4084,11.9522,12.2715,4.2855,8005425
1997-01-22,12.3628,12.4996,12.3628,12.4996,4.3651,8581664
1997-01-23,12.5452,12.7733,12.2715,12.3171,4.3014,12344346
1997-01-24,12.454,12.5909,12.2259,12.2715,4.2855,6692377
1997-01-27,12.2715,12.3171,12.0434,12.0891,4.2218,10563018
1997-01-28,12.1803,12.1803,11.7697,11.861,4.1908,6105726
1997-01-29,11.861,11.9978,11.6785,11.8153,4.1747,10244346
1997-01-30,11.861,11.861,11.6785,11.8153,4.1747,8823066
1997-01-31,11.861,11.9978,11.7241,11.7241,4.1424,8331221
1997-02-03,11.8153,11.9066,11.7241,11.7697,4.1586,8187092
1997-02-04,11.8153,11.861,11.7241,11.8153,4.1747,8538645
1997-02-05,11.861,12.0891,11.7697,11.7697,4.1586,11565888
1997-02-06,11.9522,11.9522,11.6785,11.7241,4.1424,8334509
1997-02-07,11.8153,11.861,11.5872,11.7697,4.1586,8086531
1997-02-10,11.7697,11.8153,11.6329,11.6785,4.1263,6224919
1997-02-11,11.6785,11.7697,11.6785,11.7697,4.1586,4890499
1997-02-12,11.7697,11.9522,11.7241,11.9522,4.223,6951863
1997-02-13,11.9522,11.9978,11.861,11.9522,4.223,7509196
1997-02-14,11.9978,12.1347,11.9066,11.9522,4.223,7751967
1997-02-18,12.0434,12.1347,11.9522,12.1347,4.2875,4742261
1997-02-19,12.1347,12.1347,11.861,11.9522,4.223,7521252
1997-02-20,11.9066,12.0434,11.861,12.0434,4.2553,6276981
1997-02-21,12.0434,12.1803,12.0434,12.0891,4.2714,7910344
1997-02-24,12.0891,12.2715,12.0891,12.1803,4.3036,8695378
1997-02-25,12.1803,12.2715,11.8153,12.2259,4.3198,5488933
1997-02-26,12.3171,12.3628,11.9978,12.1803,4.3036,7352189
1997-02-27,12.1347,12.1803,11.9066,11.9978,4.2392,5401799
1997-02-28,11.9978,12.1803,11.861,11.9978,4.2392,7920756
1997-03-03,12.0434,12.2259,11.9978,12.0891,4.2714,5953377
1997-03-04,12.1347,12.1347,11.5872,11.6785,4.1263,10066241
1997-03-05,11.7241,11.8153,11.6329,11.6785,4.1263,8364102
1997-03-06,11.7241,11.7697,11.5872,11.6329,4.1102,5081209
1997-03-07,11.6785,11.861,11.6557,11.7697,4.1586,6591816
1997-03-10,11.8153,11.9066,11.7697,11.9066,4.2069,3591152
1997-03-11,11.861,11.9066,11.7697,11.7697,4.1586,4749111
1997-03-12,11.7241,11.9066,11.7241,11.9066,4.2069,4382762
1997-03-13,11.7697,11.861,11.5872,11.5872,4.0941,5175468
1997-03-14,11.6785,11.7241,11.5872,11.7241,4.1424,3893383
1997-03-17,11.5872,11.7697,11.496,11.7697,4.1586,5268083
1997-03-18,11.8153,11.861,11.6329,11.6785,4.1263,6178064
1997-03-19,11.6329,11.7241,11.5416,11.5872,4.0941,4218631
1997-03-20,11.5872,11.5872,11.496,11.496,4.0619,4030935
1997-03-21,11.5872,11.6785,11.5416,11.5872,4.0941,5382892
1997-03-24,11.6329,11.6785,11.5416,11.5872,4.0941,5302060
1997-03-25,11.6785,11.8153,11.5872,11.6329,4.1102,5240134
1997-03-26,11.5416,11.5872,11.3135,11.3591,4.0135,6780608
1997-03-27,11.3591,11.4504,11.2223,11.2679,3.9813,7619895
1997-03-31,11.4048,11.6329,11.3591,11.4504,4.0457,8823066
1997-04-01,11.4504,11.496,11.3591,11.496,4.0619,7439324
1997-04-02,11.4048,11.4504,11.2223,11.3135,3.9974,6668539
1997-04-03,11.2679,11.3135,11.2223,11.2223,3.9651,4183010
1997-04-04,11.1311,11.2679,10.9486,11.2679,3.9813,9694686
1997-04-07,11.3591,11.5416,11.2223,11.5416,4.078,10427384
1997-04-08,11.6329,11.7241,11.6329,11.6785,4.1263,7594961
1997-04-09,11.7241,12.0434,11.7241,11.9978,4.2392,10985813
1997-04-10,12.0434,12.2259,11.9066,11.9066,4.2069,8076119
1997-04-11,11.7697,11.861,11.6329,11.7697,4.1586,7527555
1997-04-14,11.8153,11.9522,11.7697,11.861,4.1908,5748693
1997-04-15,11.9978,12.1803,11.9978,12.1347,4.2875,9791959
1997-04-16,12.3628,12.7277,12.3171,12.7277,4.4971,20756399
1997-04-17,12.6821,12.7277,12.4084,12.6821,4.4809,9931155
1997-04-18,12.4996,12.5452,12.3628,12.4996,4.4165,8760044
1997-04-21,12.5452,12.7733,12.5452,12.6365,4.4648,6507422
1997-04-22,12.6365,12.7277,12.4996,12.7277,4.4971,6469609
1997-04-23,12.7277,12.7277,12.6365,12.7277,4.4971,5619087
1997-04-24,12.7277,12.7733,12.5452,12.5452,4.4326,4951877
1997-04-25,12.5452,12.5452,12.454,12.4996,4.4165,4627999
1997-04-28,12.454,12.6365,12.454,12.5909,4.4487,3942979
1997-04-29,12.6821,12.9102,12.6365,12.9102,4.5615,11274343
1997-04-30,12.7277,12.7733,12.5909,12.6821,4.5348,10404915
1997-05-01,12.6821,12.7277,12.4996,12.5452,4.4858,6675663
1997-05-02,12.5909,12.6821,12.4084,12.6821,4.5348,4879813
1997-05-05,12.6821,12.9558,12.5909,12.9102,4.6163,7795535
1997-05-06,12.9102,13.1839,12.7277,13.0927,4.6816,16982483
1997-05-07,13.0471,13.1383,12.819,12.819,4.5837,6406861
1997-05-08,12.8646,13.1839,12.7733,13.0014,4.649,8781964
1997-05-09,13.1383,13.3664,12.8646,13.3664,4.7795,12651509
1997-05-12,13.3892,13.6401,13.3892,13.5032,4.8284,15560928
1997-05-13,13.412,13.4576,13.0014,13.0471,4.6653,9452188
1997-05-14,13.1839,13.3664,13.0927,13.1839,4.7142,7597153
1997-05-15,13.1383,13.412,13.1383,13.412,4.7958,6784992
1997-05-16,13.412,13.5489,13.3208,13.3664,4.7795,12920585
1997-05-19,13.3208,13.3208,13.1839,13.2751,4.7468,2756797
1997-05-20,13.3664,13.7313,13.3664,13.6857,4.8936,15068810
1997-05-21,13.7313,13.7313,13.3664,13.5945,4.861,12314479
1997-05-22,13.4576,13.5489,13.3208,13.5489,4.8447,5468931
1997-05-23,13.6401,13.7313,13.5489,13.6401,4.8773,6285201
1997-05-27,13.5032,13.8226,13.5032,13.7313,4.91,5728964
1997-05-28,13.7313,13.8226,13.5032,13.6401,4.8773,6136141
1997-05-29,13.6857,13.6857,13.5032,13.5489,4.8447,3310020
1997-05-30,13.3208,13.6857,13.3208,13.6857,4.8936,5178482
1997-06-02,13.7313,13.777,13.5032,13.5489,4.8447,4075325
1997-06-03,13.6401,13.9594,13.5945,13.8682,4.9589,9491646
1997-06-04,13.9138,13.9138,13.6857,13.7313,4.91,5581274
1997-06-05,13.8682,14.0051,13.8226,13.9594,4.9915,6429330
1997-06-06,13.9594,14.0507,13.8682,13.9138,4.9752,5385358
1997-06-09,13.8682,13.9594,13.8226,13.9594,4.9915,3264534
1997-06-10,13.777,13.9138,13.6401,13.8682,4.9589,5851720
1997-06-11,13.8682,14.1875,13.8226,14.1875,5.0731,6923092
1997-06-12,14.2331,14.2788,14.0963,14.0963,5.0405,6711010
1997-06-13,14.0963,14.3016,14.0051,14.0051,5.0078,9646734
1997-06-16,14.0507,14.0963,14.0051,14.0963,5.0405,5901590
1997-06-17,14.0963,14.0963,13.8682,13.8682,4.9589,5753899
1997-06-18,13.7313,14.1419,13.7313,14.1419,5.0568,6324110
1997-06-19,14.2331,14.2788,13.8682,13.9594,4.9915,10136935
1997-06-20,14.0507,14.1419,14.0051,14.1419,5.0568,13956336
1997-06-23,14.0051,14.0963,13.777,13.9138,4.9752,5636350
1997-06-24,14.0051,14.2331,13.8682,14.1875,5.0731,5805961
1997-06-25,14.2331,14.3472,14.0051,14.1191,5.0486,7851432
1997-06-26,13.9822,14.2331,13.9594,14.0051,5.0078,5491673
1997-06-27,14.3244,14.4156,14.1419,14.2331,5.0894,8057487
1997-06-30,14.2331,14.4156,13.777,13.8682,4.9589,8144895
1997-07-01,13.9594,14.0963,13.9366,14.0279,5.016,6710736
1997-07-02,14.1875,14.5525,14.0963,14.5525,5.2036,5921866
1997-07-03,14.5981,14.5981,14.5069,14.5981,5.2199,6201355
1997-07-07,14.5981,14.6437,14.4156,14.4156,5.1546,5991190
1997-07-08,14.4384,14.7806,14.4384,14.735,5.2688,7307526
1997-07-09,14.7578,14.8262,14.3928,14.5297,5.1954,7475767
1997-07-10,14.5297,15.0087,14.4612,15.0087,5.3667,8393421
1997-07-11,14.8718,15.0771,14.7121,14.735,5.2688,7200115
1997-07-14,15.0315,15.0543,14.8718,15.0087,5.3667,7869243
1997-07-15,15.0543,15.3964,14.9174,15.3736,5.4972,10185435
1997-07-16,15.2596,15.2824,14.735,14.8262,5.3015,16220192
1997-07-17,14.8262,15.0543,14.8034,14.849,5.3096,10419438
1997-07-18,14.849,14.8718,14.5297,14.5753,5.2117,7662915
1997-07-21,14.5525,14.735,14.4156,14.5069,5.1873,8656743
1997-07-22,14.5981,15.0087,14.4612,14.9402,5.3422,10661387
1997-07-23,14.7806,14.9859,14.6893,14.9631,5.3504,7189428
1997-07-24,14.8718,15.328,14.8718,15.0543,5.383,4648002
1997-07-25,15.0543,15.1455,14.6893,14.8034,5.2933,5755543
1997-07-28,14.8946,15.214,14.8718,15.1227,5.4075,6143813
1997-07-29,15.1455,15.1455,15.0087,15.0999,5.3993,7383700
1997-07-30,14.9631,15.0771,14.9174,15.0543,5.4382,6121070
1997-07-31,15.0543,15.1455,14.8946,14.9174,5.3888,4518122
1997-08-01,14.8718,14.8946,14.6893,14.8262,5.3558,5070523
1997-08-04,14.9631,15.1227,14.8718,15.0543,5.4382,5132448
1997-08-05,15.0543,15.1683,14.8718,14.9174,5.3888,5885423
1997-08-06,14.8946,15.0771,14.8946,15.0315,5.43,7302594
1997-08-07,15.1227,15.5333,15.0999,15.4421,5.5783,11293524
1997-08-08,15.1683,15.3508,14.8946,14.9631,5.4053,8489050
1997-08-11,15.2368,15.3052,14.9174,14.9631,5.4053,7029408
1997-08-12,15.0543,15.1227,14.735,14.7578,5.3311,4429617
1997-08-13,14.9631,15.0315,14.6893,14.8718,5.3723,5468657
1997-08-14,14.9402,14.9859,14.6665,14.7806,5.3393,3481001
1997-08-15,14.6665,14.7578,14.5297,14.5525,5.2569,5239312
1997-08-18,14.5753,14.849,14.37,14.8262,5.3558,5347271
1997-08-19,14.849,14.9402,14.5981,14.849,5.3641,6189572
1997-08-20,14.7806,15.3508,14.735,15.3052,5.5289,11039244
1997-08-21,15.5105,15.7158,15.328,15.5561,5.6195,13715483
1997-08-22,15.4192,15.6701,15.3964,15.6701,5.6607,9597139
1997-08-25,15.693,16.1491,15.6701,16.1035,5.8172,8261075
1997-08-26,16.1035,16.5141,16.0579,16.2404,5.8667,13164726
1997-08-27,16.286,16.3088,15.7842,15.9667,5.7678,5705126
1997-08-28,15.9667,16.2176,15.8298,15.8754,5.7348,5508662
1997-08-29,15.8298,16.0579,15.693,15.693,5.6689,5019831
1997-09-02,15.7614,16.0579,15.7386,15.9667,5.7678,7023653
1997-09-03,16.0351,16.2176,15.8982,15.9211,5.7513,8060775
1997-09-04,16.3544,16.7422,16.3316,16.4913,5.9573,12029510
1997-09-05,16.4913,16.651,16.3316,16.3772,5.9161,7426720
1997-09-08,16.286,16.4457,16.2176,16.2404,5.8667,4345771
1997-09-09,16.2404,16.6966,15.9895,16.5825,5.9903,9456573
1997-09-10,16.3772,16.6966,16.3772,16.5597,5.982,8401093
1997-09-11,16.5597,16.6281,16.1035,16.2632,5.8749,9200101
1997-09-12,16.286,16.4229,15.8298,16.1491,5.8337,7838006
1997-09-15,16.0579,16.1035,15.9895,16.0351,5.7925,5712524
1997-09-16,16.0579,16.2632,16.0579,16.2632,5.8749,7109692
1997-09-17,16.5825,16.765,16.3772,16.4229,5.9326,8188736
1997-09-18,16.4685,16.8334,16.4229,16.4913,5.9573,8653454
1997-09-19,16.5141,16.651,16.4229,16.4913,5.9573,9090224
1997-09-22,16.4913,16.7422,16.3772,16.4229,5.9326,6264377
1997-09-23,16.3772,16.3772,15.9895,16.0579,5.8008,6599763
1997-09-24,16.0579,16.1263,15.8526,15.8754,5.7348,7591947
1997-09-25,15.9439,16.0579,15.8526,16.0579,5.8008,5097649
1997-09-26,16.0807,16.286,15.9667,16.0351,5.7925,4842822
1997-09-29,15.8982,16.5141,15.8982,16.4457,5.9408,5256300
1997-09-30,16.4229,16.7422,16.3544,16.4685,5.9491,5613333
1997-10-01,16.4229,16.6966,16.4229,16.651,6.015,6207931
1997-10-02,16.8791,17.1528,16.8334,17.0843,6.1716,8017755
1997-10-03,17.3581,17.5177,16.7422,16.9703,6.1304,9556312
1997-10-06,17.1984,17.4265,17.1528,17.3352,6.2622,7165590
1997-10-07,17.4265,17.5633,17.3809,17.4721,6.3116,6167926
1997-10-08,17.7002,17.7686,17.3809,17.609,6.3611,9841828
1997-10-09,18.1564,18.2932,17.8142,18.0651,6.5259,14859741
1997-10-10,17.9739,18.0195,17.8142,17.9739,6.4929,6555647
1997-10-13,18.088,18.3389,18.088,18.202,6.5753,6560031
1997-10-14,18.2248,18.2476,17.9283,18.088,6.5341,8456169
1997-10-15,17.8827,18.088,17.8599,17.9283,6.4764,12036086
1997-10-16,17.9511,18.088,17.4493,17.4949,6.3199,13351326
1997-10-17,17.4949,17.4949,17.1071,17.3124,6.2539,9638788
1997-10-20,17.3124,17.5861,17.2896,17.4265,6.2951,9987601
1997-10-21,17.5177,17.7458,17.5177,17.7002,6.394,5513320
1997-10-22,17.7914,17.7914,17.3352,17.4037,6.2869,4592378
1997-10-23,17.0159,17.2212,16.9703,17.0843,6.1716,5902960
1997-10-24,17.244,17.2896,16.8106,16.9475,6.1221,4655126
1997-10-27,16.8106,16.9019,16.0579,16.0579,5.8008,11363396
1997-10-28,15.328,16.4229,15.1455,16.4229,5.9326,19834909
1997-10-29,16.3772,16.6966,16.3316,16.651,6.0717,9100362
1997-10-30,16.3772,16.4685,15.9211,16.0123,5.8388,7800741
1997-10-31,16.1491,16.3088,15.7386,15.9439,5.8138,7174632
1997-11-03,16.2404,16.9019,16.0807,16.9019,6.1632,6996253
1997-11-04,16.9703,17.0615,16.8562,16.9475,6.1798,7357669
1997-11-05,16.9247,17.1528,16.765,16.9475,6.1798,7528925
1997-11-06,16.7878,16.9475,16.7878,16.8791,6.1548,4905844
1997-11-07,16.4229,16.6966,16.3772,16.6966,6.0883,6483309
1997-11-10,16.7878,16.8106,16.5141,16.5141,6.0218,7029682
1997-11-11,16.6053,16.6281,16.4457,16.4685,6.0051,7480699
1997-11-12,16.1491,16.286,15.7614,15.7614,5.7473,7969256
1997-11-13,15.8526,15.8754,15.5105,15.6473,5.7057,13303922
1997-11-14,15.7158,15.8298,15.3508,15.8298,5.7722,10181050
1997-11-17,15.8754,16.0579,15.5561,16.0123,5.8388,10092820
1997-11-18,15.9439,15.9895,15.7158,15.9667,5.8221,4892143
1997-11-19,15.7614,15.807,15.4877,15.5561,5.6724,7097088
1997-11-20,15.6473,15.6701,15.4192,15.6245,5.6974,6024071
1997-11-21,15.7158,15.7158,15.5789,15.6473,5.7057,7397401
1997-11-24,15.6017,15.8526,15.5789,15.5789,5.6807,8171474
1997-11-25,15.8754,15.8754,15.4649,15.5105,5.6558,5953651
1997-11-26,15.6017,15.9667,15.4649,15.4877,5.6475,6537289
1997-11-28,15.5105,15.7386,15.5105,15.693,5.7223,2264952
1997-12-01,15.8526,16.3772,15.8526,16.1948,5.9053,6510984
1997-12-02,16.3316,16.6966,16.2404,16.651,6.0717,6603873
1997-12-03,16.7878,16.8334,16.3544,16.3544,5.9635,6675937
1997-12-04,16.3772,16.7878,16.3772,16.4685,6.0051,5854734
1997-12-05,16.4685,16.9703,16.4685,16.8562,6.1465,5240134
1997-12-08,16.8562,16.9247,16.5369,16.765,6.1132,5415225
1997-12-09,16.765,17.0843,16.6966,16.8791,6.1548,7365890
1997-12-10,16.9019,17.4037,16.9019,17.4037,6.3461,9744555
1997-12-11,17.3809,17.5177,16.8791,16.8791,6.1548,11939909
1997-12-12,16.9703,17.2896,16.9703,17.13,6.2463,10411765
1997-12-15,17.3124,17.3124,17.13,17.1756,6.263,6057774
1997-12-16,17.3581,17.7002,17.2668,17.7002,6.4543,7205047
1997-12-17,17.7002,17.8827,17.5633,17.8599,6.5125,7436036
1997-12-18,17.8371,17.8599,17.1984,17.2896,6.3045,7398771
1997-12-19,16.9931,17.0615,16.4229,16.7422,6.1049,12613970
1997-12-22,16.6966,17.13,16.6966,16.8791,6.1548,5174920
1997-12-23,16.9931,17.1756,16.8106,16.9019,6.1632,4010659
1997-12-24,17.0843,17.0843,16.8106,16.9019,6.1632,3216035
1997-12-26,16.9703,17.1528,16.9475,17.0615,6.2214,1416897
1997-12-29,17.2896,17.2896,17.0843,17.1528,6.2546,3711442
1997-12-30,17.244,17.8827,17.1984,17.8827,6.5208,4040252
1997-12-31,17.8371,17.8371,17.5861,17.723,6.4626,3177400
1998-01-02,17.7686,17.8371,17.5633,17.609,6.421,5322884
1998-01-05,17.609,17.7002,17.4493,17.7002,6.4543,7012693
1998-01-06,17.609,17.609,17.1528,17.4037,6.3461,7456312
1998-01-07,17.2896,17.3809,16.9019,17.1984,6.2713,9098718
1998-01-08,16.9019,17.0159,16.4001,16.4457,5.9968,9753050
1998-01-09,16.4229,16.5141,15.7614,15.9667,5.8221,11895246
1998-01-12,15.6017,16.7422,15.5561,16.5141,6.0218,11624800
1998-01-13,16.6053,17.2212,16.6053,17.1984,6.2713,7830060
1998-01-14,17.3352,17.7002,17.3124,17.7002,6.4543,8833752
1998-01-15,17.609,17.7914,17.5861,17.7458,6.4709,7931169
1998-01-16,17.9055,18.088,17.8599,17.8827,6.5208,10552606
1998-01-20,17.9283,18.0195,17.7458,17.7458,6.4709,9100910
1998-01-21,17.6546,18.0651,17.5861,17.9967,6.5624,7171070
1998-01-22,17.7686,17.9739,17.7458,17.7914,6.4875,5089703
1998-01-23,17.9055,17.9967,17.4949,17.5177,6.3877,4896253
1998-01-26,17.5177,17.723,17.4265,17.609,6.421,4585528
1998-01-27,18.0195,18.4073,17.9739,18.202,6.6372,16154978
1998-01-28,18.2248,18.3389,18.1336,18.2248,6.702,10510408
1998-01-29,18.1792,18.7266,18.1792,18.5213,6.811,18585979
1998-01-30,18.4985,18.7038,18.3617,18.6126,6.8446,8088175
1998-02-02,18.7951,19.1144,18.7494,18.9319,6.962,9564806
1998-02-03,18.8179,19.0231,18.7266,18.7951,6.9117,9088854
1998-02-04,18.7038,18.8179,18.6126,18.7266,6.8865,8569608
1998-02-05,18.7722,18.7836,18.202,18.2704,6.7188,8050910
1998-02-06,18.3389,18.8635,18.3161,18.7722,6.9033,8987745
1998-02-09,18.9091,19.3881,18.8407,19.2056,7.0627,10035552
1998-02-10,19.2969,19.5021,19.2512,19.2512,7.0795,8581938
1998-02-11,19.2284,19.3425,19.0916,19.3425,7.113,3868174
1998-02-12,19.3197,19.6846,19.2741,19.6162,7.2137,4949959
1998-02-13,19.5478,19.7531,19.3653,19.5706,7.1969,7979668
1998-02-17,19.8443,20.0724,19.639,20.0496,7.373,10472321
1998-02-18,19.9583,20.0268,19.6162,19.8443,7.2975,10657277
1998-02-19,19.8671,19.9127,19.7531,19.8443,7.2975,7252450
1998-02-20,19.8671,20.3461,19.8443,20.1636,7.415,7188606
1998-02-23,20.3233,20.3461,20.0496,20.1864,7.4234,3874477
1998-02-24,20.1636,20.2777,19.7987,19.9355,7.3311,6167378
1998-02-25,20.118,20.4373,20.118,20.2777,7.4569,6167104
1998-02-26,20.2777,20.3461,20.1864,20.2549,7.4485,3709798
1998-02-27,20.7111,20.7567,20.3461,20.6426,7.5911,6056130
1998-03-02,20.5742,20.7795,20.5058,20.7339,7.6247,5645940
1998-03-03,20.8023,21.5094,20.8023,21.5094,7.9099,10608503
1998-03-04,21.5094,22.0112,21.2129,21.2357,7.8092,17157848
1998-03-05,21.0304,21.1901,20.8707,21.1216,7.7673,7353011
1998-03-06,21.3041,21.9884,21.3041,21.8743,8.0441,8414245
1998-03-09,21.8972,22.0568,21.6462,21.6462,7.9602,5772806
1998-03-10,21.8059,21.9656,21.7375,21.9428,8.0692,7882669
1998-03-11,21.8743,21.92,21.5322,21.555,7.9266,6392612
1998-03-12,21.5322,21.5322,20.8479,20.9392,7.7002,10617820
1998-03-13,21.4182,21.7603,21.3497,21.6348,7.956,17037011
1998-03-16,21.8972,21.9656,21.8059,21.9656,8.0776,8819503
1998-03-17,22.0112,22.3533,21.8059,22.3533,8.2202,4657866
1998-03-18,22.2393,22.4446,22.2165,22.4446,8.2538,4409067
1998-03-19,22.4902,22.8095,22.3077,22.7867,8.3796,6234510
1998-03-20,22.9692,23.2885,22.9008,23.2201,8.539,8549879
1998-03-23,22.6271,23.0376,22.6271,23.0148,8.4635,7290537
1998-03-24,22.9236,23.2885,22.9008,23.1745,8.5222,6542221
1998-03-25,23.1973,23.4254,23.0832,23.1517,8.5138,8747987
1998-03-26,23.0604,23.7675,22.9464,23.5394,8.6564,8331221
1998-03-27,23.836,23.9728,23.5394,23.7447,8.7319,8404655
1998-03-30,23.6535,23.7903,23.3113,23.357,8.5893,5502908
1998-03-31,23.5394,23.8132,23.5166,23.6535,8.6983,6417821
1998-04-01,23.6307,23.7447,23.2429,23.2885,8.5641,7462067
1998-04-02,23.0832,23.1289,22.6271,23.1061,8.497,9861283
1998-04-03,23.4482,24.0641,23.4026,23.8132,8.7571,10858125
1998-04-06,23.8588,23.8588,23.4026,23.7447,8.7319,7103664
1998-04-07,23.7447,24.0641,23.7219,23.9044,8.7906,11499852
1998-04-08,23.8365,25.073,23.3556,24.4547,8.993,14419032
1998-04-09,24.7295,25.966,24.7295,25.7599,9.473,12885034
1998-04-13,25.8286,26.7216,25.7256,26.4125,9.7129,14114234
1998-04-14,26.2408,27.0994,26.1721,26.9964,9.9277,9650719
1998-04-15,27.0994,27.8207,27.0307,27.4085,10.0792,10776925
1998-04-16,27.1681,27.6833,27.0994,27.3055,10.0413,10616246
1998-04-17,27.3398,27.4085,26.5155,26.8246,9.8645,22200385
1998-04-20,26.7559,26.7903,25.5882,26.0347,9.574,12962917
1998-04-21,25.8973,26.6529,25.8973,26.1377,9.6119,7249094
1998-04-22,25.966,26.6873,25.8973,26.069,9.5866,5682524
1998-04-23,26.0003,26.0003,25.073,25.176,9.2582,7721849
1998-04-24,25.2447,25.6912,24.8325,24.9699,9.1825,8422429
1998-04-27,24.7295,24.7982,24.386,24.6608,9.0688,5885601
1998-04-28,25.2447,25.6225,24.5578,24.6265,9.0561,7944943
1998-04-29,24.8669,25.279,24.8669,25.073,9.3076,10119289
1998-04-30,25.279,25.4164,25.1417,25.176,9.3458,7909277
1998-05-01,26.1034,26.1034,25.5538,25.7256,9.5498,3185729
1998-05-04,25.7942,26.0003,25.4508,25.6225,9.5116,4778867
1998-05-05,25.4164,25.4164,25.073,25.2104,9.3586,4720637
1998-05-06,26.2408,26.2408,25.073,25.1417,9.3331,8630966
1998-05-07,25.5538,25.8629,25.0043,25.073,9.3076,10447925
1998-05-08,25.0043,25.4164,24.9356,25.176,9.3458,5179016
1998-05-11,25.279,25.6569,24.6608,24.7295,9.1801,6939565
1998-05-12,24.7295,25.2447,24.7295,25.1417,9.3331,5487817
1998-05-13,26.0347,26.9964,25.7256,26.4812,9.8303,10509067
1998-05-14,26.3438,26.9277,26.3094,26.6873,9.9068,6129440
1998-05-15,26.6186,26.6529,26.1721,26.3438,9.7793,5304393
1998-05-18,26.2064,26.7216,25.6225,25.8286,9.5881,4644574
1998-05-19,26.1721,26.3781,25.8629,26.1377,9.7028,4914251
1998-05-20,26.6529,27.2025,26.5155,27.0651,10.0471,5183020
1998-05-21,28.0268,28.5763,27.7863,28.0955,10.4296,6919367
1998-05-22,27.9581,28.0955,27.7863,28.0268,10.4041,3402818
1998-05-26,28.3359,29.1259,28.2328,28.5763,10.6081,7851047
1998-05-27,28.0268,28.7824,27.8207,28.5763,10.6081,7888715
1998-05-28,28.3702,28.8511,28.3359,28.6107,10.6208,3573141
1998-05-29,28.6107,29.1259,28.5076,28.5076,10.5826,3808791
1998-06-01,28.8167,29.435,28.7824,29.0572,10.7866,6573262
1998-06-02,29.4006,31.324,29.0228,31.324,11.6281,10525262
1998-06-03,31.1867,31.1867,29.9845,30.5684,11.3476,8629692
1998-06-04,30.2249,30.5684,29.5724,30.2936,11.2456,5509472
1998-06-05,30.3967,30.7745,30.1906,30.3623,11.2711,4470429
1998-06-08,30.1906,30.7745,30.1906,30.6371,11.3731,2785944
1998-06-09,30.6715,30.6715,30.0189,30.2936,11.2456,3698699
1998-06-10,29.7441,30.328,29.6411,29.9845,11.1308,3415738
1998-06-11,29.4006,29.8128,28.9198,28.9541,10.7483,4316484
1998-06-12,28.9541,29.1259,28.147,28.7137,10.6591,6890797
1998-06-15,27.8894,29.2289,27.8894,28.4046,10.5443,5453061
1998-06-16,28.4733,28.748,28.1985,28.5763,10.6081,6790533
1998-06-17,29.1259,30.431,29.1259,29.7784,11.0543,7290219
1998-06-18,29.7441,30.1563,29.7098,29.9502,11.1181,3014496
1998-06-19,30.7745,30.7745,29.9845,30.2593,11.2328,5663781
1998-06-22,30.2936,30.7745,30.2249,30.7058,11.3986,3944903
1998-06-23,30.7058,31.4614,30.5341,31.3927,11.6536,6828564
1998-06-24,31.4614,31.9423,31.4271,31.6332,11.7428,5672334
1998-06-25,31.6675,32.1484,31.4958,31.9423,11.8576,4353605
1998-06-26,31.9423,32.4918,31.9423,32.1827,11.9468,2972280
1998-06-29,32.2857,32.4918,31.9423,31.9766,11.8703,2427829
1998-06-30,32.0797,32.4231,32.011,32.4231,12.0361,3258699
1998-07-01,32.2857,32.3888,31.8736,32.0797,11.9086,3319840
1998-07-02,32.011,32.011,31.5645,31.8049,11.8066,2643280
1998-07-06,31.8736,32.8696,31.8392,32.8353,12.1891,4296467
1998-07-07,32.7322,32.904,32.1484,32.2857,11.9851,3713985
1998-07-08,32.2857,32.8009,32.2857,32.6636,12.1253,4197112
1998-07-09,32.6292,32.7322,32.4231,32.4231,12.0361,3027416
1998-07-10,32.011,32.1827,30.8432,31.8049,11.8066,5697809
1998-07-13,32.4231,32.9727,32.0797,32.6636,12.1253,5753492
1998-07-14,32.9727,33.4535,32.904,33.2474,12.3421,4898238
1998-07-15,33.2474,33.3848,32.217,32.6979,12.1381,7119714
1998-07-16,32.6979,32.904,32.2514,32.8353,12.1891,3440668
1998-07-17,32.4231,32.9727,32.3544,32.3544,12.0106,3953638
1998-07-20,31.9423,32.011,31.2897,31.7362,11.7811,3229402
1998-07-21,31.7362,32.6979,31.3584,32.1484,11.9341,5358801
1998-07-22,32.1484,33.2131,31.8736,33.007,12.2529,5426130
1998-07-23,33.0414,33.3161,31.9766,32.0797,11.9086,3389170
1998-07-24,31.324,32.2514,31.324,31.6675,11.7556,3823894
1998-07-27,31.5645,32.4575,30.8088,32.4575,12.0488,3827533
1998-07-28,32.2857,33.1101,31.7705,32.5949,12.0998,3985664
1998-07-29,32.217,32.3544,31.4614,31.6675,11.8394,3702885
1998-07-30,31.8049,33.5222,31.7705,33.3848,12.4815,8443174
1998-07-31,33.1101,33.7626,31.0493,31.324,11.711,8757798
1998-08-03,31.0149,31.324,30.431,31.1867,11.6597,5601730
1998-08-04,31.4614,31.5645,29.5037,29.5037,11.0304,7172303
1998-08-05,29.6067,29.8128,28.0268,29.8128,11.146,7321700
1998-08-06,29.7784,29.8128,28.8167,29.435,11.0048,4368345
1998-08-07,28.9885,29.8128,28.5763,28.645,10.7094,4473159
1998-08-10,28.4733,29.2289,28.2328,28.5763,10.6837,3100022
1998-08-11,27.4772,27.9581,27.4772,27.855,10.4141,4332497
1998-08-12,28.0268,29.0915,28.0268,28.3702,10.6067,3600072
1998-08-13,28.2328,28.9198,28.0268,28.0611,10.4911,2851816
1998-08-14,27.6833,28.0611,26.4125,26.859,10.0417,5471440
1998-08-17,26.3781,26.9277,25.8629,26.3781,9.8619,8189873
1998-08-18,26.4125,27.7177,26.3438,27.5803,10.3113,5162093
1998-08-19,28.0268,28.5076,27.8207,28.0268,10.4783,4176914
1998-08-20,28.0611,28.0955,26.8246,26.859,10.0417,4267534
1998-08-21,26.4125,26.5842,25.6912,26.4125,9.8748,6514668
1998-08-24,26.4125,27.4085,26.3781,27.3398,10.2215,5591722
1998-08-25,27.7177,28.1985,26.6186,26.962,10.0802,6036454
1998-08-26,26.5499,27.3398,26.4812,26.5842,9.939,3543844
1998-08-27,26.2751,26.3094,23.9052,25.5538,9.5537,11245495
1998-08-28,26.5155,26.5155,25.6912,26.2064,9.7977,6525404
1998-08-31,26.6186,26.6186,24.0426,24.5234,9.1685,7449260
1998-09-01,24.18,25.6225,23.0809,25.073,9.374,7894720
1998-09-02,25.4164,25.6569,24.4547,24.5234,9.1685,5071109
1998-09-03,24.2487,24.5921,23.3556,23.3556,8.7319,6453890
1998-09-04,23.7335,23.9739,22.3252,23.0122,8.6035,6210962
1998-09-08,24.8669,24.8669,23.8021,24.18,9.0401,5492367
1998-09-09,24.4204,25.3477,24.2487,25.2447,9.4382,5093309
1998-09-10,24.5921,24.8325,23.4587,23.7678,8.886,6724296
1998-09-11,23.493,24.2487,23.1496,23.8021,8.8988,5127519
1998-09-14,24.7982,25.4851,24.6608,25.4508,9.5152,5721647
1998-09-15,25.4508,26.3438,25.0386,25.966,9.7078,3401726
1998-09-16,26.1721,26.2408,25.4508,25.6912,9.6051,3376614
1998-09-17,24.5921,25.0386,24.5921,24.8669,9.2969,3909601
1998-09-18,24.8669,24.8669,24.2487,24.6952,9.2327,6742675
1998-09-21,24.18,25.4851,24.0082,25.2104,9.4253,3421925
1998-09-22,25.5195,25.8973,24.8325,25.176,9.4125,3882306
1998-09-23,25.6912,26.7216,25.6225,26.6873,9.9775,6467174
1998-09-24,26.5499,27.3055,25.6225,26.1721,9.7849,4834731
1998-09-25,25.7256,26.7559,25.7256,26.4468,9.8876,4219676
1998-09-28,26.5842,27.2711,26.5155,27.0307,10.1059,4539760
1998-09-29,27.3398,27.3742,26.7216,26.9964,10.0931,3580420
1998-09-30,26.9964,27.0307,25.3821,25.8286,9.6565,4163812
1998-10-01,25.5538,25.5538,23.8708,24.2487,9.0658,5495460
1998-10-02,24.2143,24.6952,23.6304,23.6991,8.8603,7200145
1998-10-05,23.2183,23.39,21.5009,21.8444,8.1669,10312176
1998-10-06,23.0122,23.3556,22.1192,22.3252,8.3467,8916111
1998-10-07,22.4626,23.6648,22.4626,22.6344,8.4622,6272831
1998-10-08,22.0161,23.0809,21.3292,22.6,8.4494,7600112
1998-10-09,23.5617,24.7295,22.8404,24.3173,9.0915,6178935
1998-10-12,25.073,25.7256,24.9356,25.0043,9.3483,5678703
1998-10-13,25.0043,25.6569,24.0426,24.2143,9.0529,4271901
1998-10-14,24.18,26.2408,23.6648,25.176,9.4125,7260922
1998-10-15,24.8669,26.9277,24.8669,26.7903,10.016,5967123
1998-10-16,27.4772,28.1642,27.3398,27.9237,10.4398,11823974
1998-10-19,27.8894,28.5763,27.752,27.8207,10.4012,7075860
1998-10-20,27.9581,28.5076,27.8207,27.8207,10.4012,8600941
1998-10-21,27.855,28.0268,27.4085,27.4429,10.26,5572615
1998-10-22,27.4429,27.752,27.3055,27.4772,10.2728,4275177
1998-10-23,27.2025,27.5459,27.2025,27.4429,10.26,2492792
1998-10-26,27.4085,28.3702,27.2368,27.6146,10.3242,3749651
1998-10-27,28.0268,28.3702,27.8207,27.8894,10.4269,3667219
1998-10-28,27.5803,28.3015,27.4085,28.0268,10.5741,5517842
1998-10-29,28.0611,28.542,27.7863,28.2328,10.6519,3662670
1998-10-30,28.5763,29.8128,28.542,29.8128,11.248,4354879
1998-11-02,29.7784,30.1906,29.5037,29.9158,11.2868,6082856
1998-11-03,29.8815,29.9502,29.1259,29.2632,11.0406,2890758
1998-11-04,29.6754,29.8471,29.5037,29.6754,11.1961,5182292
1998-11-05,29.3663,29.6411,28.9541,29.4693,11.1184,5256171
1998-11-06,29.538,30.0532,29.538,29.6411,11.1832,2902222
1998-11-09,29.5037,29.5037,28.9885,29.1259,10.9888,2924422
1998-11-10,29.2289,29.7098,29.0228,29.6411,11.1832,3327119
1998-11-11,29.6754,29.8815,29.2289,29.6067,11.1702,3722901
1998-11-12,28.9885,29.1259,28.3702,28.5763,10.7815,2834893
1998-11-13,28.6107,29.435,28.6107,29.3319,11.0665,3594067
1998-11-16,29.6754,30.1563,29.6754,30.0189,11.3257,4328858
1998-11-17,30.1906,30.328,29.8815,30.1219,11.3646,5369174
1998-11-18,30.1219,30.2249,29.5724,30.1563,11.3776,3379708
1998-11-19,30.1563,30.2249,29.7098,29.8815,11.2739,4007319
1998-11-20,30.2249,30.6028,30.1563,30.431,11.4812,6272831
1998-11-23,30.6028,30.7401,30.2249,30.6371,11.559,4097939
1998-11-24,30.6371,30.8775,30.2936,30.3623,11.4553,3715259
1998-11-25,30.2936,30.4997,30.0532,30.1219,11.3646,2303362
1998-11-27,30.0189,30.3623,29.9845,30.2936,11.4294,2137224
1998-11-30,30.2936,30.8088,30.2593,30.2593,11.4164,3855193
1998-12-01,30.3623,32.0797,30.3623,31.9423,12.0514,6857497
1998-12-02,31.8049,31.8049,30.8775,31.0149,11.7015,4798337
1998-12-03,30.4997,30.9462,30.2936,30.2936,11.4294,3983663
1998-12-04,31.324,31.5645,30.9119,30.9806,11.6886,3822984
1998-12-07,30.9806,31.2897,30.6715,31.0493,11.7145,2407630
1998-12-08,30.3623,30.7745,30.0189,30.1906,11.3905,3328757
1998-12-09,30.2249,30.328,29.7098,30.1219,11.3646,3015042
1998-12-10,30.1219,30.4997,29.6754,29.7098,11.2091,3557492
1998-12-11,29.7098,30.3623,29.435,30.1563,11.3776,3248326
1998-12-14,30.1219,30.1219,28.7824,28.7824,10.8592,4921530
1998-12-15,29.1259,30.1219,28.9885,29.8815,11.2739,3643199
1998-12-16,29.9158,30.7401,29.8815,30.5684,11.5331,3838270
1998-12-17,30.9119,31.3927,30.9119,31.324,11.8181,5835560
1998-12-18,31.324,31.324,31.1867,31.2553,11.7922,5263632
1998-12-21,30.7745,31.5645,30.431,30.431,11.4812,5649224
1998-12-22,30.431,30.9806,30.2249,30.7058,11.5849,4949917
1998-12-23,30.7745,32.3888,30.7745,32.0797,12.1032,6302128
1998-12-24,31.8736,32.6636,31.8392,32.3544,12.2069,3472512
1998-12-28,32.5605,32.904,32.5605,32.7322,12.3494,4145069
1998-12-29,32.6636,32.6979,32.217,32.5605,12.2846,2581592
1998-12-30,32.3888,32.4918,31.8736,31.9423,12.0514,2654926
1998-12-31,32.011,32.4231,31.9079,32.2514,12.168,3092015
1999-01-04,32.1827,32.6979,31.5301,31.7362,11.9736,4982854
1999-01-05,31.8736,32.6979,31.7019,32.6979,12.3365,6160738
1999-01-06,32.9727,34.1405,32.9727,33.9344,12.803,8066862
1999-01-07,33.6596,34.6557,33.5222,33.9687,12.8159,7604115
1999-01-08,34.6213,36.5447,34.4839,35.7204,13.4768,13933539
1999-01-11,35.8578,36.4417,34.8961,35.4456,13.3732,7189226
1999-01-12,35.0335,35.2052,34.4152,34.5526,13.0362,7574818
1999-01-13,33.3161,34.0718,33.1101,33.7283,12.7252,8985805
1999-01-14,33.5909,34.1405,33.1101,33.1788,12.5179,5443781
1999-01-15,33.4535,34.1405,33.3161,34.0718,12.8548,6085585
1999-01-19,34.0718,35.1708,33.9344,35.1365,13.2565,5840655
1999-01-20,35.3082,36.1669,35.1365,35.5487,13.412,7217614
1999-01-21,35.1708,35.3426,33.8313,34.1061,12.8678,7141005
1999-01-22,33.8657,33.8657,33.2474,33.4535,12.6216,5574435
1999-01-25,33.5909,33.6253,33.0414,33.5222,12.6475,4501000
1999-01-26,33.0414,34.2435,32.7666,33.9687,12.8159,5305485
1999-01-27,33.694,33.7283,32.8353,33.1444,12.5987,5336237
1999-01-28,34.0031,34.4152,33.2474,34.3465,13.0556,12463230
1999-01-29,34.2778,34.3122,33.1101,33.7626,12.8337,6254452
1999-02-01,33.4879,33.9344,33.3505,33.3848,12.6901,6457530
1999-02-02,33.3848,33.4879,32.4231,32.4231,12.3245,4306112
1999-02-03,32.4231,33.2131,32.0797,33.1788,12.6118,7255463
1999-02-04,33.007,33.1788,31.7705,31.7705,12.0765,5419215
1999-02-05,31.7019,32.011,31.0493,31.4614,11.959,5533674
1999-02-08,31.5645,32.3544,30.9806,32.2514,12.2593,4123415
1999-02-09,32.3544,32.3544,31.324,31.5988,12.0112,3724175
1999-02-10,31.5645,32.3888,31.4958,32.3201,12.2854,3067631
1999-02-11,32.3201,33.1788,31.8736,33.0414,12.5595,3865383
1999-02-12,32.8696,32.9383,31.324,31.8049,12.0895,3660304
1999-02-16,32.1484,32.2514,31.0493,31.5645,11.9981,5091489
1999-02-17,32.011,33.4535,31.6675,32.4918,12.3506,5570067
1999-02-18,33.2474,33.3848,32.8696,33.007,12.5465,4005135
1999-02-19,32.9383,32.9727,32.217,32.3201,12.2854,2753735
1999-02-22,32.6979,33.3848,32.6979,33.2131,12.6248,4983036
1999-02-23,33.1101,33.3848,32.5262,32.5605,12.3768,4899148
1999-02-24,32.8353,33.3848,32.217,32.6979,12.429,4103762
1999-02-25,32.5605,32.8353,31.9079,32.7322,12.442,3810792
1999-02-26,32.5949,33.2131,32.0797,32.5949,12.3898,3525101
1999-03-01,32.2857,32.5262,31.9079,32.0797,12.194,3072726
1999-03-02,32.114,32.4918,31.3584,31.3927,11.9329,5974766
1999-03-03,31.4614,31.7019,30.7401,31.221,11.8676,4621828
1999-03-04,31.8736,32.0797,31.5645,32.0797,12.194,4422754
1999-03-05,32.5605,33.3161,32.4918,33.0414,12.5595,6907721
1999-03-08,32.9383,33.007,32.4231,33.007,12.5465,2747912
1999-03-09,33.1444,33.3161,31.6332,31.7362,12.0634,7615579
1999-03-10,31.3927,31.6675,31.0493,31.2553,11.8806,6611839
1999-03-11,31.2897,31.8736,31.0493,31.8392,12.1026,9303523
1999-03-12,32.0797,32.217,31.4614,31.8392,12.1026,4805070
1999-03-15,31.7705,32.2857,31.5645,32.1484,12.2201,4394366
1999-03-16,32.1484,32.2514,31.6332,31.8392,12.1026,2989749
1999-03-17,31.6332,31.8392,31.2553,31.5301,11.9851,2804868
1999-03-18,31.0836,32.114,31.0836,32.0453,12.1809,3973108
1999-03-19,32.2857,32.6979,32.0797,32.1827,12.2331,5815179
1999-03-22,32.1827,32.9727,32.114,32.5605,12.3768,3625730
1999-03-23,32.4231,32.4231,31.118,31.2553,11.8806,6021350
1999-03-24,31.118,31.1867,30.3623,30.8775,11.737,5094765
1999-03-25,30.8775,32.0797,30.8775,32.0797,12.194,4714450
1999-03-26,31.5988,31.9423,31.1867,31.2897,11.8937,3372065
1999-03-29,31.2553,31.8392,31.221,31.3927,11.9329,3616813
1999-03-30,31.118,31.5645,30.9462,31.118,11.8284,4290462
1999-03-31,31.3927,31.6675,31.1523,31.1523,11.8415,3792413
1999-04-01,31.324,31.3927,30.7745,31.0493,11.8023,3482338
1999-04-05,31.1867,32.0453,31.1523,32.0453,12.1809,5805717
1999-04-06,32.1827,32.6292,31.9079,32.011,12.1679,7241815
1999-04-07,32.3201,33.5222,32.2514,33.3848,12.6901,8956872
1999-04-08,33.3505,33.7626,33.0414,33.4535,12.7162,4949371
1999-04-09,33.4879,33.5909,32.8353,33.2818,12.6509,4949917
1999-04-12,33.2474,34.3122,33.1444,33.797,12.8468,6363270
1999-04-13,34.1405,34.9991,34.1061,34.7243,13.1993,7151195
1999-04-14,34.7587,35.3082,34.2778,34.4839,13.1079,7787176
1999-04-15,34.6213,35.2739,33.7283,34.5183,13.1209,11069713
1999-04-16,34.8961,35.7204,34.6213,35.6517,13.5518,9471480
1999-04-19,36.8195,37.3003,35.7204,35.7204,13.5779,11694048
1999-04-20,35.7204,35.9265,34.4152,35.1022,13.3429,8662264
1999-04-21,35.1022,35.2739,34.3122,35.1708,13.369,4449685
1999-04-22,35.3082,35.6517,34.8617,35.1708,13.369,3794051
1999-04-23,34.7587,35.4113,34.6213,35.0335,13.3168,4002769
1999-04-26,34.8961,35.2739,34.69,35.2739,13.4081,4256616
1999-04-27,35.2739,35.3941,34.5526,35.2052,13.382,4083564
1999-04-28,35.2739,35.7891,35.2052,35.2395,13.3951,4517923
1999-04-29,35.1708,36.1326,34.9991,36.0639,13.8075,6594552
1999-04-30,36.0982,36.2699,34.3465,35.1365,13.4524,4465334
1999-05-03,35.1365,36.8195,34.6213,36.6478,14.031,6371458
1999-05-04,36.6134,37.0943,34.8961,35.2395,13.4919,7519864
1999-05-05,35.6174,35.7204,34.8617,35.3769,13.5445,3629005
1999-05-06,35.2739,35.5487,34.2435,34.3465,13.15,3498716
1999-05-07,34.4152,35.6517,34.4152,35.6517,13.6497,6131077
1999-05-10,35.6517,36.0639,34.9648,35.2052,13.4787,3096928
1999-05-11,35.1365,36.2012,34.9991,35.2052,13.4787,3331668
1999-05-12,34.9304,35.686,34.4839,35.4456,13.5708,3625002
1999-05-13,35.7891,36.0982,34.793,34.8961,13.3604,4295557
1999-05-14,34.3809,34.69,33.3848,33.3848,12.7818,6407306
1999-05-17,32.9727,33.007,31.5988,31.6332,12.1111,13696797
1999-05-18,32.3888,32.8353,31.6675,32.0453,12.2689,8529245
1999-05-19,32.4231,32.4575,30.9119,31.7019,12.1374,7163933
1999-05-20,31.7019,32.011,31.2897,31.8392,12.19,3794961
1999-05-21,31.9766,32.4575,31.8049,32.011,12.2558,3768212
1999-05-24,32.217,32.3544,30.7058,30.8432,11.8087,4909156
1999-05-25,31.1867,31.7019,30.9806,31.1523,11.927,8504497
1999-05-26,31.4614,31.7705,30.8775,31.6675,12.1243,5418669
1999-05-27,31.4614,31.4958,30.7401,30.8088,11.7955,5007420
1999-05-28,31.118,32.0797,31.0149,31.3927,12.0191,4989223
1999-06-01,31.6675,31.8392,30.7745,31.5988,12.098,6023898
1999-06-02,31.5988,31.8049,30.8432,31.0493,11.8876,4790149
1999-06-03,31.324,31.324,30.8432,31.118,11.9139,3839907
1999-06-04,31.2897,31.4271,30.328,30.9462,11.8481,4420570
1999-06-07,31.2897,31.4614,31.1867,31.324,11.9928,3883216
1999-06-08,31.324,31.324,30.7401,30.7745,11.7824,4738106
1999-06-09,31.1867,31.324,30.1219,30.3623,11.6246,5013243
1999-06-10,30.4997,30.5684,30.1563,30.2249,11.572,5121696
1999-06-11,30.1906,30.5684,29.8128,29.8815,11.4405,4737196
1999-06-14,29.8815,30.1563,29.4006,29.4006,11.2564,5003962
1999-06-15,29.2976,29.5724,28.9198,29.0915,11.138,4315756
1999-06-16,29.3319,30.2249,29.1259,30.1219,11.5325,6513940
1999-06-17,30.2593,30.5341,30.0189,30.0189,11.4931,5182292
1999-06-18,30.0189,30.2936,29.6067,30.2593,11.5851,6335610
1999-06-21,30.4997,30.6371,30.0876,30.1906,11.5588,3840271
1999-06-22,30.1219,30.431,29.9502,30.1219,11.5325,2996481
1999-06-23,29.2632,29.7441,28.9541,29.0572,11.1249,6239349
1999-06-24,29.1259,29.8815,28.9885,29.6067,11.3353,7653975
1999-06-25,29.6754,29.8128,29.2289,29.3663,11.2432,4224589
1999-06-28,29.538,29.7098,29.1946,29.1946,11.1775,4175458
1999-06-29,29.4006,29.8471,29.2976,29.435,11.2695,4748842
1999-06-30,29.4006,31.4958,29.3319,31.0149,11.8744,10488868
1999-07-01,31.5988,32.217,31.0493,32.1827,12.3215,8766351
1999-07-02,32.1827,32.1827,31.5301,31.5645,12.0848,4810893
1999-07-06,31.5988,32.1484,31.5645,31.7019,12.1374,3929982
1999-07-07,31.6332,32.011,31.3584,31.5988,12.098,3601164
1999-07-08,31.5645,31.5645,30.8432,31.0493,11.8876,4728643
1999-07-09,31.1523,31.2553,30.7401,30.7745,11.7824,3015042
1999-07-12,30.7058,30.8775,30.431,30.6371,11.7298,3552760
1999-07-13,30.4997,30.5341,29.2289,29.4006,11.2564,10023938
1999-07-14,29.6754,29.8815,28.9885,29.0915,11.138,11667844
1999-07-15,29.4006,30.0876,29.2632,29.4006,11.2564,9800298
1999-07-16,29.7098,29.8471,29.6411,29.7098,11.3747,8834589
1999-07-19,29.9502,30.1906,29.5037,29.6411,11.3484,6013344
1999-07-20,29.4006,29.7441,29.1602,29.2289,11.1906,6114336
1999-07-21,29.6754,29.9158,29.538,29.8815,11.4405,4891141
1999-07-22,30.1563,30.1563,29.435,29.6411,11.3484,4923714
1999-07-23,29.6754,29.8471,29.1259,29.3663,11.2432,4073919
1999-07-26,29.1259,29.435,29.0572,29.1602,11.1643,3947087
1999-07-27,29.6067,29.7441,29.2976,29.3319,11.2301,5280373
1999-07-28,29.2976,29.7098,29.1602,29.2976,11.2169,3618451
1999-07-29,28.645,28.8511,28.3015,28.5763,11.036,7979335
1999-07-30,28.4389,28.4389,26.4812,26.6529,10.2932,12216663
1999-08-02,27.2711,27.6833,26.9277,27.1338,10.4789,9667097
1999-08-03,27.6833,27.6833,27.3742,27.5116,10.6248,9385227
1999-08-04,27.649,27.8207,26.9277,26.9964,10.4258,4901150
1999-08-05,27.3742,27.3742,26.7559,26.859,10.3728,3463596
1999-08-06,27.1681,27.1681,26.4125,26.4468,10.2136,4128874
1999-08-09,26.4812,26.5842,26.2408,26.3781,10.1871,3481247
1999-08-10,26.4468,26.5155,25.4164,25.4851,9.8422,5422309
1999-08-11,25.5882,26.3438,25.5538,26.2751,10.1473,4864938
1999-08-12,26.4125,26.7903,25.9316,25.966,10.0279,3754564
1999-08-13,26.6873,27.0651,26.5499,26.7216,10.3197,5344790
1999-08-16,26.5499,26.7559,26.2408,26.7216,10.3197,4406194
1999-08-17,27.4429,27.4429,26.8933,27.0651,10.4524,5444145
1999-08-18,27.2025,28.0268,27.2025,27.9581,10.7972,7550071
1999-08-19,27.7863,27.855,27.6146,27.6833,10.6911,3977476
1999-08-20,27.7863,28.4389,27.5803,28.4046,10.9697,5177378
1999-08-23,28.1985,28.645,28.1642,28.4389,10.9829,3069451
1999-08-24,28.3702,28.4046,27.8894,28.0955,10.8503,3211933
1999-08-25,28.7137,28.7137,27.9581,28.5763,11.036,4030793
1999-08-26,28.5763,28.748,28.3015,28.3702,10.9564,4461877
1999-08-27,28.3702,28.542,28.0955,28.3702,10.9564,2867284
1999-08-30,28.2328,28.2672,27.6833,27.8894,10.7707,4720455
1999-08-31,28.0268,28.6794,27.3742,28.645,11.0625,9122100
1999-09-01,28.645,28.7137,28.3702,28.5076,11.0095,4839826
1999-09-02,28.6107,28.6107,27.752,27.9924,10.8105,5664509
1999-09-03,28.542,29.435,28.4733,28.8339,11.1355,5986048
1999-09-07,28.9198,28.9541,27.9581,28.0611,10.837,4463515
1999-09-08,28.1985,28.1985,27.5459,27.7005,10.6978,4988313
1999-09-09,27.752,27.8894,27.3398,27.4429,10.5983,3671586
1999-09-10,27.6833,28.5076,27.649,27.8894,10.7707,3844093
1999-09-13,27.8894,28.5763,27.752,28.4733,10.9962,2825795
1999-09-14,28.4389,28.7824,27.9581,28.1298,10.8636,4065367
1999-09-15,28.0955,28.4046,27.3398,27.3398,10.5585,6549970
1999-09-16,27.4429,27.4772,26.962,27.4429,10.5983,4092662
1999-09-17,27.4772,27.6146,27.3398,27.4429,10.5983,4591075
1999-09-20,27.5116,27.5803,27.2368,27.4429,10.5983,1786752
1999-09-21,27.3055,27.3398,26.6873,26.859,10.3728,4794334
1999-09-22,27.3742,27.4429,27.0307,27.3742,10.5717,4941547
1999-09-23,27.4772,27.5116,26.9277,27.0307,10.4391,4691340
1999-09-24,27.1681,27.3742,26.962,27.3055,10.5452,3682322
1999-09-27,27.4085,28.0955,27.3742,27.6146,10.6646,5075476
1999-09-28,27.5459,27.855,26.7903,27.4429,10.5983,4810165
1999-09-29,27.4429,27.649,27.1338,27.2711,10.532,3554034
1999-09-30,27.4429,27.7863,27.3398,27.6146,10.6646,3082189
1999-10-01,28.0955,28.0955,27.4429,27.8207,10.7442,3385349
1999-10-04,27.9581,28.1985,27.6833,28.1985,10.8901,3145696
1999-10-05,28.5763,29.2976,28.0268,28.4733,10.9962,6237347
1999-10-06,28.5763,29.3319,28.5076,29.1259,11.2482,4060999
1999-10-07,29.1259,29.1946,28.1642,28.2328,10.9034,5525667
1999-10-08,28.3702,28.645,28.0955,28.645,11.0625,3649386
1999-10-11,28.9885,29.5037,28.8854,29.1259,11.2482,4124325
1999-10-12,29.1602,29.5724,28.9885,29.0915,11.235,3724721
1999-10-13,28.8854,29.2632,28.8854,28.9885,11.1952,3987120
1999-10-14,29.0228,29.6754,28.7824,29.1602,11.2615,5780241
1999-10-15,28.8511,28.8511,27.2711,27.7863,10.7309,4936634
1999-10-18,27.8207,28.645,27.8207,28.6107,11.0493,4443680
1999-10-19,29.2632,29.435,28.9885,29.0228,11.2084,4933540
1999-10-20,29.1259,29.4693,29.0915,29.1946,11.2748,3683050
1999-10-21,29.2289,29.2632,28.7137,29.1946,11.2748,2556481
1999-10-22,29.2976,29.7098,29.1946,29.6067,11.4339,3059443
1999-10-25,29.435,29.9502,29.1946,29.7098,11.4737,2920419
1999-10-26,29.7441,30.1906,29.538,29.6754,11.4605,3396267
1999-10-27,29.4006,29.7784,28.5763,29.4006,11.3543,5461796
1999-10-28,29.1946,30.1219,29.1946,29.9845,11.6891,6190945
1999-10-29,30.3623,31.324,30.1219,30.1563,11.756,6750863
1999-11-01,30.2249,30.7058,29.9158,30.0189,11.7025,3735821
1999-11-02,30.2249,30.8432,29.8815,29.8815,11.6489,3317293
1999-11-03,29.9158,30.0532,29.1946,29.538,11.515,4459875
1999-11-04,29.6754,29.7784,29.1602,29.1602,11.3677,3468509
1999-11-05,29.4693,29.8471,29.1946,29.5037,11.5016,3557674
1999-11-08,29.2976,29.7098,29.1946,29.4693,11.4882,2303544
1999-11-09,29.9158,29.9502,29.435,29.7098,11.582,2401989
1999-11-10,29.5724,29.7784,29.2976,29.538,11.515,3189005
1999-11-11,29.6411,29.7098,29.0915,29.2632,11.4079,4325946
1999-11-12,29.538,29.538,29.2976,29.3319,11.4347,4113588
1999-11-15,29.3319,30.2249,29.2976,30.0189,11.7025,3921065
1999-11-16,30.0876,30.431,29.8815,30.0189,11.7025,3540750
1999-11-17,29.6754,29.7441,28.8854,28.9198,11.274,7433247
1999-11-18,29.0228,29.1946,27.6146,27.8894,10.8723,10899390
1999-11-19,27.7863,27.9581,27.5116,27.7177,10.8054,7246911
1999-11-22,27.8207,28.2328,27.6146,27.855,10.8589,5912533
1999-11-23,28.0268,28.0611,27.752,27.752,10.8188,4887684
1999-11-24,27.752,28.5076,27.5459,28.3359,11.0464,4631654
1999-11-26,28.3015,28.3359,27.8207,27.8207,10.8455,1485048
1999-11-29,27.7177,28.3359,27.649,28.1985,10.9928,5035261
1999-11-30,28.0268,28.4046,27.6833,27.752,10.8188,4885500
1999-12-01,27.752,27.9924,27.5803,27.8207,10.8455,3764026
1999-12-02,28.2672,28.5763,27.5459,27.752,10.8188,6674982
1999-12-03,27.9581,29.0915,27.9581,28.748,11.2071,6885702
1999-12-06,28.8167,29.4006,28.748,28.7824,11.2205,4107401
1999-12-07,28.3015,28.4046,27.5459,27.5459,10.7384,5913443
1999-12-08,27.6146,27.8894,27.5116,27.7262,10.8087,4114134
1999-12-09,27.7863,27.8894,27.5116,27.649,10.7786,4014597
1999-12-10,27.5116,27.5803,26.6873,26.8933,10.484,6787985
1999-12-13,26.9277,27.2025,26.6873,26.859,10.4706,3906144
1999-12-14,26.8933,27.2025,26.6529,26.6529,10.3903,4505731
1999-12-15,27.3055,27.7177,26.7903,27.1681,10.5911,8511412
1999-12-16,27.5116,27.7177,27.2368,27.3055,10.6447,6368729
1999-12-17,27.2711,27.7177,26.9964,27.5116,10.725,9760265
1999-12-20,27.3742,27.9924,27.3742,27.752,10.8188,5643947
1999-12-21,27.752,27.9237,27.752,27.8894,10.8723,3634646
1999-12-22,27.9924,28.3359,27.752,28.0268,10.9259,4924988
1999-12-23,28.2328,29.1259,28.1298,29.0228,11.3142,4458783
1999-12-27,29.1259,29.435,28.748,28.7824,11.2205,3976748
1999-12-28,28.8167,29.0915,28.8167,28.9541,11.2874,3410461
1999-12-29,29.4006,29.538,29.0572,29.0572,11.3276,2456762
1999-12-30,29.1259,29.6411,29.0228,29.435,11.4749,3357508
1999-12-31,29.4006,29.4693,29.2632,29.2976,11.4213,1206272
2000-01-03,28.9885,29.2289,28.645,28.7824,11.2205,4056814
2000-01-04,28.4733,28.7137,27.649,27.8207,10.8455,7322428
2000-01-05,28.0268,28.3015,27.8894,27.9237,10.8857,5038354
2000-01-06,28.0268,28.4733,27.6833,27.9581,10.8991,4545037
2000-01-07,28.8511,30.2249,28.645,30.0189,11.7025,9266037
2000-01-10,30.0876,30.328,29.1259,29.4693,11.4882,4956104
2000-01-11,28.8511,29.4006,28.4389,28.6794,11.1803,4231140
2000-01-12,28.8167,29.9502,28.8167,29.5037,11.5016,4919347
2000-01-13,29.8815,29.8815,29.0572,29.1602,11.3677,3928708
2000-01-14,28.8854,29.0915,28.0955,28.4389,11.0866,7472916
2000-01-18,29.538,30.2249,29.1946,29.8128,11.6221,7774802
2000-01-19,29.9502,30.1563,29.0228,29.3663,11.4481,4516104
2000-01-20,29.4006,29.5037,28.3015,28.6965,11.187,6817464
2000-01-21,28.542,28.5763,27.649,27.7177,10.8054,9005094
2000-01-24,28.4733,28.542,27.6833,28.0955,10.9527,7922197
2000-01-25,28.1298,28.1642,26.9964,27.5459,10.7384,6527588
2000-01-26,26.9964,27.0651,26.0003,26.3781,10.2832,14526939
2000-01-27,27.0994,27.4772,26.7559,27.4429,10.6983,10779836
2000-01-28,26.9964,27.4085,26.8246,26.9277,10.6036,6029357
2000-01-31,27.3742,27.5803,26.9964,27.3398,10.7659,4956468
2000-02-01,27.2711,27.4772,26.6529,27.3742,10.7794,7414686
2000-02-02,27.4429,27.7863,26.3438,26.7216,10.5224,9993913
2000-02-03,26.3094,26.859,26.2751,26.7903,10.5495,6290118
2000-02-04,26.859,26.9277,26.3781,26.4125,10.4007,4310479
2000-02-07,26.6529,26.6529,25.9316,26.3438,10.3737,3732910
2000-02-08,26.5842,26.859,26.3781,26.4468,10.4142,5246709
2000-02-09,26.1721,26.2408,25.8973,25.9316,10.2114,4513374
2000-02-10,25.8629,25.966,25.3134,25.8286,10.1708,5804079
2000-02-11,25.9316,25.9316,24.8325,25.3477,9.9814,5298570
2000-02-14,25.279,25.8973,24.7295,25.8629,10.1843,5710365
2000-02-15,25.7599,25.7599,24.9699,25.4851,10.0355,4605086
2000-02-16,25.1073,25.5195,24.8669,25.4508,10.022,5907802
2000-02-17,25.176,25.6225,24.8669,25.2104,9.9273,6101416
2000-02-18,24.8325,24.9699,23.8365,23.8365,9.3863,9104995
2000-02-22,24.386,24.6608,23.9052,24.2143,9.5351,7342808
2000-02-23,24.283,24.3173,23.6304,23.6304,9.3052,3802058
2000-02-24,23.6304,23.7678,22.6344,23.3556,9.197,8694291
2000-02-25,23.2869,24.3173,23.2183,23.5961,9.2917,8183686
2000-02-28,24.3173,24.3173,23.39,23.4587,9.2376,9181968
2000-02-29,23.7678,23.8021,22.6344,22.8748,9.0076,7659252
2000-03-01,23.0122,23.1839,22.5657,22.8576,9.0009,9631431
2000-03-02,22.8061,22.9778,22.6,22.7374,8.9535,5370447
2000-03-03,22.7374,23.7335,22.7031,23.4587,9.2376,8321801
2000-03-06,23.5617,23.9739,22.8061,23.0465,9.0753,7033279
2000-03-07,23.0809,23.3213,22.3252,22.6,8.8994,6905355
2000-03-08,22.6,23.4243,22.1192,23.39,9.2105,7834488
2000-03-09,23.1152,23.1839,22.4283,22.8748,9.0076,5908893
2000-03-10,22.4283,22.9778,22.3252,22.5657,8.8859,6017893
2000-03-13,22.2909,23.4243,22.2566,23.39,9.2105,5938190
2000-03-14,23.0465,23.0465,22.1192,22.5313,8.8724,9783375
2000-03-15,22.5313,24.2143,22.4626,24.2143,9.5351,14963665
2000-03-16,24.18,24.386,23.493,24.0769,9.481,14633755
2000-03-17,24.4204,25.279,24.3173,24.5234,9.6568,12064355
2000-03-20,24.2143,24.3173,23.6991,24.0426,9.4675,7709475
2000-03-21,23.6648,25.2447,23.493,25.176,9.9138,9053316
2000-03-22,24.5921,24.8669,23.7678,24.18,9.5216,9256575
2000-03-23,24.0769,24.8669,24.0082,24.4547,9.6298,12420650
2000-03-24,24.18,24.8669,24.18,24.5234,9.6568,6384742
2000-03-27,24.283,24.7638,24.1456,24.283,9.5622,5726197
2000-03-28,24.1113,24.5921,24.0082,24.4547,9.6298,5174649
2000-03-29,24.5578,25.1417,24.5578,24.6265,9.6974,6008430
2000-03-30,25.1417,25.6225,24.8325,25.6225,10.0896,9839603
2000-03-31,25.5882,25.6569,25.1073,25.2447,9.9409,5097494
2000-04-03,25.6912,26.3781,25.6912,25.8286,10.1708,9295698
2000-04-04,26.7903,27.3742,25.6569,26.962,10.6171,13769585
2000-04-05,26.7559,27.2711,26.3781,27.0994,10.6712,7871792
2000-04-06,27.4085,27.649,27.2711,27.4429,10.8065,8162032
2000-04-07,27.5803,27.6833,26.4468,26.5842,10.4683,4480074
2000-04-10,27.3398,28.5763,27.2025,28.0611,11.0499,10174426
2000-04-11,27.855,29.0228,27.8207,28.542,11.2393,8232818
2000-04-12,29.0915,30.0532,29.0228,29.4693,11.6044,10217552
2000-04-13,29.538,30.1906,28.8511,29.9158,11.7803,10207726
2000-04-14,30.2249,30.7745,27.6146,28.7137,11.3069,19022299
2000-04-17,29.6067,31.4614,28.5763,31.3584,12.3483,21496165
2000-04-18,30.7745,30.8432,29.8815,30.431,11.9831,9557551
2000-04-19,30.1906,30.4654,29.8128,30.2249,11.902,6462807
2000-04-20,30.2249,30.2936,30.0876,30.2936,11.929,7322610
2000-04-24,30.0532,30.5684,29.8815,30.3967,11.9696,5555510
2000-04-25,30.431,30.4654,30.0532,30.2249,11.902,5792069
2000-04-26,30.2593,30.4997,29.7441,30.2249,11.902,7072220
2000-04-27,30.1219,30.2936,29.4006,30.2936,11.929,8152206
2000-04-28,30.2249,30.2249,29.6754,30.0876,11.9563,5705452
2000-05-01,30.1906,30.1906,29.4006,29.7098,11.8062,4926807
2000-05-02,29.4006,29.6411,29.0572,29.2632,11.6288,4502638
2000-05-03,29.1259,29.3319,28.6794,29.1602,11.5878,6087587
2000-05-04,28.9885,29.2632,28.7824,28.9198,11.4923,5935461
2000-05-05,28.8511,29.6754,28.8167,29.0572,11.5469,5449240
2000-05-08,28.9885,29.6067,28.9198,29.435,11.697,4818536
2000-05-09,29.435,29.6754,29.0915,29.1602,11.5878,7591742
2000-05-10,29.2632,29.5037,28.3359,28.7137,11.4104,6593824
2000-05-11,28.9541,29.4693,28.8511,29.0915,11.5605,3235589
2000-05-12,29.2289,29.5037,29.1946,29.3319,11.6561,4218221
2000-05-15,29.2976,29.2976,28.4389,28.7824,11.4377,6528861
2000-05-16,29.0915,29.538,28.9198,29.2289,11.6151,5474716
2000-05-17,29.0228,29.0228,28.5763,28.7824,11.4377,5035079
2000-05-18,29.2289,29.5724,29.0228,29.4693,11.7107,7018904
2000-05-19,29.0915,30.0189,29.0915,29.3663,11.6697,6338886
2000-05-22,29.0572,29.0915,27.9924,28.1642,11.192,7593743
2000-05-23,28.1642,28.2328,27.7177,28.2328,11.2193,5570977
2000-05-24,28.3015,29.0572,28.2672,28.542,11.3421,5379728
2000-05-25,28.4733,28.4733,27.4772,27.855,11.0692,5056369
2000-05-26,27.9237,28.0268,26.2408,26.4812,10.5232,9211628
2000-05-30,26.8933,27.0651,26.3781,26.962,10.7143,5530034
2000-05-31,27.0307,27.4772,26.5842,26.6873,10.6051,3983481
2000-06-01,26.5842,27.3398,26.1721,27.2025,10.8098,8471561
2000-06-02,27.3398,27.855,26.2408,26.5842,10.5642,7964232
2000-06-05,26.7903,28.3359,26.7559,27.9581,11.1101,6330333
2000-06-06,27.9581,27.9581,27.3742,27.4772,10.919,6345255
2000-06-07,27.4772,27.4772,26.9277,27.1681,10.7962,4218039
2000-06-08,27.0994,27.4085,26.6186,26.9277,10.7006,5303119
2000-06-09,27.1681,27.4085,26.8933,27.4085,10.8917,3933803
2000-06-12,27.3055,27.8207,27.2711,27.5459,10.9463,3478153
2000-06-13,27.2711,27.7177,27.1338,27.4429,10.9054,3126043
2000-06-14,27.2025,27.3055,26.3438,26.5155,10.5369,7359185
2000-06-15,26.3781,26.4468,25.1417,25.279,10.0455,8426979
2000-06-16,25.279,25.5195,24.6952,24.7295,9.8271,8321255
2000-06-19,24.7638,25.1417,24.4547,24.5234,9.7452,6038637
2000-06-20,23.9052,24.1113,23.39,23.6304,9.3904,8849874
2000-06-21,23.3556,24.1456,23.3556,24.0082,9.5405,7018358
2000-06-22,24.283,24.3173,23.9395,24.0082,9.5405,4550678
2000-06-23,24.0426,24.4204,24.0082,24.4204,9.7043,2407084
2000-06-26,24.4204,24.6608,23.39,23.5617,9.3631,4853838
2000-06-27,23.6648,24.3517,23.39,23.5617,9.3631,6964859
2000-06-28,23.5617,24.18,23.5617,24.18,9.6087,4877858
2000-06-29,24.0251,25.1691,24.0251,24.7401,9.8313,6422096
2000-06-30,24.4183,24.9188,24.3468,24.5971,9.7745,6842007
2000-07-03,24.6686,25.3121,24.6686,25.1334,9.9876,2500415
2000-07-05,24.9546,26.0271,24.9188,25.6339,10.1865,7018573
2000-07-06,25.8841,26.9924,25.8126,26.4919,10.5275,8740351
2000-07-07,26.4562,26.5992,26.1344,26.4562,10.5133,5288929
2000-07-10,26.8137,26.9567,26.4562,26.7422,10.6269,4043004
2000-07-11,26.7422,27.4215,26.7422,27.35,10.8684,4405925
2000-07-12,27.2784,27.6717,26.8852,27.636,10.9821,4678466
2000-07-13,27.5287,27.636,27.2069,27.5645,10.9537,4340369
2000-07-14,27.5645,27.6002,27.0282,27.1712,10.7974,4141601
2000-07-17,27.1712,27.1712,26.1701,26.5098,10.5346,4898736
2000-07-18,26.6707,27.1712,26.2417,26.8494,10.6695,5234735
2000-07-19,26.7779,27.8147,26.7779,27.1354,10.7832,6520343
2000-07-20,27.2069,27.4572,27.0282,27.0997,10.769,4307154
2000-07-21,27.1712,27.35,27.0282,27.0997,10.769,4898736
2000-07-24,26.8137,27.0639,26.4562,26.7779,10.7546,8316068
2000-07-25,26.8137,27.3857,26.8137,27.0639,10.8695,5017437
2000-07-26,27.0639,27.0639,26.3489,26.7422,10.7403,10221929
2000-07-27,26.7779,26.9924,26.5277,26.8852,10.7977,6202700
2000-07-28,26.6349,26.7064,26.2774,26.3847,10.5967,3790218
2000-07-31,26.3489,26.7422,26.3132,26.6349,10.6972,5417070
2000-08-01,26.6707,26.8137,26.6349,26.8137,10.769,6289759
2000-08-02,26.8852,26.8852,26.2059,26.6349,10.6972,3847209
2000-08-03,26.5,29.5,26.5,29.25,11.7475,4573200
2000-08-04,29.25,30.0,28.625,29.125,11.6973,3573300
2000-08-07,28.75,29.1875,28.25,29.1875,11.7224,2227500
2000-08-08,29.1875,29.5625,29.0,29.5,11.8479,2360400
2000-08-09,29.8125,29.875,29.25,29.5,11.8479,11234400
2000-08-10,29.5,29.5,28.6875,29.5,11.8479,8441500
2000-08-11,29.4375,29.5,28.8125,29.125,11.6973,5898500
2000-08-14,29.25,29.4375,28.9375,29.0,11.6471,7885100
2000-08-15,29.0625,29.0625,28.25,28.4375,11.4212,12569900
2000-08-16,28.5,28.875,27.625,28.3125,11.371,8555500
2000-08-17,27.875,27.9375,26.9375,27.0625,10.8689,8040300
2000-08-18,27.3125,27.8125,27.3125,27.75,11.145,6111000
2000-08-21,27.75,27.875,26.4375,27.25,10.9442,7563500
2000-08-22,28.0,28.3125,27.5,28.0,11.2455,8843100
2000-08-23,27.5,27.5,27.0,27.375,10.9944,4598600
2000-08-24,27.4375,28.25,27.3125,27.75,11.145,4731000
2000-08-25,28.0,28.0625,27.375,27.625,11.0948,4074800
2000-08-28,27.375,27.5,25.875,26.1875,10.5175,10308700
2000-08-29,26.5625,26.5625,25.125,25.25,10.141,11265600
2000-08-30,25.0,26.3125,25.0,25.875,10.392,11231400
2000-08-31,25.5625,25.625,23.8125,24.1875,9.7143,28452400
2000-09-01,24.4375,25.125,23.875,25.0,10.0406,20010900
2000-09-05,25.875,26.5,25.5625,26.375,10.5928,17976000
2000-09-06,26.8125,27.125,25.875,26.0625,10.4673,12544000
2000-09-07,26.25,26.9375,25.8125,25.875,10.392,12621700
2000-09-08,26.4375,26.4375,25.75,26.0,10.4422,8575700
2000-09-11,26.3125,26.375,25.625,26.0,10.4422,5650300
2000-09-12,25.5,25.9375,25.0,25.0625,10.0657,8677000
2000-09-13,25.1875,25.9375,24.75,25.3125,10.1661,10921100
2000-09-14,25.1875,26.5,25.0625,25.875,10.392,10230300
2000-09-15,26.0625,26.4375,25.75,25.875,10.392,11398600
2000-09-18,26.0,26.25,25.625,26.0,10.4422,8035000
2000-09-19,25.875,26.0,25.125,25.75,10.3418,4706200
2000-09-20,25.6875,25.75,25.0,25.0625,10.0657,6776900
2000-09-21,25.0,25.2031,24.625,24.8125,9.9653,6660200
2000-09-22,24.875,25.625,24.3125,25.625,10.2916,7491400
2000-09-25,25.5,25.8125,25.3125,25.4375,10.2163,5361600
2000-09-26,25.1875,25.625,24.3125,24.375,9.7896,7430100
2000-09-27,24.375,25.125,24.375,24.75,9.9402,5421300
2000-09-28,24.5,25.625,24.5,25.0625,10.0657,5791400
2000-09-29,25.1875,26.125,25.125,25.5,10.2414,7461300
2000-10-02,25.4375,26.4375,25.375,26.0625,10.4673,5431300
2000-10-03,26.375,26.9375,25.625,25.625,10.2916,5923400
2000-10-04,25.8125,26.6875,25.8125,26.375,10.5928,5076600
2000-10-05,26.1875,26.5,25.875,25.9375,10.4171,5224300
2000-10-06,25.6875,25.8125,25.3125,25.3125,10.1661,4796000
2000-10-09,25.375,26.125,25.3125,25.875,10.392,4699600
2000-10-10,25.875,25.875,25.125,25.125,10.0908,4375500
2000-10-11,25.1875,25.1875,24.125,24.125,9.6892,5781400
2000-10-12,24.0625,24.5,23.375,23.375,9.3879,6510600
2000-10-13,24.0,25.4375,23.9375,25.375,10.1912,5945700
2000-10-16,25.0625,25.0625,24.25,24.625,9.89,3195200
2000-10-17,24.3125,24.9375,24.3125,24.4375,9.8147,3234100
2000-10-18,24.4375,25.4375,23.625,25.0625,10.0657,5669200
2000-10-19,25.0,26.0,25.0,25.625,10.2916,5765600
2000-10-20,24.9375,25.625,24.9375,25.0625,10.0657,4282200
2000-10-23,25.0,25.6875,25.0,25.1875,10.1159,3339000
2000-10-24,25.875,26.625,25.5,25.8125,10.3669,3554800
2000-10-25,25.8125,25.875,25.0625,25.125,10.0908,2832100
2000-10-26,25.0,25.4375,25.0,25.125,10.0908,4230500
2000-10-27,25.25,25.625,25.125,25.5625,10.2665,3553700
2000-10-30,25.25,27.0,25.1875,26.5,10.7694,8974800
2000-10-31,26.4375,27.0,25.5,26.125,10.617,7080400
2000-11-01,25.6875,26.5,25.625,25.8125,10.49,4792800
2000-11-02,25.875,26.25,25.5625,26.0625,10.5916,4093900
2000-11-03,25.8125,26.1875,25.1875,25.3125,10.2868,4587200
2000-11-06,25.25,26.75,25.25,26.4375,10.744,5284400
2000-11-07,25.375,26.0625,24.9375,25.0,10.1598,7000200
2000-11-08,25.0625,26.125,24.8125,24.8125,10.0836,5620900
2000-11-09,24.9375,25.625,24.8125,25.4375,10.3376,4345200
2000-11-10,25.1875,25.3125,24.875,25.0625,10.1852,3693700
2000-11-13,24.875,25.875,24.875,25.3125,10.2868,3675800
2000-11-14,25.0,25.8125,25.0,25.3125,10.2868,3317600
2000-11-15,25.125,26.4375,25.125,26.25,10.6678,5936000
2000-11-16,25.8125,25.9375,25.0,25.0,10.1598,5392700
2000-11-17,25.0,25.25,24.875,24.9375,10.1344,5177700
2000-11-20,24.875,24.875,23.5,23.5,9.5502,6370400
2000-11-21,23.875,24.75,23.875,24.375,9.9058,4979400
2000-11-22,24.0625,24.125,23.75,23.8125,9.6772,2713100
2000-11-24,23.875,24.375,23.8125,24.0625,9.7788,1024300
2000-11-27,23.875,24.9375,23.875,24.5625,9.982,3359100
2000-11-28,24.6875,24.9375,24.125,24.125,9.8042,3531100
2000-11-29,24.375,24.75,24.375,24.4375,9.9312,2770700
2000-11-30,23.625,23.9375,22.5625,22.75,9.2454,8213300
2000-12-01,23.625,24.5625,23.0,24.1875,9.8296,7976700
2000-12-04,23.0,24.375,22.8125,23.8125,9.6772,6196600
2000-12-05,23.75,24.8125,23.3125,24.75,10.0582,6770500
2000-12-06,23.75,24.25,23.5,23.875,9.7026,6054700
2000-12-07,23.875,24.5,23.8125,24.0,9.7534,4572200
2000-12-08,24.0,24.5,23.6875,24.125,9.8042,3727400
2000-12-11,23.75,24.1875,23.5625,23.875,9.7026,3334400
2000-12-12,23.5625,24.25,23.5625,23.625,9.601,4245800
2000-12-13,23.3125,24.0625,23.25,23.625,9.601,5728700
2000-12-14,23.625,23.9375,23.1875,23.25,9.4486,5470100
2000-12-15,22.1875,23.625,22.125,22.5,9.1438,8593000
2000-12-18,23.0625,23.6875,22.9375,23.5,9.5502,5042200
2000-12-19,23.8125,23.875,23.3125,23.5625,9.5756,4097500
2000-12-20,23.125,23.25,21.6875,22.125,8.9914,7916000
2000-12-21,22.4375,24.1875,22.1875,24.1875,9.8296,9171400
2000-12-22,22.75,24.0,22.3125,22.8125,9.2708,8402800
2000-12-26,22.8125,24.125,22.75,24.0,9.7534,5520200
2000-12-27,23.25,23.8125,23.1875,23.5625,9.5756,5228800
2000-12-28,23.8125,24.3125,23.8125,24.25,9.855,3995500
2000-12-29,24.0625,24.0625,23.3125,23.4375,9.5248,4746800
2001-01-02,23.8125,24.9375,23.75,24.3125,9.8804,5226500
2001-01-03,24.5625,25.5,23.875,25.125,10.2106,11157800
2001-01-04,28.0,28.0,25.4375,26.9375,10.9472,14896200
2001-01-05,27.0,27.0,25.875,26.25,10.6678,6710900
2001-01-08,25.4375,26.0,24.9375,25.625,10.4138,5900300
2001-01-09,25.75,26.75,25.5625,26.4375,10.744,7254400
2001-01-10,25.625,26.5,25.5625,26.25,10.6678,6974400
2001-01-11,26.0625,27.625,25.9375,26.9375,10.9472,6835600
2001-01-12,27.0,27.0625,25.875,26.375,10.7186,5003000
2001-01-16,26.375,27.4375,26.0,27.125,11.0234,6242700
2001-01-17,27.375,27.5,26.625,26.875,10.9218,3039000
2001-01-18,26.5625,27.8125,26.5625,27.1875,11.0488,5065400
2001-01-19,26.75,27.0,25.9375,26.3125,10.6932,6563300
2001-01-22,26.3125,27.1875,26.125,27.125,11.0234,4243600
2001-01-23,27.375,27.375,26.875,27.0,10.9726,3482100
2001-01-24,27.125,28.0,27.0,27.75,11.2774,5593000
2001-01-25,27.6875,28.25,27.5625,28.0625,11.4044,5915800
2001-01-26,27.9375,28.25,27.5625,28.0,11.502,4187200
2001-01-29,27.85,28.32,27.66,28.29,11.6211,3326800
2001-01-30,28.02,28.74,27.63,28.3,11.6252,4020200
2001-01-31,28.35,28.65,27.9,28.19,11.58,4553600
2001-02-01,27.92,28.42,27.7,28.37,11.6539,3507100
2001-02-02,28.25,28.31,27.87,28.01,11.5061,4275600
2001-02-05,28.1,28.75,28.07,28.45,11.6868,4061600
2001-02-06,28.45,28.91,28.4,28.74,11.8059,4603800
2001-02-07,28.25,28.65,27.25,27.26,11.198,6834200
2001-02-08,27.95,28.25,27.72,28.01,11.5061,5327100
2001-02-09,28.05,28.05,26.8,26.92,11.0583,4210900
2001-02-12,27.34,28.0,27.3,27.8,11.4198,5888100
2001-02-13,27.95,28.09,27.55,27.92,11.4691,3332000
2001-02-14,27.94,28.47,27.79,27.86,11.4444,4509100
2001-02-15,28.18,28.29,27.87,28.0,11.502,4265400
2001-02-16,27.8,28.24,27.6,27.6,11.3376,4200400
2001-02-20,27.65,28.46,27.61,27.71,11.3828,4845000
2001-02-21,27.53,28.35,27.53,27.68,11.3705,3677600
2001-02-22,27.7,27.97,27.12,27.51,11.3007,4769400
2001-02-23,27.35,28.65,27.28,28.35,11.6457,7048500
2001-02-26,28.45,29.0,28.0,28.6,11.7484,6265700
2001-02-27,28.6,28.73,28.26,28.43,11.6786,4132700
2001-02-28,28.9,28.97,27.5,27.81,11.4239,4803100
2001-03-01,27.81,28.51,27.8,28.21,11.5882,6285400
2001-03-02,28.21,28.6,27.98,28.06,11.5266,4060600
2001-03-05,27.65,28.48,27.65,28.3,11.6252,2932300
2001-03-06,28.8,29.25,28.5,29.04,11.9292,4536700
2001-03-07,29.02,29.18,28.91,29.08,11.9456,3986500
2001-03-08,29.09,30.5,28.93,30.35,12.4673,11033100
2001-03-09,30.17,30.45,29.91,30.1,12.3646,7359500
2001-03-12,30.05,31.37,29.77,30.25,12.4262,8059200
2001-03-13,30.13,30.5,29.43,29.84,12.2578,5677000
2001-03-14,29.1,30.25,28.69,28.69,11.7854,8795200
2001-03-15,28.12,28.67,28.12,28.6,11.7484,5616100
2001-03-16,27.95,29.0,27.95,28.43,11.6786,7993400
2001-03-19,28.4,30.09,28.4,29.81,12.2455,5152000
2001-03-20,29.58,30.04,28.75,28.82,11.8388,5885600
2001-03-21,29.05,29.33,28.05,28.25,11.6047,5222700
2001-03-22,28.0,28.1,27.02,27.81,11.4239,7059400
2001-03-23,28.0,28.1,27.07,27.9,11.4609,5035700
2001-03-26,28.6,29.55,28.4,28.99,11.9086,3820100
2001-03-27,28.1,28.4,27.74,28.12,11.5513,8785400
2001-03-28,28.25,28.42,27.78,27.94,11.4773,4944000
2001-03-29,27.99,28.67,27.52,28.49,11.7032,4983300
2001-03-30,28.39,28.65,27.77,28.12,11.5513,3807000
2001-04-02,27.8,28.8,27.75,28.61,11.7525,5252400
2001-04-03,28.17,28.32,27.29,27.37,11.2432,5127500
2001-04-04,27.88,28.63,27.87,28.57,11.7361,7200800
2001-04-05,28.7,28.8,27.98,28.35,11.6457,5531000
2001-04-06,27.78,28.14,27.5,27.8,11.4198,5084400
2001-04-09,28.05,29.0,27.95,29.0,11.9127,4417500
2001-04-10,28.9,29.9,28.65,28.96,11.8963,4634700
2001-04-11,28.96,28.96,27.65,28.18,11.5759,7375700
2001-04-12,28.35,29.03,28.03,29.0,11.9127,5149100
2001-04-16,28.85,29.18,28.51,29.18,11.9867,3531600
2001-04-17,28.8,29.25,28.8,28.88,11.8634,3264500
2001-04-18,29.5,31.42,29.25,30.71,12.6152,11597300
2001-04-19,30.0,30.68,29.92,30.3,12.4468,6807800
2001-04-20,30.08,30.35,29.9,30.0,12.3235,5214500
2001-04-23,30.0,30.41,29.93,30.06,12.3482,3574900
2001-04-24,30.0,30.35,29.67,29.67,12.188,4248900
2001-04-25,28.75,28.92,27.9,28.8,11.8306,7978500
2001-04-26,28.98,29.73,28.75,29.2,11.9949,7514100
2001-04-27,29.0,29.61,28.91,29.61,12.1633,4613400
2001-04-30,29.25,29.92,28.95,29.48,12.2339,5593100
2001-05-01,28.8,29.14,28.0,28.3,11.7442,8231800
2001-05-02,28.37,29.43,28.18,29.25,12.1384,8037600
2001-05-03,29.05,29.05,28.35,28.7,11.9102,3601000
2001-05-04,28.38,29.2,28.25,29.08,12.0679,3354400
2001-05-07,28.45,28.82,28.2,28.45,11.8064,4490200
2001-05-08,28.41,28.43,27.96,28.16,11.6861,4498800
2001-05-09,28.16,28.72,27.99,28.08,11.6529,4461800
2001-05-10,28.38,28.87,28.22,28.42,11.794,5140400
2001-05-11,28.42,28.51,27.57,27.82,11.545,4201800
2001-05-14,28.0,28.28,27.42,27.8,11.5367,3577600
2001-05-15,28.3,28.3,27.66,27.96,11.6031,4593900
2001-05-16,27.35,28.35,27.35,28.09,11.657,6705600
2001-05-17,28.18,28.25,27.25,27.56,11.4371,7315700
2001-05-18,27.6,27.73,26.88,27.13,11.2586,6536000
2001-05-21,26.3,26.68,26.0,26.65,11.0594,12907000
2001-05-22,26.25,26.25,25.7,25.98,10.7814,10742600
2001-05-23,25.12,25.8,24.74,25.79,10.7026,13937100
2001-05-24,25.11,25.65,25.04,25.65,10.6445,8314100
2001-05-25,25.12,25.26,24.52,24.74,10.2668,7846400
2001-05-29,24.58,25.14,24.57,24.99,10.3706,5307500
2001-05-30,24.79,24.98,24.05,24.6,10.2087,6207800
2001-05-31,24.82,24.83,24.15,24.35,10.105,5977700
2001-06-01,24.3,24.59,24.08,24.59,10.2046,5374400
2001-06-04,24.79,24.79,24.23,24.59,10.2046,5529700
2001-06-05,24.5,24.55,24.07,24.22,10.051,5422000
2001-06-06,24.07,24.69,24.05,24.22,10.051,6435100
2001-06-07,24.08,24.17,23.77,24.14,10.0178,6091900
2001-06-08,24.13,24.14,23.75,24.0,9.9597,2742300
2001-06-11,24.55,25.04,24.51,24.83,10.3042,8864200
2001-06-12,24.63,24.92,24.52,24.66,10.2336,5735100
2001-06-13,24.77,25.25,24.56,24.58,10.2004,5834700
2001-06-14,24.57,24.7,24.06,24.48,10.1589,4700900
2001-06-15,24.02,24.57,24.02,24.09,9.9971,7483400
2001-06-18,24.36,25.09,24.11,25.0,10.3747,6946400
2001-06-19,25.0,25.17,24.54,24.74,10.2668,4398200
2001-06-20,24.55,24.88,24.4,24.65,10.2295,3897700
2001-06-21,24.53,26.15,24.5,25.9,10.7482,7869200
2001-06-22,25.68,25.85,25.08,25.19,10.4536,4043700
2001-06-25,25.42,25.42,25.0,25.08,10.4079,3841500
2001-06-26,24.91,25.19,24.79,24.79,10.2876,6194000
2001-06-27,24.67,24.98,23.5,24.27,10.0718,4413500
2001-06-28,24.45,25.13,24.4,24.81,10.2959,6360600
2001-06-29,24.3,24.7,24.28,24.55,10.188,6331100
2001-07-02,24.56,25.16,24.4,25.09,10.4121,4474100
2001-07-03,24.95,25.15,24.83,25.05,10.3955,1773400
2001-07-05,24.92,25.35,24.92,25.03,10.3872,3026700
2001-07-06,24.8,24.9,24.25,24.28,10.0759,3950800
2001-07-09,24.45,24.54,24.28,24.37,10.1133,3710800
2001-07-10,24.95,24.99,24.59,24.75,10.271,4329700
2001-07-11,24.75,25.55,24.7,25.32,10.5075,6785800
2001-07-12,25.05,25.46,25.0,25.26,10.4826,4583500
2001-07-13,25.6,25.75,25.27,25.6,10.6237,3765900
2001-07-16,25.7,25.7,24.87,25.0,10.3747,4754800
2001-07-17,25.32,25.9,25.13,25.72,10.6735,4811700
2001-07-18,25.72,25.82,25.02,25.34,10.5158,3636100
2001-07-19,25.3,25.79,25.28,25.64,10.6403,4868000
2001-07-20,25.64,25.93,25.56,25.76,10.6901,3549900
2001-07-23,25.75,25.84,25.27,25.52,10.5905,2620500
2001-07-24,25.37,25.54,25.1,25.23,10.4702,3298100
2001-07-25,25.11,25.65,25.01,25.5,10.5822,3399100
2001-07-26,25.11,25.22,24.8,25.09,10.4121,6878400
2001-07-27,25.1,25.55,25.05,25.26,10.4826,3601000
2001-07-30,25.11,25.38,25.01,25.16,10.4411,2765500
2001-07-31,25.15,25.7,25.1,25.47,10.5698,3841800
2001-08-01,25.15,25.35,24.81,25.03,10.511,4620900
2001-08-02,25.25,25.25,24.92,25.12,10.5488,2810400
2001-08-03,24.96,25.12,24.75,24.95,10.4774,2369500
2001-08-06,24.71,24.94,24.63,24.65,10.3514,2328300
2001-08-07,24.71,24.97,24.66,24.75,10.3934,2573800
2001-08-08,24.75,24.75,24.25,24.37,10.2338,4964500
2001-08-09,24.26,24.52,24.16,24.37,10.2338,4285400
2001-08-10,24.75,24.95,24.51,24.77,10.4018,3727000
2001-08-13,24.46,24.47,23.46,23.74,9.9693,9220600
2001-08-14,23.51,23.52,22.82,22.99,9.6543,7278000
2001-08-15,22.99,23.23,22.25,22.55,9.4695,6618100
2001-08-16,22.65,23.9,22.36,23.47,9.8559,8486800
2001-08-17,22.0,22.15,21.23,21.7,9.1126,13543300
2001-08-20,21.4,21.5,19.9,20.4,8.5667,14819300
2001-08-21,20.12,20.56,20.01,20.1,8.4407,6011800
2001-08-22,20.2,20.54,19.97,20.31,8.5289,7662600
2001-08-23,20.41,20.58,20.08,20.08,8.4323,4854000
2001-08-24,20.17,20.89,20.15,20.39,8.5625,5288800
2001-08-27,20.39,20.59,20.25,20.25,8.5037,2721800
2001-08-28,20.39,20.4,20.2,20.32,8.5331,3189300
2001-08-29,20.33,20.49,20.15,20.19,8.4785,3304900
2001-08-30,20.19,20.25,19.74,19.76,8.2979,5812100
2001-08-31,20.0,20.19,19.87,19.87,8.3441,4713100
2001-09-04,19.93,20.72,19.88,20.25,8.5037,4816000
2001-09-05,20.03,20.33,19.82,19.97,8.3861,5149200
2001-09-06,19.96,20.0,19.4,19.4,8.1467,8138500
2001-09-07,19.0,19.09,18.49,18.76,7.878,9270400
2001-09-10,18.7,19.55,18.52,19.4,8.1467,5233700
2001-09-17,17.1,17.74,16.1,16.55,6.9499,17495900
2001-09-18,16.31,17.16,16.31,16.93,7.1095,12849100
2001-09-19,17.0,17.3,16.1,16.43,6.8995,9337500
2001-09-20,16.11,16.61,15.46,15.49,6.5048,11257000
2001-09-21,15.02,15.52,14.7,15.34,6.4418,13448100
2001-09-24,16.47,16.89,15.91,16.43,6.8995,8289900
2001-09-25,16.44,16.44,15.9,16.12,6.7694,7674600
2001-09-26,16.5,16.51,16.2,16.38,6.8785,4771700
2001-09-27,16.39,16.72,16.07,16.56,6.9541,5403600
2001-09-28,16.7,17.68,16.7,17.35,7.2859,6198300
2001-10-01,17.35,17.56,17.03,17.24,7.2397,4475400
2001-10-02,17.24,17.9,17.2,17.8,7.4748,6361800
2001-10-03,17.8,18.12,17.34,17.95,7.5378,6437400
2001-10-04,18.11,18.18,17.0,17.24,7.2397,6494300
2001-10-05,17.47,17.73,17.26,17.67,7.4202,4912400
2001-10-08,17.29,17.53,17.1,17.29,7.2607,3214800
2001-10-09,17.16,17.65,16.92,17.55,7.3699,6553100
2001-10-10,17.55,18.19,17.48,18.13,7.6134,4469500
2001-10-11,18.75,18.77,17.86,18.0,7.5588,10253700
2001-10-12,17.9,18.09,17.41,17.73,7.4454,5758400
2001-10-15,17.73,17.87,17.5,17.73,7.4454,3476700
2001-10-16,17.95,18.01,17.35,17.68,7.4245,4103400
2001-10-17,17.3,17.78,17.12,17.13,7.1935,4087000
2001-10-18,17.0,17.01,16.75,16.77,7.0423,4411200
2001-10-19,16.78,16.88,16.15,16.51,6.9331,4539800
2001-10-22,16.51,16.55,16.29,16.55,6.9499,4210100
2001-10-23,16.7,16.9,16.55,16.87,7.0843,5155700
2001-10-24,16.73,16.74,16.01,16.06,6.7442,6585400
2001-10-25,16.13,16.52,16.02,16.52,6.9373,6395600
2001-10-26,16.25,16.92,16.19,16.66,6.9961,4430200
2001-10-29,16.52,16.59,16.15,16.21,6.8071,3911700
2001-10-30,16.13,16.29,16.02,16.05,6.74,7250600
2001-10-31,16.12,16.32,15.88,16.05,6.8035,8847900
2001-11-01,16.03,16.47,15.97,16.37,6.9392,6289400
2001-11-02,16.37,16.52,16.1,16.29,6.9053,4288300
2001-11-05,16.29,16.5,16.1,16.18,6.8586,4546600
2001-11-06,16.02,16.39,15.99,16.38,6.9434,4603300
2001-11-07,16.48,16.58,16.13,16.28,6.901,4202600
2001-11-08,16.39,16.77,16.33,16.77,7.1087,4616200
2001-11-09,16.38,16.66,16.3,16.46,6.9773,3215100
2001-11-12,16.2,16.36,16.1,16.21,6.8714,2875400
2001-11-13,16.43,16.55,16.32,16.43,6.9646,4352000
2001-11-14,16.79,16.85,16.2,16.34,6.9265,7434800
2001-11-15,16.35,16.87,16.35,16.77,7.1087,7096100
2001-11-16,16.99,17.57,16.83,17.05,7.2274,8651900
2001-11-19,17.5,17.7,17.36,17.55,7.4394,7385200
2001-11-20,17.63,17.8,17.16,17.28,7.3249,5594600
2001-11-21,17.28,17.5,17.0,17.13,7.2613,3811500
2001-11-23,17.38,17.88,17.28,17.88,7.5793,2849200
2001-11-26,18.0,18.7,17.91,18.58,7.876,7915800
2001-11-27,18.64,18.65,18.06,18.29,7.7531,6033800
2001-11-28,18.19,18.4,17.9,17.91,7.592,3508700
2001-11-29,18.06,18.35,17.94,18.26,7.7403,4529100
2001-11-30,18.33,19.08,18.3,18.94,8.0286,7022600
2001-12-03,18.45,18.46,17.72,17.8,7.5454,7365300
2001-12-04,17.96,18.02,17.41,17.74,7.5199,7199200
2001-12-05,17.02,17.5,16.75,16.79,7.1172,14935200
2001-12-06,17.0,17.62,16.8,17.36,7.3588,8929800
2001-12-07,17.15,17.33,17.01,17.13,7.2613,5180100
2001-12-10,16.86,17.09,16.66,16.66,7.0621,5476100
2001-12-11,16.7,16.88,16.53,16.66,7.0621,4936900
2001-12-12,16.83,16.85,16.49,16.65,7.0579,5434900
2001-12-13,16.65,16.78,16.15,16.17,6.8544,5374700
2001-12-14,16.35,16.36,16.02,16.1,6.8247,5706100
2001-12-17,16.05,16.05,15.0,15.0,6.3584,13112300
2001-12-18,15.29,15.3,14.99,15.08,6.3924,10171100
2001-12-19,14.99,15.14,14.83,14.93,6.3288,8586000
2001-12-20,15.14,15.46,15.0,15.25,6.4644,8165900
2001-12-21,15.25,15.48,15.21,15.45,6.5492,8701000
2001-12-24,15.27,15.42,15.25,15.33,6.4983,3093500
2001-12-26,15.33,15.53,15.26,15.4,6.528,4215400
2001-12-27,15.48,15.83,15.43,15.74,6.6721,5211800
2001-12-28,15.83,16.05,15.75,15.95,6.7612,5312700
2001-12-31,16.05,16.23,15.69,15.72,6.6637,7231500
2002-01-02,15.94,16.3,15.76,16.22,6.8756,5755800
2002-01-03,16.47,16.91,16.35,16.73,7.0918,8720100
2002-01-04,17.0,17.15,16.77,16.94,7.1808,7906200
2002-01-07,17.0,17.05,16.47,16.5,6.9943,6035300
2002-01-08,16.43,16.74,16.4,16.56,7.0197,4532900
2002-01-09,16.5,16.83,16.3,16.31,6.9138,7033600
2002-01-10,15.85,15.9,15.1,15.29,6.4814,14260600
2002-01-11,14.9,15.75,14.9,15.5,6.5704,20725100
2002-01-14,15.5,15.5,15.15,15.35,6.5068,7188300
2002-01-15,15.2,15.59,14.91,15.04,6.3754,9463000
2002-01-16,14.9,15.3,14.85,14.96,6.3415,7703100
2002-01-17,14.95,14.96,14.49,14.7,6.2313,13617400
2002-01-18,14.65,14.66,14.33,14.5,6.1465,11948000
2002-01-22,14.5,14.51,14.24,14.43,6.1168,13213000
2002-01-23,14.33,14.68,14.01,14.54,6.1635,27092700
2002-01-24,14.64,14.81,14.27,14.45,6.1253,41883000
2002-01-25,14.56,14.86,14.42,14.61,6.1931,50471700
2002-01-28,14.92,15.24,14.88,15.06,6.4279,33423100
2002-01-29,15.24,15.35,14.82,14.92,6.3681,22027700
2002-01-30,15.0,15.02,14.26,14.87,6.3468,18821100
2002-01-31,15.01,15.35,14.91,15.3,6.5303,12826500
2002-02-01,14.52,15.08,14.5,14.9,6.3596,21492300
2002-02-04,14.79,14.94,14.51,14.63,6.2443,8558200
2002-02-05,14.55,14.69,14.0,14.04,5.9925,14569500
2002-02-06,14.1,14.4,14.05,14.1,6.0181,13747200
2002-02-07,14.05,14.63,13.9,14.53,6.2017,17728700
2002-02-08,14.52,14.6,14.13,14.38,6.1376,6364400
2002-02-11,14.28,14.45,14.16,14.3,6.1035,7975900
2002-02-12,14.22,14.4,14.22,14.34,6.1206,5553100
2002-02-13,14.72,15.03,14.57,14.99,6.398,8080300
2002-02-14,15.1,15.1,14.65,14.7,6.2742,7825800
2002-02-15,14.62,14.7,14.4,14.62,6.2401,4281300
2002-02-19,14.29,14.62,14.25,14.28,6.095,7306200
2002-02-20,14.38,14.68,14.31,14.5,6.1889,7216700
2002-02-21,14.99,15.05,14.46,14.67,6.2614,7332400
2002-02-22,14.57,14.79,14.32,14.58,6.223,6581400
2002-02-25,14.8,15.3,14.73,15.23,6.5004,9877600
2002-02-26,15.42,15.62,15.11,15.55,6.637,9663100
2002-02-27,15.58,15.78,15.22,15.3,6.5303,8047400
2002-02-28,15.31,15.4,14.88,14.88,6.3511,8454100
2002-03-01,15.0,15.74,14.93,15.64,6.6754,14350100
2002-03-04,15.93,16.35,15.85,16.17,6.9016,16318700
2002-03-05,16.39,16.4,15.55,15.74,6.7181,14976700
2002-03-06,16.0,16.52,15.85,16.35,6.9785,11895300
2002-03-07,16.98,16.98,16.65,16.91,7.2175,17223700
2002-03-08,17.1,17.12,16.7,16.81,7.1748,13027300
2002-03-11,16.88,17.29,16.5,17.2,7.3413,9739800
2002-03-12,17.01,17.18,16.75,17.01,7.2602,16034700
2002-03-13,16.9,17.15,16.81,17.11,7.3029,7382600
2002-03-14,16.95,17.15,16.91,16.91,7.2175,7222000
2002-03-15,16.98,17.08,16.73,16.93,7.226,7750200
2002-03-18,17.0,17.27,16.84,17.07,7.2858,7584500
2002-03-19,17.21,17.24,16.94,17.18,7.3327,5054100
2002-03-20,17.03,17.08,16.41,16.5,7.0425,9362000
2002-03-21,16.54,16.9,16.3,16.7,7.1279,8792800
2002-03-22,16.65,16.81,16.4,16.67,7.1151,5360000
2002-03-25,16.62,16.78,16.02,16.05,6.8504,8665400
2002-03-26,16.05,16.46,15.99,16.09,6.8675,10597400
2002-03-27,16.13,16.2,16.0,16.1,6.8718,6598700
2002-03-28,16.18,16.68,16.15,16.49,7.0382,5675100
2002-04-01,15.91,15.93,15.61,15.73,6.7138,8674700
2002-04-02,15.62,15.68,15.33,15.37,6.5602,8514100
2002-04-03,15.4,15.75,15.02,15.06,6.4279,9931600
2002-04-04,15.25,15.35,15.05,15.14,6.462,7407400
2002-04-05,15.34,15.39,15.0,15.05,6.4236,8334600
2002-04-08,15.0,15.11,14.88,15.11,6.4492,5801600
2002-04-09,15.12,15.18,14.96,15.03,6.4151,5021700
2002-04-10,15.15,15.74,15.07,15.6,6.6584,6970500
2002-04-11,15.6,15.6,14.9,14.9,6.3596,7179400
2002-04-12,15.13,15.4,15.05,15.34,6.5474,4712600
2002-04-15,15.4,15.52,15.05,15.06,6.4279,4526800
2002-04-16,15.3,15.99,15.19,15.86,6.7693,10830100
2002-04-17,16.5,16.5,15.96,16.18,6.9059,17049500
2002-04-18,16.23,16.27,15.5,15.87,6.7736,7737100
2002-04-19,16.03,16.5,15.9,16.36,6.9827,6536700
2002-04-22,16.36,16.36,16.0,16.05,6.8504,7065200
2002-04-23,16.02,16.62,16.01,16.45,7.0212,7840700
2002-04-24,16.48,16.75,16.21,16.22,6.923,4599800
2002-04-25,16.25,16.32,16.0,16.32,6.9657,4744100
2002-04-26,16.29,16.39,16.13,16.3,6.9571,5056600
2002-04-29,16.15,16.24,15.75,15.86,6.7693,5404400
2002-04-30,15.75,16.14,15.7,16.0,6.8291,5645300
2002-05-01,15.97,16.46,15.67,16.34,7.0181,7105100
2002-05-02,16.28,16.39,16.03,16.1,6.915,12494500
2002-05-03,16.02,16.19,15.76,16.09,6.9107,8519700
2002-05-06,16.0,16.23,15.91,15.93,6.842,6008900
2002-05-07,15.8,16.24,15.6,15.64,6.7174,7444000
2002-05-08,15.8,16.21,15.79,16.0,6.872,8218400
2002-05-09,15.83,16.1,15.75,15.94,6.8463,7139500
2002-05-10,16.06,16.15,15.74,15.83,6.799,5255500
2002-05-13,15.9,16.22,15.84,16.19,6.9536,5420500
2002-05-14,16.41,16.56,16.25,16.49,7.0825,11768900
2002-05-15,16.46,16.82,16.43,16.64,7.1469,8393600
2002-05-16,16.65,16.85,16.55,16.58,7.1211,7697200
2002-05-17,16.58,16.79,16.55,16.72,7.1813,4514600
2002-05-20,16.8,16.88,16.5,16.73,7.1856,5304000
2002-05-21,17.21,17.7,17.21,17.58,7.5507,21985000
2002-05-22,17.65,18.23,17.62,18.19,7.8126,14684900
2002-05-23,18.15,18.17,17.7,18.08,7.7654,7937500
2002-05-24,18.18,18.18,17.66,17.74,7.6194,4666000
2002-05-28,17.85,17.96,17.55,17.59,7.5549,5722100
2002-05-29,17.78,17.79,17.49,17.73,7.6151,6571500
2002-05-30,17.65,17.74,17.51,17.59,7.5549,7656300
2002-05-31,17.56,17.84,17.47,17.65,7.5807,6567500
2002-06-03,17.7,17.84,17.2,17.31,7.4347,6706400
2002-06-04,17.25,17.25,16.6,16.92,7.2672,10203100
2002-06-05,16.97,17.08,16.75,16.95,7.2801,6148600
2002-06-06,17.0,17.11,16.56,16.75,7.1942,5800700
2002-06-07,16.7,16.7,16.41,16.55,7.1083,6679500
2002-06-10,16.7,16.96,16.55,16.79,7.2113,4035600
2002-06-11,16.89,17.36,16.77,16.82,7.2242,6146800
2002-06-12,16.82,16.93,16.5,16.68,7.1641,6595700
2002-06-13,16.55,16.77,16.31,16.48,7.0782,6010000
2002-06-14,16.14,16.19,15.62,15.89,6.8248,10048100
2002-06-17,16.07,16.4,16.02,16.36,7.0267,7173000
2002-06-18,16.35,17.05,16.22,16.92,7.2672,5920600
2002-06-19,16.79,16.98,16.46,16.48,7.0782,6754800
2002-06-20,16.03,16.04,15.69,15.73,6.7561,8487300
2002-06-21,15.41,15.68,15.36,15.52,6.6659,10006300
2002-06-24,15.51,15.92,15.38,15.85,6.8076,8378100
2002-06-25,16.0,16.54,15.91,16.05,6.8935,8308700
2002-06-26,15.62,15.94,15.52,15.75,6.7647,7475700
2002-06-27,15.77,16.0,15.25,15.77,6.7733,11879700
2002-06-28,15.84,16.48,15.77,16.0,6.872,7058600
2002-07-01,16.0,16.24,15.5,15.52,6.6659,6957500
2002-07-02,15.53,15.99,15.25,15.76,6.769,10598700
2002-07-03,15.44,15.62,15.0,15.3,6.5714,9156300
2002-07-05,15.4,15.74,15.4,15.69,6.7389,3731000
2002-07-08,15.57,15.67,15.03,15.15,6.507,7476100
2002-07-09,15.26,15.48,15.06,15.11,6.4898,6800400
2002-07-10,15.02,15.03,13.95,13.99,6.0087,17840000
2002-07-11,13.75,13.76,12.94,13.18,5.6608,20487400
2002-07-12,13.2,13.38,12.51,12.61,5.416,18105000
2002-07-15,12.6,12.97,12.21,12.8,5.4976,11812700
2002-07-16,12.8,12.98,12.26,12.5,5.3688,10314700
2002-07-17,13.48,13.51,12.33,12.52,5.3774,13321400
2002-07-18,13.15,13.15,12.45,12.81,5.5019,9636100
2002-07-19,12.81,12.99,12.23,12.39,5.3215,9290400
2002-07-22,12.45,12.91,11.95,12.27,5.27,13733100
2002-07-23,12.36,12.46,12.01,12.1,5.197,12162600
2002-07-24,12.0,12.85,11.52,12.64,5.4289,12548500
2002-07-25,12.49,12.8,12.11,12.56,5.3946,11765500
2002-07-26,12.5,12.74,12.27,12.6,5.4117,6009400
2002-07-29,12.95,13.3,12.74,13.13,5.6394,9473300
2002-07-30,13.17,13.36,13.01,13.2,5.6694,7130700
2002-07-31,13.28,13.47,13.05,13.47,5.8296,6921600
2002-08-01,13.37,13.52,13.01,13.05,5.6478,7331700
2002-08-02,13.1,13.1,12.2,12.45,5.3881,7755600
2002-08-05,12.45,12.55,11.66,11.76,5.0895,13162400
2002-08-06,12.08,12.4,12.0,12.16,5.2626,6449000
2002-08-07,12.36,12.37,11.98,12.28,5.3146,7189700
2002-08-08,12.28,12.28,11.65,11.92,5.1588,12213700
2002-08-09,11.98,11.99,11.61,11.84,5.1241,10075000
2002-08-12,11.8,11.97,11.55,11.64,5.0376,8458700
2002-08-13,11.64,11.85,11.29,11.44,4.951,8964300
2002-08-14,11.44,11.51,10.65,11.35,4.9121,19462300
2002-08-15,11.5,11.81,10.98,11.61,5.0246,9998200
2002-08-16,11.6,11.66,11.35,11.39,4.9294,7081800
2002-08-19,11.58,12.2,11.41,12.13,5.2496,10927900
2002-08-20,12.03,12.23,11.81,11.91,5.1544,8973800
2002-08-21,12.0,12.22,11.85,12.0,5.1934,12796000
2002-08-22,12.03,12.24,11.89,12.17,5.2669,7632700
2002-08-23,12.09,12.13,11.73,11.78,5.0982,6839100
2002-08-26,11.88,12.19,11.82,12.08,5.228,5801900
2002-08-27,12.27,12.42,11.79,11.89,5.1458,9054800
2002-08-28,11.89,11.92,11.54,11.63,5.0332,8888500
2002-08-29,11.56,11.8,11.52,11.63,5.0332,6655400
2002-08-30,11.63,11.88,11.55,11.77,5.0938,5241400
2002-09-03,11.5,11.51,10.93,10.94,4.7346,14059900
2002-09-04,10.99,11.11,10.62,11.05,4.7822,12194600
2002-09-05,10.95,10.96,10.49,10.69,4.6264,13578000
2002-09-06,11.0,11.0,10.16,10.2,4.4144,16489200
2002-09-09,10.2,11.0,10.16,10.8,4.674,11924700
2002-09-10,11.2,11.22,10.7,10.9,4.7173,13688300
2002-09-11,11.45,11.45,10.73,11.16,4.8298,9069400
2002-09-12,11.1,11.1,10.75,10.89,4.713,9529400
2002-09-13,10.9,10.92,10.43,10.65,4.6091,9095500
2002-09-16,10.65,10.82,10.55,10.69,4.6264,8379600
2002-09-17,10.9,11.01,10.36,10.47,4.5312,11091500
2002-09-18,10.3,10.45,9.92,10.26,4.4403,14141600
2002-09-19,10.0,10.13,9.71,9.87,4.2715,11642600
2002-09-20,9.87,9.97,9.53,9.77,4.2283,13940500
2002-09-23,9.79,9.79,9.48,9.66,4.1807,8739500
2002-09-24,9.37,9.63,9.24,9.34,4.0422,10987900
2002-09-25,9.6,10.15,9.6,9.97,4.3148,14334600
2002-09-26,10.07,10.26,9.88,10.11,4.3754,11439900
2002-09-27,9.82,9.98,9.5,9.63,4.1677,8271100
2002-09-30,9.63,9.97,9.4,9.8,4.2413,13142400
2002-10-01,9.68,9.99,9.34,9.9,4.2845,13382300
2002-10-02,9.78,9.78,9.25,9.33,4.0378,11536400
2002-10-03,9.3,9.33,9.02,9.16,3.9643,9938300
2002-10-04,9.16,9.23,8.5,8.66,3.7479,18245200
2002-10-07,8.66,8.75,8.4,8.5,3.6786,10377600
2002-10-08,8.5,8.51,7.51,7.75,3.3541,29213400
2002-10-09,7.53,7.54,6.9,7.15,3.0944,47826600
2002-10-10,7.3,7.74,7.1,7.6,3.2891,26603700
2002-10-11,8.0,8.75,7.94,8.32,3.6007,27098600
2002-10-14,8.33,8.33,7.61,7.93,3.432,17419100
2002-10-15,8.7,8.87,8.35,8.87,3.8388,21842200
2002-10-16,8.97,9.07,8.02,8.26,3.5748,27452100
2002-10-17,8.76,8.95,8.44,8.49,3.6743,15249900
2002-10-18,8.49,8.49,8.0,8.26,3.5748,11645200
2002-10-21,8.48,9.55,8.25,9.55,4.1331,22223200
2002-10-22,9.54,9.97,9.26,9.4,4.0681,19039400
2002-10-23,9.37,9.4,8.87,9.17,3.9686,14857000
2002-10-24,9.1,9.39,8.75,8.86,3.8344,10628300
2002-10-25,8.5,8.84,8.39,8.72,3.7739,9570000
2002-10-28,8.82,9.08,8.75,8.78,3.7998,8066500
2002-10-29,8.78,8.85,8.35,8.35,3.6137,10894500
2002-10-30,8.4,8.54,8.26,8.42,3.6882,7416500
2002-10-31,8.55,8.64,8.37,8.46,3.7057,9332500
2002-11-01,8.43,8.59,8.31,8.43,3.6926,8035000
2002-11-04,8.71,8.97,8.51,8.56,3.7495,9089500
2002-11-05,8.57,8.98,8.56,8.9,3.8984,10710100
2002-11-06,8.99,9.49,8.96,9.35,4.0956,14891500
2002-11-07,9.26,9.3,8.75,8.8,3.8546,12567700
2002-11-08,8.88,9.05,8.5,8.74,3.8284,7892700
2002-11-11,8.68,8.69,8.44,8.5,3.7232,6267900
2002-11-12,8.6,8.76,8.51,8.63,3.7802,7439900
2002-11-13,8.64,8.7,8.41,8.52,3.732,14083200
2002-11-14,8.72,8.95,8.67,8.8,3.8546,8025100
2002-11-15,8.6,8.9,8.53,8.65,3.7889,8757200
2002-11-18,8.78,8.89,8.7,8.8,3.8546,6880300
2002-11-19,8.76,8.77,8.51,8.55,3.7451,9559400
2002-11-20,8.58,9.02,8.55,8.93,3.9116,8629800
2002-11-21,9.0,10.43,8.98,10.32,4.5204,32465700
2002-11-22,9.8,10.44,9.79,10.21,4.4723,15013900
2002-11-25,10.38,10.89,10.35,10.88,4.7657,16357200
2002-11-26,10.88,11.4,10.72,10.82,4.7394,21852000
2002-11-27,11.05,11.21,10.88,11.03,4.8314,9899100
2002-11-29,11.13,11.5,11.11,11.38,4.9847,7650000
2002-12-02,11.65,11.91,11.36,11.45,5.0154,12192000
2002-12-03,11.45,11.45,9.91,9.96,4.3627,29231300
2002-12-04,9.96,10.46,9.7,10.15,4.446,19457600
2002-12-05,10.36,10.38,9.93,10.02,4.389,11760200
2002-12-06,9.87,9.91,9.65,9.88,4.3277,11901000
2002-12-09,9.56,9.84,9.33,9.45,4.1394,8615400
2002-12-10,9.64,9.75,9.45,9.62,4.2138,5554700
2002-12-11,9.62,9.94,9.5,9.68,4.2401,7737000
2002-12-12,9.58,9.95,9.58,9.85,4.3146,6634200
2002-12-13,9.77,9.82,9.64,9.7,4.2489,6052500
2002-12-16,9.7,9.94,9.69,9.94,4.354,5671300
2002-12-17,9.77,10.03,9.72,9.88,4.3277,7138700
2002-12-18,9.82,9.88,9.63,9.71,4.2532,7449700
2002-12-19,9.61,9.92,9.61,9.78,4.2839,8413700
2002-12-20,9.82,9.94,9.74,9.78,4.2839,9582900
2002-12-23,9.78,9.85,9.6,9.63,4.2182,5316900
2002-12-24,9.69,9.73,9.52,9.6,4.2051,2599000
2002-12-26,9.65,9.85,9.63,9.79,4.2883,4364000
2002-12-27,9.74,9.8,9.53,9.58,4.1963,3873300
2002-12-30,9.58,9.67,9.46,9.6,4.2051,5935400
2002-12-31,9.5,9.57,9.3,9.3,4.0737,7257400
2003-01-02,9.5,9.95,9.47,9.94,4.354,10137600
2003-01-03,9.88,9.97,9.67,9.68,4.2401,8436000
2003-01-06,9.7,10.15,9.68,10.07,4.4109,11028600
2003-01-07,10.07,10.25,9.95,10.13,4.4372,8406900
2003-01-08,10.13,10.2,9.94,10.01,4.3846,9246600
2003-01-09,10.02,10.3,10.02,10.23,4.481,7114100
2003-01-10,10.11,10.8,9.96,10.5,4.5993,18237000
2003-01-13,10.68,10.73,10.42,10.58,4.6343,8319900
2003-01-14,10.42,10.58,10.38,10.53,4.6124,6848000
2003-01-15,10.52,10.58,10.22,10.3,4.5117,6808500
2003-01-16,10.46,10.55,10.32,10.43,4.5686,7156200
2003-01-17,10.35,10.36,10.04,10.16,4.4504,8473200
2003-01-21,10.3,10.38,9.98,10.14,4.4416,9742500
2003-01-22,10.07,10.09,9.7,9.74,4.2664,9299300
2003-01-23,9.82,10.04,9.75,10.01,4.3846,9601500
2003-01-24,10.0,10.0,9.72,9.75,4.2708,6333400
2003-01-27,9.56,9.73,9.39,9.47,4.1481,8563000
2003-01-28,9.51,9.66,9.47,9.57,4.1919,7213000
2003-01-29,9.4,9.48,9.28,9.39,4.1565,5682100
2003-01-30,9.39,9.45,8.96,9.01,3.9883,8513100
2003-01-31,8.93,9.22,8.92,9.11,4.0326,6400800
2003-02-03,9.11,9.31,9.11,9.2,4.0724,5075400
2003-02-04,9.2,9.2,8.96,9.01,3.9883,7343300
2003-02-05,9.18,9.24,8.58,9.09,4.0237,5889400
2003-02-06,9.0,9.05,8.9,8.99,3.9794,4755500
2003-02-07,9.08,9.11,8.76,8.8,3.8953,5346000
2003-02-10,8.81,8.95,8.69,8.95,3.9617,5903700
2003-02-11,9.02,9.04,8.78,8.85,3.9175,6826100
2003-02-12,8.75,8.85,8.62,8.75,3.8732,7369600
2003-02-13,8.65,8.7,8.36,8.44,3.736,8460900
2003-02-14,8.5,8.78,8.4,8.69,3.8466,5868700
2003-02-18,8.7,9.08,8.69,8.93,3.9529,5959700
2003-02-19,8.95,8.96,8.75,8.82,3.9042,5848300
2003-02-20,8.8,8.85,8.61,8.65,3.8289,4504800
2003-02-21,8.57,8.57,8.25,8.44,3.736,11893900
2003-02-24,8.45,8.45,8.25,8.29,3.6696,7218800
2003-02-25,8.2,8.23,8.0,8.08,3.5766,15336600
2003-02-26,8.22,8.22,8.04,8.11,3.5899,10026600
2003-02-27,8.18,8.33,8.11,8.33,3.6873,8245100
2003-02-28,8.38,8.44,8.24,8.32,3.6829,6236800
2003-03-03,8.38,8.42,8.02,8.07,3.5722,10279600
2003-03-04,8.0,8.0,7.66,7.74,3.4261,18522600
2003-03-05,7.74,7.8,7.64,7.76,3.435,9986200
2003-03-06,7.7,7.75,7.42,7.45,3.2978,11409500
2003-03-07,7.2,7.4,7.11,7.22,3.1959,24310000
2003-03-10,7.29,7.29,6.97,6.99,3.0941,16227900
2003-03-11,7.0,7.22,6.58,6.6,2.9215,27663900
2003-03-12,6.84,7.13,6.76,7.08,3.134,24379800
2003-03-13,7.35,7.39,6.93,7.13,3.1561,23135300
2003-03-14,7.13,7.13,6.71,6.76,2.9923,27348800
2003-03-17,6.7,7.25,6.6,7.19,3.1827,24551300
2003-03-18,7.39,7.6,7.25,7.55,3.342,19525300
2003-03-19,7.5,7.7,7.4,7.63,3.3774,17871100
2003-03-20,7.56,7.66,7.28,7.5,3.3199,10666600
2003-03-21,7.78,8.03,7.64,8.02,3.5501,17370800
2003-03-24,7.75,7.76,7.46,7.56,3.3465,12919100
2003-03-25,7.65,7.68,7.53,7.63,3.3774,9248200
2003-03-26,7.65,7.73,7.55,7.65,3.3863,7208800
2003-03-27,7.58,7.59,7.46,7.58,3.3553,6875900
2003-03-28,7.48,7.5,7.32,7.41,3.2801,6124700
2003-03-31,7.3,7.6,7.2,7.52,3.3287,13127700
2003-04-01,7.3,7.55,7.3,7.48,3.311,15967000
2003-04-02,7.75,7.99,7.62,7.75,3.4306,16821000
2003-04-03,7.93,7.96,7.77,7.88,3.4881,10527900
2003-04-04,8.0,8.01,7.83,7.89,3.4925,6037600
2003-04-07,8.33,8.38,8.0,8.05,3.5634,12637800
2003-04-08,8.05,8.12,7.88,7.9,3.497,8908700
2003-04-09,8.05,8.05,7.79,7.94,3.5147,9603900
2003-04-10,7.98,8.04,7.85,7.9,3.497,5692000
2003-04-11,7.98,8.18,7.97,8.1,3.5855,9171600
2003-04-14,8.14,8.5,8.12,8.49,3.7581,12888000
2003-04-15,7.88,8.4,7.88,8.35,3.6961,10302000
2003-04-16,9.0,9.6,9.0,9.23,4.0857,36081800
2003-04-17,9.23,9.5,9.22,9.41,4.1654,16786900
2003-04-21,9.68,9.92,9.51,9.92,4.3911,18284100
2003-04-22,9.52,10.41,9.52,10.32,4.5682,23699600
2003-04-23,10.42,10.97,10.36,10.86,4.8072,28996100
2003-04-24,10.72,10.75,10.3,10.5,4.6478,16669800
2003-04-25,10.03,10.39,9.76,9.96,4.4088,22049400
2003-04-28,9.97,10.17,9.95,10.16,4.4973,12287500
2003-04-29,10.16,10.4,10.13,10.32,4.5682,16600300
2003-04-30,10.25,10.4,10.05,10.3,4.6039,16031500
2003-05-01,10.32,10.32,9.85,9.98,4.4609,18082400
2003-05-02,9.56,10.11,9.56,10.04,4.4877,12717000
2003-05-05,10.05,10.1,10.0,10.05,4.4922,12937400
2003-05-06,10.06,10.1,10.0,10.03,4.4832,11985900
2003-05-07,9.95,10.08,9.88,10.0,4.4698,11165100
2003-05-08,9.95,10.0,9.89,9.92,4.4341,5775700
2003-05-09,9.9,9.96,9.79,9.89,4.4207,10544500
2003-05-12,9.93,10.1,9.8,10.04,4.4877,6381900
2003-05-13,10.05,10.14,10.04,10.14,4.5324,7839500
2003-05-14,10.16,10.25,9.97,10.02,4.4788,7956400
2003-05-15,10.02,10.16,9.92,9.96,4.452,12891000
2003-05-16,9.89,10.07,9.88,10.02,4.4788,10225700
2003-05-19,9.92,9.95,9.8,9.82,4.3894,8817800
2003-05-20,9.88,9.96,9.5,9.62,4.3,9762200
2003-05-21,9.55,9.67,9.45,9.67,4.3223,7114500
2003-05-22,9.73,9.84,9.72,9.72,4.3447,6964100
2003-05-23,9.71,9.75,9.51,9.56,4.2732,6740300
2003-05-27,9.56,10.17,9.5,10.14,4.5324,13084100
2003-05-28,10.2,10.55,10.15,10.25,4.5816,16987500
2003-05-29,10.2,10.3,10.06,10.08,4.5056,11295200
2003-05-30,10.15,10.55,10.1,10.5,4.6933,13536000
2003-06-02,10.65,11.19,10.62,11.07,4.9481,24795600
2003-06-03,10.92,11.03,10.53,10.69,4.7783,16037800
2003-06-04,10.7,10.7,10.25,10.56,4.7201,15539500
2003-06-05,10.47,10.62,10.32,10.6,4.738,11447800
2003-06-06,10.8,11.2,10.62,10.71,4.7872,13254400
2003-06-09,10.71,10.72,10.45,10.52,4.7023,6517700
2003-06-10,10.62,11.0,10.6,11.0,4.9168,9018300
2003-06-11,10.92,11.34,10.79,11.33,5.0643,14542800
2003-06-12,11.35,11.51,11.1,11.27,5.0375,10431800
2003-06-13,11.27,11.27,10.78,10.97,4.9034,11737700
2003-06-16,11.05,11.23,11.0,11.23,5.0196,9535200
2003-06-17,11.35,11.71,11.3,11.68,5.2208,13702400
2003-06-18,11.52,11.6,11.46,11.52,5.1493,16875900
2003-06-19,11.47,11.55,11.28,11.28,5.042,9321000
2003-06-20,11.48,11.61,11.43,11.52,5.1493,12111300
2003-06-23,11.6,11.62,11.25,11.3,5.0509,8717700
2003-06-24,11.2,11.45,11.17,11.35,5.0733,9548900
2003-06-25,11.4,11.51,11.12,11.21,5.0107,6183800
2003-06-26,11.12,11.4,11.1,11.23,5.0196,11034800
2003-06-27,11.23,11.27,11.02,11.03,4.9302,5544600
2003-06-30,11.03,11.21,10.97,10.99,4.9123,8750400
2003-07-01,10.9,10.9,10.55,10.82,4.8364,10696800
2003-07-02,10.82,10.99,10.75,10.87,4.8587,12840700
2003-07-03,10.87,11.02,10.71,10.87,4.8587,3906900
2003-07-07,11.0,11.28,10.95,11.19,5.0017,8117700
2003-07-08,11.25,11.41,11.15,11.16,4.9883,12436000
2003-07-09,11.07,11.23,11.05,11.12,4.9705,6283100
2003-07-10,11.12,11.2,10.95,11.13,4.9749,7742400
2003-07-11,11.18,11.33,11.16,11.29,5.0464,7168900
2003-07-14,11.45,11.5,11.27,11.31,5.0554,7259900
2003-07-15,11.35,11.65,11.32,11.64,5.2029,11616900
2003-07-16,11.36,11.36,10.94,10.99,4.9123,16417100
2003-07-17,10.93,10.95,10.65,10.83,4.8408,10502200
2003-07-18,10.9,11.0,10.77,10.99,4.9123,5760300
2003-07-21,10.83,10.9,10.5,10.55,4.7157,9202300
2003-07-22,10.8,10.8,10.43,10.58,4.7291,9564300
2003-07-23,10.64,10.66,10.45,10.59,4.7336,4425000
2003-07-24,10.8,10.87,10.62,10.68,4.7738,6986300
2003-07-25,10.87,10.99,10.67,10.97,4.9034,6628200
2003-07-28,10.97,10.99,10.8,10.85,4.8498,7831500
2003-07-29,10.84,10.89,10.56,10.83,4.8408,11035100
2003-07-30,10.78,10.79,10.6,10.65,4.8047,7316700
2003-07-31,10.74,11.15,10.74,11.06,4.9897,14697700
2003-08-01,11.08,11.5,10.77,10.9,4.9175,10445100
2003-08-04,10.9,11.2,10.7,10.84,4.8905,5389500
2003-08-05,10.71,10.84,10.52,10.52,4.7461,7462900
2003-08-06,10.6,10.73,10.45,10.65,4.8047,11453600
2003-08-07,10.63,10.74,10.54,10.72,4.8363,4683400
2003-08-08,10.8,10.83,10.65,10.71,4.8318,4961900
2003-08-11,10.61,10.8,10.6,10.71,4.8318,3400400
2003-08-12,10.69,10.78,10.63,10.73,4.8408,4724200
2003-08-13,10.76,10.89,10.57,10.81,4.8769,8330900
2003-08-14,10.59,10.87,10.55,10.76,4.8544,9374100
2003-08-15,10.76,10.85,10.61,10.77,4.8589,4575500
2003-08-18,10.76,10.97,10.75,10.9,4.9175,4645000
2003-08-19,10.91,11.14,10.88,11.07,4.9942,7873000
2003-08-20,11.07,11.25,10.95,11.22,5.0619,7234100
2003-08-21,11.21,11.49,11.2,11.41,5.1476,14256200
2003-08-22,11.41,11.53,11.19,11.23,5.0664,8228000
2003-08-25,11.16,11.2,10.99,11.08,4.9987,4829900
2003-08-26,11.04,11.43,11.04,11.41,5.1476,7468700
2003-08-27,11.41,11.68,11.4,11.64,5.2514,9696400
2003-08-28,11.41,11.58,11.2,11.44,5.1611,8000700
2003-08-29,11.45,11.66,11.38,11.56,5.2153,6865300
2003-09-02,11.73,12.31,11.58,12.31,5.5536,17479200
2003-09-03,12.45,12.53,11.64,11.94,5.3867,22792900
2003-09-04,11.82,12.01,11.74,11.87,5.3551,9948700
2003-09-05,11.81,11.87,11.61,11.73,5.292,9193700
2003-09-08,11.71,11.87,11.7,11.83,5.3371,6067900
2003-09-09,11.66,11.75,11.57,11.63,5.2469,7123600
2003-09-10,11.63,11.63,11.31,11.38,5.1341,7993500
2003-09-11,11.21,11.55,11.21,11.44,5.1611,4997300
2003-09-12,11.44,11.65,11.28,11.6,5.2333,7750900
2003-09-15,11.52,11.6,11.36,11.37,5.1296,8374500
2003-09-16,11.43,11.65,11.41,11.63,5.2469,13051700
2003-09-17,11.57,11.67,11.45,11.49,5.1837,3964200
2003-09-18,11.55,11.75,11.49,11.73,5.292,10493500
2003-09-19,11.55,11.68,11.49,11.51,5.1927,6298100
2003-09-22,11.54,11.58,11.4,11.47,5.1747,7481400
2003-09-23,11.47,11.57,11.44,11.52,5.1972,6052300
2003-09-24,11.48,11.53,11.23,11.26,5.0799,6266500
2003-09-25,11.23,11.3,11.02,11.15,5.0303,6755300
2003-09-26,11.09,11.13,10.92,11.0,4.9626,8553300
2003-09-29,11.0,11.06,10.68,10.93,4.9311,6142200
2003-09-30,10.9,10.9,10.65,10.77,4.8589,9151600
2003-10-01,10.77,11.3,10.41,11.1,5.0078,14458600
2003-10-02,11.28,11.29,10.95,11.02,4.9717,9345600
2003-10-03,11.02,11.58,11.02,11.41,5.1476,16636600
2003-10-06,11.37,11.44,11.29,11.39,5.1386,4792400
2003-10-07,11.25,11.45,11.15,11.42,5.1521,7547400
2003-10-08,11.35,11.5,11.32,11.5,5.1882,5086100
2003-10-09,11.5,11.96,11.5,11.71,5.283,14362300
2003-10-10,11.71,11.9,11.65,11.7,5.2784,6448300
2003-10-13,11.8,12.0,11.71,11.97,5.4003,6290600
2003-10-14,11.92,11.95,11.78,11.95,5.3912,5761400
2003-10-15,12.0,12.21,11.96,12.14,5.477,10394700
2003-10-16,12.25,12.45,12.14,12.34,5.5672,22624600
2003-10-17,12.34,12.39,12.05,12.13,5.4724,9233800
2003-10-20,12.19,12.45,12.13,12.39,5.5897,7716600
2003-10-21,12.39,12.39,12.14,12.17,5.4905,13106100
2003-10-22,12.17,12.17,11.37,11.85,5.3461,20233000
2003-10-23,11.68,12.13,11.56,12.09,5.4544,10865800
2003-10-24,12.01,12.02,11.67,11.9,5.3687,8901900
2003-10-27,12.0,12.14,11.95,12.02,5.4228,6744400
2003-10-28,12.15,12.4,12.02,12.4,5.5943,14599500
2003-10-29,12.25,12.45,12.21,12.43,5.6534,8229300
2003-10-30,12.49,12.51,12.13,12.15,5.526,13008100
2003-10-31,12.18,12.31,12.13,12.13,5.5169,6490400
2003-11-03,12.23,12.34,12.13,12.22,5.5579,11004300
2003-11-04,12.18,12.37,12.16,12.32,5.6033,7247000
2003-11-05,12.22,12.33,12.06,12.17,5.5351,7969700
2003-11-06,12.2,12.21,11.96,12.11,5.5078,9835400
2003-11-07,12.23,12.28,12.11,12.19,5.5442,8889500
2003-11-10,12.23,12.26,12.18,12.22,5.5579,9338200
2003-11-11,12.12,12.4,12.12,12.31,5.5988,9057600
2003-11-12,12.55,13.11,12.5,13.06,5.9399,35525900
2003-11-13,12.9,13.31,12.9,13.14,5.9763,31344100
2003-11-14,13.09,13.14,12.89,12.96,5.8944,14800900
2003-11-17,12.75,12.79,12.59,12.71,5.7807,11107500
2003-11-18,12.76,12.91,12.61,12.61,5.7352,7355200
2003-11-19,12.61,12.64,12.45,12.58,5.7216,8560800
2003-11-20,12.47,12.59,12.17,12.42,5.6488,5749200
2003-11-21,12.42,12.49,12.3,12.35,5.617,6486600
2003-11-24,12.4,12.7,12.38,12.63,5.7443,9113300
2003-11-25,12.68,13.05,12.61,13.0,5.9126,13784800
2003-11-26,12.95,13.04,12.78,12.92,5.8762,7165300
2003-11-28,12.94,13.22,12.93,13.2,6.0036,5477800
2003-12-01,13.29,13.29,12.95,13.12,5.9672,8684300
2003-12-02,13.05,13.13,12.9,12.92,5.8762,15459800
2003-12-03,13.01,13.28,12.97,13.18,5.9945,10548200
2003-12-04,13.2,13.32,13.0,13.1,5.9581,11480200
2003-12-05,13.0,13.05,12.82,12.97,5.899,5389500
2003-12-08,12.9,13.22,12.9,13.22,6.0127,7966400
2003-12-09,13.25,13.65,13.25,13.51,6.1446,13994100
2003-12-10,13.51,13.54,13.22,13.33,6.0627,7384800
2003-12-11,13.38,13.75,13.35,13.74,6.2492,7369100
2003-12-12,13.75,13.79,13.62,13.72,6.2401,10475700
2003-12-15,14.05,14.36,14.05,14.28,6.4948,18367700
2003-12-16,14.29,14.49,14.24,14.35,6.5266,15041000
2003-12-17,14.3,14.7,14.21,14.67,6.6722,10895800
2003-12-18,14.67,14.95,14.65,14.92,6.7859,10089100
2003-12-19,14.98,15.38,14.93,15.24,6.9314,14583800
2003-12-22,15.32,16.95,15.32,16.79,7.6364,33971000
2003-12-23,16.52,17.33,16.0,16.17,7.3544,34593700
2003-12-24,16.17,16.41,16.11,16.2,7.368,10130400
2003-12-26,16.2,16.38,16.16,16.18,7.3589,4525800
2003-12-29,16.2,16.24,16.01,16.16,7.3498,10946200
2003-12-30,16.15,16.17,15.87,15.99,7.2725,10653700
2003-12-31,15.99,16.06,15.89,16.0,7.2771,7702900
2004-01-02,16.1,16.15,16.03,16.08,7.3135,9030400
2004-01-05,16.37,16.65,16.33,16.59,7.5454,20069800
2004-01-06,16.72,16.73,16.39,16.54,7.5227,16760800
2004-01-07,16.58,17.02,16.45,16.99,7.7273,13801900
2004-01-08,17.15,17.34,17.0,17.1,7.7774,15805300
2004-01-09,16.49,16.75,16.49,16.56,7.5318,14551700
2004-01-12,16.52,16.55,16.12,16.41,7.4636,12287100
2004-01-13,16.22,16.45,16.16,16.28,7.4044,12776300
2004-01-14,16.18,16.28,15.75,16.18,7.3589,10014500
2004-01-15,16.18,16.23,15.87,16.05,7.2998,11452600
2004-01-16,16.11,16.23,16.07,16.13,7.3362,6303800
2004-01-20,16.25,16.4,16.15,16.21,7.3726,9506000
2004-01-21,16.21,16.46,16.15,16.44,7.4772,8593900
2004-01-22,16.44,16.45,16.15,16.43,7.4726,8597900
2004-01-23,16.35,16.38,15.62,15.83,7.1998,12934800
2004-01-26,15.83,15.98,15.52,15.96,7.2589,10603200
2004-01-27,15.85,16.35,15.83,15.94,7.2498,8540300
2004-01-28,16.01,16.01,15.5,15.58,7.1308,10231900
2004-01-29,15.2,15.55,14.51,14.84,6.7921,26094900
2004-01-30,14.4,14.65,14.33,14.54,6.6548,16972700
2004-02-02,14.1,14.3,13.88,13.95,6.3848,27283800
2004-02-03,13.89,13.93,13.62,13.72,6.2795,23423600
2004-02-04,13.56,14.02,13.41,13.89,6.3573,24664400
2004-02-05,14.0,14.19,13.8,14.15,6.4763,11891900
2004-02-06,14.2,14.29,13.99,14.28,6.5358,15168900
2004-02-09,14.11,14.3,14.03,14.16,6.4809,6205400
2004-02-10,14.1,14.46,14.09,14.39,6.5861,10000800
2004-02-11,14.46,14.72,14.25,14.64,6.7006,11188100
2004-02-12,14.69,14.77,14.5,14.55,6.6594,9556700
2004-02-13,14.49,14.64,14.3,14.36,6.5724,5221200
2004-02-17,14.4,14.7,14.37,14.58,6.6731,5548200
2004-02-18,14.53,14.59,14.39,14.39,6.5861,5815500
2004-02-19,14.45,14.64,14.44,14.45,6.6136,7416200
2004-02-20,14.46,14.48,13.99,14.17,6.4854,8942000
2004-02-23,14.17,14.17,13.93,13.98,6.3985,8090500
2004-02-24,13.93,13.93,13.39,13.59,6.22,13108200
2004-02-25,13.59,13.7,13.43,13.66,6.252,12862000
2004-02-26,13.57,13.68,13.35,13.66,6.252,8887800
2004-02-27,13.62,13.95,13.3,13.75,6.2932,10553000
2004-03-01,13.88,14.08,13.78,13.99,6.4031,8525100
2004-03-02,13.99,14.28,13.9,14.12,6.4626,8506400
2004-03-03,14.11,14.11,13.8,13.88,6.3527,7074500
2004-03-04,13.84,13.98,13.61,13.69,6.2658,8580700
2004-03-05,13.64,14.14,13.45,14.1,6.4534,18098000
2004-03-08,14.03,14.26,13.7,13.7,6.2703,10127400
2004-03-09,13.72,13.85,13.51,13.53,6.1925,7548400
2004-03-10,13.61,13.62,13.09,13.19,6.0369,10987000
2004-03-11,13.0,13.2,12.92,13.02,5.9591,11922300
2004-03-12,13.04,13.44,13.04,13.29,6.0827,9577900
2004-03-15,13.27,13.29,13.0,13.02,5.9591,8764000
2004-03-16,13.16,13.24,13.0,13.08,5.9866,6423000
2004-03-17,13.22,13.44,13.16,13.37,6.1193,10552200
2004-03-18,13.37,13.37,13.22,13.32,6.0964,6668800
2004-03-19,13.31,13.35,13.05,13.06,5.9774,6959600
2004-03-22,12.98,13.01,12.76,12.91,5.9088,10996100
2004-03-23,13.0,13.15,12.81,12.89,5.8996,9556000
2004-03-24,12.84,13.0,12.75,12.99,5.9454,10919400
2004-03-25,13.04,13.24,12.96,13.18,6.0323,14703900
2004-03-26,13.13,13.7,13.05,13.28,6.0781,11359800
2004-03-29,13.35,13.6,13.35,13.41,6.1376,7292600
2004-03-30,13.55,13.67,13.38,13.65,6.2474,7223300
2004-03-31,13.7,13.71,13.45,13.57,6.2108,5594200
2004-04-01,13.52,13.73,13.41,13.42,6.1422,7822300
2004-04-02,13.72,13.75,13.45,13.66,6.252,11572200
2004-04-05,13.63,14.08,13.63,14.07,6.4397,12553900
2004-04-06,14.0,14.03,13.88,14.0,6.4076,5741300
2004-04-07,13.93,13.96,13.65,13.67,6.2566,6477700
2004-04-08,13.77,13.85,13.5,13.59,6.22,4668800
2004-04-12,13.62,13.78,13.59,13.69,6.2658,5345000
2004-04-13,13.72,13.79,13.32,13.41,6.1376,9043800
2004-04-14,13.29,13.49,13.18,13.24,6.0598,9776300
2004-04-15,13.25,13.28,13.0,13.12,6.0049,6974100
2004-04-16,13.2,13.39,13.13,13.34,6.1056,5156700
2004-04-19,13.35,13.45,13.17,13.35,6.1101,5161900
2004-04-20,13.85,14.1,13.53,13.56,6.2063,19126700
2004-04-21,14.65,15.13,14.4,14.94,6.8379,45606400
2004-04-22,14.94,15.9,14.9,15.77,7.2177,31269000
2004-04-23,15.8,15.95,15.5,15.7,7.1857,14722100
2004-04-26,15.85,16.1,15.68,15.69,7.1811,14002700
2004-04-27,15.79,16.23,15.66,16.03,7.3367,17183200
2004-04-28,15.94,15.94,15.44,15.5,7.1387,13686200
2004-04-29,15.55,15.83,15.17,15.37,7.0788,11199700
2004-04-30,15.47,15.64,15.3,15.36,7.0742,10751600
2004-05-03,15.2,15.43,14.9,15.27,7.0328,14900100
2004-05-04,15.15,15.65,15.05,15.41,7.0973,9618100
2004-05-05,15.31,15.4,15.03,15.12,6.9637,10676300
2004-05-06,15.0,15.0,14.68,14.89,6.8578,11172600
2004-05-07,14.65,14.76,14.21,14.4,6.6321,17362300
2004-05-10,14.25,14.25,13.89,14.01,6.4525,16016700
2004-05-11,14.01,14.54,14.01,14.38,6.6229,11029600
2004-05-12,14.3,14.49,13.92,14.49,6.6735,10134400
2004-05-13,14.35,14.49,14.19,14.41,6.6367,8641800
2004-05-14,14.48,14.76,14.34,14.7,6.7703,10290300
2004-05-17,14.23,14.5,14.11,14.27,6.5722,11284200
2004-05-18,14.32,14.54,14.2,14.45,6.6551,9254300
2004-05-19,14.69,14.88,14.05,14.08,6.4847,15753700
2004-05-20,14.08,14.24,13.9,14.18,6.5308,14447900
2004-05-21,14.29,14.33,14.02,14.24,6.5584,10912500
2004-05-24,14.47,14.64,14.25,14.29,6.5814,7593700
2004-05-25,14.3,14.8,14.16,14.68,6.761,10781700
2004-05-26,14.68,15.14,14.67,15.02,6.9176,11994000
2004-05-27,15.2,15.35,14.93,15.04,6.9268,9024200
2004-05-28,15.03,15.03,14.78,14.85,6.8393,9733300
2004-06-01,14.86,15.09,14.71,15.04,6.9268,8984500
2004-06-02,15.2,15.2,14.77,14.89,6.8578,10748000
2004-06-03,14.88,15.0,14.66,14.75,6.7933,8248500
2004-06-04,14.77,15.0,14.77,14.91,6.867,5566900
2004-06-07,14.98,15.28,14.95,15.2,7.0005,12419600
2004-06-08,15.2,15.48,15.13,15.42,7.1019,9584000
2004-06-09,15.35,15.55,15.18,15.4,7.0927,7185000
2004-06-10,15.54,15.65,15.47,15.58,7.1755,8305000
2004-06-14,15.54,15.54,15.18,15.22,7.0097,7418700
2004-06-15,15.28,15.53,15.28,15.41,7.0973,6820300
2004-06-16,15.46,15.91,15.27,15.63,7.1986,10466800
2004-06-17,15.75,15.75,15.41,15.64,7.2032,9764600
2004-06-18,15.64,15.96,15.55,15.89,7.3183,11043200
2004-06-21,15.95,16.0,15.61,15.65,7.2078,6842800
2004-06-22,15.65,16.0,15.6,16.0,7.369,11898100
2004-06-23,16.0,16.48,15.96,16.36,7.5348,16771800
2004-06-24,16.36,16.44,16.13,16.15,7.4381,14262700
2004-06-25,16.15,16.25,15.85,15.85,7.2999,10043200
2004-06-28,16.0,16.1,15.53,15.65,7.2078,11344700
2004-06-29,15.64,15.93,15.48,15.87,7.3091,10632700
2004-06-30,15.97,15.97,15.53,15.65,7.2078,7564000
2004-07-01,15.65,15.77,14.95,15.02,6.9176,17259700
2004-07-02,15.03,15.11,14.86,14.95,6.8854,9992400
2004-07-06,14.8,15.02,14.61,14.96,6.89,10643100
2004-07-07,14.86,15.07,14.8,14.96,6.89,7660300
2004-07-08,14.9,15.06,14.75,14.77,6.8025,7428500
2004-07-09,14.97,15.26,14.8,15.16,6.9821,10234600
2004-07-12,15.01,15.16,14.89,15.15,6.9775,5313500
2004-07-13,15.3,15.37,15.09,15.15,6.9775,5819000
2004-07-14,15.05,15.32,14.98,15.1,6.9545,8511100
2004-07-15,15.1,15.18,15.0,15.03,6.9222,4309600
2004-07-16,15.2,15.22,14.83,14.85,6.8393,7232800
2004-07-19,14.85,15.16,14.84,14.98,6.8992,6705200
2004-07-20,14.97,14.97,14.3,14.6,6.7242,21662900
2004-07-21,14.7,14.75,14.5,14.53,6.692,9187500
2004-07-22,14.51,14.73,14.35,14.65,6.7472,8885800
2004-07-23,14.65,14.7,14.47,14.67,6.7564,5590700
2004-07-26,14.63,14.78,14.5,14.74,6.7887,6866300
2004-07-27,14.77,14.92,14.7,14.88,6.8532,5080600
2004-07-28,14.78,15.22,14.78,15.19,7.0433,8338700
2004-07-29,15.09,15.1,14.75,14.95,6.932,10618800
2004-07-30,14.9,14.9,14.62,14.72,6.8253,7782800
2004-08-02,14.65,15.1,14.64,15.05,6.9784,8276100
2004-08-03,15.0,15.03,14.65,14.71,6.8207,8576100
2004-08-04,14.65,14.81,14.44,14.69,6.8114,7260200
2004-08-05,14.69,14.69,14.2,14.2,6.5842,10726900
2004-08-06,14.0,14.24,13.9,14.07,6.5239,9156900
2004-08-09,14.06,14.22,13.91,14.08,6.5286,6744600
2004-08-10,14.08,14.4,14.04,14.32,6.6399,6816000
2004-08-11,14.25,14.33,14.02,14.23,6.5981,8291800
2004-08-12,14.13,14.14,13.77,13.86,6.4266,8494000
2004-08-13,13.96,13.99,13.7,13.8,6.3988,5993700
2004-08-16,13.8,14.1,13.73,14.06,6.5193,7243500
2004-08-17,14.09,14.3,14.08,14.15,6.561,5931000
2004-08-18,14.05,14.33,13.92,14.3,6.6306,4288000
2004-08-19,14.16,14.27,13.89,14.0,6.4915,7770700
2004-08-20,14.0,14.16,13.61,14.11,6.5425,12393900
2004-08-23,14.06,14.19,14.03,14.04,6.51,4347200
2004-08-24,14.04,14.11,13.79,13.91,6.4498,5411600
2004-08-25,13.87,14.08,13.8,13.96,6.4729,5691600
2004-08-26,13.97,14.08,13.87,13.97,6.4776,3347400
2004-08-27,14.02,14.18,13.98,14.12,6.5471,6334100
2004-08-30,14.08,14.09,13.92,13.96,6.4729,3863200
2004-08-31,14.05,14.15,13.89,14.11,6.5425,6921200
2004-09-01,14.12,14.13,13.86,13.9,6.4451,11151600
2004-09-02,13.93,14.4,13.9,14.36,6.6584,9806700
2004-09-03,14.28,14.44,14.04,14.21,6.5889,4831900
2004-09-07,14.3,14.68,14.29,14.56,6.7511,7703900
2004-09-08,14.5,14.61,14.23,14.25,6.6074,8331700
2004-09-09,14.15,14.24,14.07,14.17,6.5703,6556700
2004-09-10,14.0,14.17,13.84,13.96,6.4729,12613500
2004-09-13,14.1,14.11,14.0,14.1,6.5379,6599800
2004-09-14,14.03,14.05,13.92,13.98,6.4822,5865200
2004-09-15,13.9,13.97,13.78,13.81,6.4034,6219700
2004-09-16,13.85,14.03,13.79,13.95,6.4683,6640000
2004-09-17,14.35,14.45,14.16,14.22,6.5935,11487300
2004-09-20,14.2,14.25,14.09,14.13,6.5518,5838900
2004-09-21,14.1,14.29,14.09,14.23,6.5981,6079900
2004-09-22,14.0,14.11,13.94,14.0,6.4915,9593300
2004-09-23,13.93,13.98,13.8,13.8,6.3988,8050900
2004-09-24,13.81,13.88,13.76,13.8,6.3988,5888200
2004-09-27,13.88,13.93,13.65,13.89,6.4405,6135700
2004-09-28,13.89,13.95,13.76,13.92,6.4544,5944100
2004-09-29,13.87,13.9,13.74,13.86,6.4266,7460700
2004-09-30,13.86,14.06,13.79,14.05,6.5147,8273900
2004-10-01,14.1,14.24,13.96,14.19,6.5796,11783400
2004-10-04,14.26,14.32,14.08,14.15,6.561,6495000
2004-10-05,14.08,14.19,14.08,14.16,6.5657,5888500
2004-10-06,14.1,14.22,14.02,14.18,6.5749,10109500
2004-10-07,14.13,14.17,13.83,13.86,6.4266,8914600
2004-10-08,13.86,14.03,13.85,13.95,6.4683,6709100
2004-10-11,13.98,14.04,13.94,13.95,6.4683,3653700
2004-10-12,13.8,13.95,13.77,13.82,6.408,11005400
2004-10-13,13.88,14.05,13.56,13.69,6.3477,11953500
2004-10-14,13.38,13.5,12.98,13.12,6.0835,25834300
2004-10-15,13.15,13.34,13.07,13.25,6.1437,12135800
2004-10-18,13.3,13.5,13.24,13.39,6.2086,9003700
2004-10-19,13.46,13.46,12.81,12.93,5.9954,20963800
2004-10-20,12.94,12.94,12.75,12.9,5.9814,12700700
2004-10-21,12.95,13.15,12.85,13.06,6.0556,8102900
2004-10-22,13.14,13.17,12.95,12.97,6.0139,7106900
2004-10-25,12.9,12.93,12.61,12.7,5.8887,11640900
2004-10-26,12.79,12.96,12.7,12.85,5.9583,12429900
2004-10-27,12.88,13.32,12.85,13.14,6.0927,10527100
2004-10-28,13.04,13.28,13.03,13.16,6.1488,7271600
2004-10-29,13.16,13.19,12.92,13.03,6.0881,8423000
2004-11-01,13.13,13.23,13.03,13.23,6.1815,5598700
2004-11-02,12.88,13.52,12.88,13.24,6.1862,7222600
2004-11-03,13.48,13.52,13.18,13.25,6.1908,7663400
2004-11-04,13.25,13.78,13.24,13.78,6.4385,10744100
2004-11-05,13.86,13.88,13.75,13.81,6.4525,8067000
2004-11-08,13.85,13.9,13.77,13.77,6.4338,6457600
2004-11-09,13.97,14.15,13.91,14.08,6.5786,11761300
2004-11-10,14.0,14.15,13.86,13.91,6.4992,9597400
2004-11-11,13.99,14.25,13.97,14.25,6.6581,7274200
2004-11-12,14.3,14.33,14.18,14.23,6.6487,6353900
2004-11-15,14.22,14.45,14.17,14.35,6.7048,9943200
2004-11-16,14.28,14.29,14.14,14.21,6.6394,5051100
2004-11-17,14.24,14.38,14.22,14.31,6.6861,6639600
2004-11-18,14.31,14.41,14.25,14.34,6.7001,5512300
2004-11-19,14.39,14.4,14.03,14.15,6.6114,7443400
2004-11-22,14.07,14.15,13.94,14.09,6.5833,6615200
2004-11-23,14.09,14.12,13.98,14.09,6.5833,6604900
2004-11-24,14.04,14.1,13.95,14.08,6.5786,6455500
2004-11-26,14.1,14.3,14.02,14.25,6.6581,3225700
2004-11-29,14.35,14.37,14.08,14.23,6.6487,6936600
2004-11-30,14.16,14.27,14.11,14.18,6.6254,5871400
2004-12-01,14.16,14.27,13.9,14.14,6.6067,11359300
2004-12-02,14.14,14.25,14.06,14.23,6.6487,10182300
2004-12-03,14.23,14.43,14.17,14.31,6.6861,9134100
2004-12-06,14.2,14.33,14.19,14.27,6.6674,6045000
2004-12-07,14.22,14.34,14.17,14.23,6.6487,8070700
2004-12-08,14.24,14.32,14.19,14.21,6.6394,6837700
2004-12-09,14.17,14.27,14.1,14.24,6.6534,7135300
2004-12-10,14.28,14.4,14.12,14.22,6.6441,7368800
2004-12-13,14.25,14.28,14.15,14.23,6.6487,5936500
2004-12-14,14.27,14.39,14.22,14.32,6.6908,7521800
2004-12-15,14.39,14.49,14.19,14.29,6.6768,8973000
2004-12-16,14.27,14.33,14.19,14.22,6.6441,4677800
2004-12-17,14.09,14.35,14.09,14.34,6.7001,8921700
2004-12-20,14.31,14.75,14.31,14.66,6.8496,10671700
2004-12-21,14.62,14.8,14.59,14.71,6.873,8552400
2004-12-22,14.71,15.0,14.7,14.83,6.9291,8389600
2004-12-23,14.83,14.89,14.72,14.8,6.9151,3640800
2004-12-27,14.8,14.97,14.7,14.74,6.887,3173300
2004-12-28,14.84,14.94,14.74,14.88,6.9524,3429900
2004-12-29,14.77,14.88,14.73,14.74,6.887,3650700
2004-12-30,14.87,14.87,14.71,14.8,6.9151,3273700
2004-12-31,14.75,14.8,14.59,14.64,6.8403,3663700
2005-01-03,14.66,14.75,14.51,14.71,6.873,9852200
2005-01-04,14.71,14.75,14.59,14.66,6.8496,9035400
2005-01-05,14.63,14.66,14.42,14.43,6.7422,11376200
2005-01-06,14.4,14.52,14.37,14.45,6.7515,6672600
2005-01-07,14.48,14.65,14.45,14.65,6.845,11452500
2005-01-10,14.49,14.59,14.48,14.55,6.7982,10033300
2005-01-11,14.55,14.55,14.35,14.43,6.7422,10201700
2005-01-12,14.43,14.45,14.24,14.32,6.6908,15451200
2005-01-13,14.34,14.34,14.04,14.08,6.5786,11036500
2005-01-14,14.04,14.15,14.01,14.06,6.5693,9362300
2005-01-18,13.96,14.15,13.91,14.08,6.5786,10296500
2005-01-19,14.08,14.27,13.92,13.93,6.5086,6560200
2005-01-20,13.55,13.75,13.4,13.46,6.289,14965100
2005-01-21,13.46,13.46,13.1,13.11,6.1254,12369700
2005-01-24,13.12,13.3,13.05,13.07,6.1067,10804700
2005-01-25,13.07,13.42,13.07,13.23,6.1815,11581200
2005-01-26,13.28,13.36,13.17,13.35,6.2851,7424200
2005-01-27,13.26,13.31,13.17,13.19,6.2097,6295200
2005-01-28,13.15,13.25,13.04,13.14,6.1862,9261100
2005-01-31,13.25,13.29,13.11,13.17,6.2003,6976900
2005-02-01,13.27,13.28,13.01,13.08,6.158,9248000
2005-02-02,13.18,13.38,13.08,13.27,6.2474,7073200
2005-02-03,13.17,13.25,13.06,13.11,6.1721,8963300
2005-02-04,13.21,13.26,13.15,13.22,6.2239,7186000
2005-02-07,13.29,13.54,13.24,13.42,6.318,8965600
2005-02-08,13.39,13.44,13.15,13.16,6.1956,9651200
2005-02-09,13.1,13.19,13.04,13.12,6.1768,8383100
2005-02-10,13.11,13.21,13.06,13.1,6.1674,7250200
2005-02-11,13.09,13.19,13.04,13.06,6.1485,8416800
2005-02-14,13.12,13.2,13.04,13.1,6.1674,6266800
2005-02-15,13.06,13.18,13.06,13.16,6.1956,5484200
2005-02-16,13.1,13.3,13.05,13.25,6.238,7424100
2005-02-17,13.19,13.25,13.0,13.0,6.1203,6854800
2005-02-18,13.01,13.01,12.77,12.96,6.1015,9104100
2005-02-22,12.76,12.9,12.71,12.76,6.0073,10733600
2005-02-23,12.8,12.93,12.73,12.81,6.0308,7916800
2005-02-24,12.83,12.88,12.75,12.8,6.0261,5234600
2005-02-25,12.85,13.02,12.8,13.0,6.1203,5376000
2005-02-28,12.6,12.67,12.49,12.65,5.9555,16898800
2005-03-01,12.57,12.67,12.53,12.67,5.9649,11680300
2005-03-02,12.56,12.73,12.45,12.47,5.8708,12005300
2005-03-03,12.46,12.55,12.44,12.5,5.8849,7814600
2005-03-04,12.5,12.61,12.38,12.4,5.8378,7352500
2005-03-07,12.33,12.58,12.32,12.52,5.8943,9969000
2005-03-08,12.43,12.55,12.4,12.45,5.8614,7163900
2005-03-09,12.41,12.44,12.28,12.34,5.8096,11097100
2005-03-10,12.32,12.51,12.32,12.37,5.8237,7869000
2005-03-11,12.55,12.6,12.37,12.39,5.8331,5273100
2005-03-14,12.39,12.42,12.3,12.39,5.8331,5398000
2005-03-15,12.44,12.47,12.2,12.23,5.7578,8217600
2005-03-16,11.82,12.02,11.4,11.91,5.6071,29500300
2005-03-17,11.72,11.92,11.54,11.67,5.4941,18744000
2005-03-18,11.67,11.68,11.26,11.39,5.3623,17270700
2005-03-21,11.31,11.6,11.1,11.51,5.4188,15450500
2005-03-22,11.4,11.63,11.15,11.17,5.2587,11713800
2005-03-23,11.17,11.27,10.94,10.99,5.174,18426800
2005-03-24,10.98,11.54,10.95,11.29,5.3152,12879500
2005-03-28,11.24,11.35,11.18,11.22,5.2823,6599500
2005-03-29,11.26,11.41,11.22,11.27,5.3058,8067400
2005-03-30,11.25,11.52,11.25,11.44,5.3859,10321100
2005-03-31,11.42,11.53,11.31,11.33,5.3341,6892600
2005-04-01,11.65,11.69,11.1,11.18,5.2635,12408500
2005-04-04,11.12,11.23,10.95,11.09,5.2211,9371900
2005-04-05,11.01,11.2,11.01,11.1,5.2258,6034700
2005-04-06,11.15,11.36,11.1,11.11,5.2305,7073200
2005-04-07,11.02,11.31,10.96,11.3,5.32,11621200
2005-04-08,11.12,11.28,10.97,11.03,5.1928,9868100
2005-04-11,10.3,10.49,10.09,10.44,4.9151,40717700
2005-04-12,10.26,10.37,9.93,10.06,4.7362,29788700
2005-04-13,10.05,10.08,9.97,10.05,4.7315,16557300
2005-04-14,10.02,10.05,9.65,9.75,4.5902,22252900
2005-04-15,9.67,9.73,9.47,9.5,4.4725,23093200
2005-04-18,9.49,9.51,9.28,9.34,4.3972,20166800
2005-04-19,9.33,9.47,9.14,9.28,4.369,18745900
2005-04-20,9.48,9.7,9.17,9.34,4.3972,21331800
2005-04-21,9.55,9.86,9.5,9.82,4.6232,19665500
2005-04-22,9.83,9.98,9.69,9.89,4.6561,15436300
2005-04-25,9.93,10.39,9.75,9.79,4.6091,10062600
2005-04-26,9.69,9.78,9.56,9.57,4.5055,12750400
2005-04-27,9.58,9.58,9.31,9.44,4.4443,11225200
2005-04-28,9.27,9.35,9.1,9.14,4.3491,11218400
2005-04-29,9.21,9.24,9.07,9.11,4.3348,9015500
2005-05-02,9.16,9.25,9.07,9.22,4.3872,7506400
2005-05-03,9.27,9.49,9.25,9.47,4.5061,12268100
2005-05-04,9.85,10.45,9.77,10.16,4.8345,44127200
2005-05-05,10.15,10.22,9.46,9.7,4.6156,32811700
2005-05-06,9.71,9.87,9.63,9.76,4.6441,19503800
2005-05-09,9.76,10.08,9.76,9.95,4.7345,15056200
2005-05-10,9.9,9.93,9.67,9.78,4.6536,14651600
2005-05-11,9.85,9.85,9.44,9.64,4.587,13919300
2005-05-12,9.77,9.77,9.27,9.35,4.449,22690900
2005-05-13,9.39,9.47,9.23,9.3,4.4252,10094900
2005-05-16,9.35,9.51,9.31,9.41,4.4776,9855200
2005-05-17,9.41,9.48,9.26,9.31,4.43,12589000
2005-05-18,9.6,9.98,9.39,9.92,4.7203,22639900
2005-05-19,9.9,10.07,9.78,10.01,4.7631,19569100
2005-05-20,9.95,10.06,9.88,10.0,4.7583,11360600
2005-05-23,10.07,10.27,10.05,10.17,4.8392,14459200
2005-05-24,10.13,10.14,9.85,9.98,4.7488,13139900
2005-05-25,9.95,9.98,9.79,9.96,4.7393,13339500
2005-05-26,10.05,10.07,9.96,10.03,4.7726,10884900
2005-05-27,10.09,10.26,10.03,10.07,4.7916,10986000
2005-05-31,10.07,10.1,9.98,9.98,4.7488,8852200
2005-06-01,10.04,10.13,9.87,9.92,4.7203,13932100
2005-06-02,10.0,10.32,9.97,10.27,4.8868,19830200
2005-06-03,10.25,10.25,9.9,9.9,4.7107,17854800
2005-06-06,9.91,9.99,9.85,9.96,4.7393,6460900
2005-06-07,9.96,10.14,9.96,10.06,4.7869,7351000
2005-06-08,10.14,10.27,10.08,10.09,4.8012,10191200
2005-06-09,10.09,10.1,9.96,10.02,4.7678,9099000
2005-06-10,10.03,11.03,10.03,10.33,4.9154,27942800
2005-06-13,10.25,10.74,10.21,10.52,5.0058,17563400
2005-06-14,10.69,11.24,10.6,10.82,5.1485,25152500
2005-06-15,10.99,11.19,10.92,11.16,5.3103,18048100
2005-06-16,11.31,11.44,11.27,11.37,5.4102,18109300
2005-06-17,11.37,11.37,11.11,11.28,5.3674,18267000
2005-06-20,11.3,11.48,11.04,11.11,5.2865,12235500
2005-06-21,11.17,11.24,11.1,11.17,5.3151,10520100
2005-06-22,10.9,10.91,10.56,10.68,5.0819,29048800
2005-06-23,10.6,10.76,10.28,10.4,4.9487,14550600
2005-06-24,10.35,10.36,10.16,10.21,4.8583,9935800
2005-06-27,10.17,10.33,10.09,10.12,4.8154,8995900
2005-06-28,10.12,10.46,10.12,10.4,4.9487,6826300
2005-06-29,10.44,10.52,10.31,10.41,4.9534,8049500
2005-06-30,10.42,10.55,10.23,10.24,4.8725,8847700
2005-07-01,10.22,10.53,10.22,10.31,4.9058,9819300
2005-07-05,10.32,10.45,10.22,10.4,4.9487,6921500
2005-07-06,10.41,10.42,10.3,10.35,4.9249,7497000
2005-07-07,10.16,10.28,10.12,10.27,4.8868,9784100
2005-07-08,10.32,10.49,10.21,10.42,4.9582,8408400
2005-07-11,10.55,10.78,10.48,10.71,5.0962,10060600
2005-07-12,10.59,10.8,10.57,10.78,5.1295,11820600
2005-07-13,10.71,10.75,10.66,10.69,5.0867,7938000
2005-07-14,10.75,11.02,10.75,10.89,5.1818,10998500
2005-07-15,10.94,11.0,10.81,11.0,5.2342,9197600
2005-07-18,11.02,11.19,10.79,10.93,5.2009,11476600
2005-07-19,10.94,11.04,10.78,10.84,5.158,14244600
2005-07-20,10.7,11.01,10.5,10.93,5.2009,17353000
2005-07-21,10.9,10.93,10.58,10.64,5.0629,12844700
2005-07-22,10.64,10.79,10.6,10.72,5.1009,8262200
2005-07-25,10.8,10.92,10.58,10.61,5.0486,10656600
2005-07-26,10.61,10.88,10.6,10.86,5.1675,10661800
2005-07-27,10.9,10.96,10.76,10.88,5.1771,5970500
2005-07-28,10.85,10.97,10.75,10.9,5.1866,7810300
2005-07-29,10.81,10.9,10.66,10.74,5.1578,8590300
2005-08-01,10.72,11.0,10.72,10.85,5.2106,10732700
2005-08-02,10.9,11.04,10.82,10.88,5.225,13464100
2005-08-03,10.81,10.85,10.7,10.75,5.1626,8051400
2005-08-04,10.74,10.83,10.6,10.64,5.1097,8472800
2005-08-05,10.65,10.66,10.26,10.36,4.9753,12974500
2005-08-08,10.36,10.49,10.3,10.37,4.9801,11011700
2005-08-09,10.47,10.58,10.4,10.44,5.0137,8041200
2005-08-10,10.5,10.62,10.39,10.4,4.9945,11680100
2005-08-11,10.4,10.48,10.35,10.36,4.9753,7068300
2005-08-12,10.31,10.35,10.07,10.14,4.8696,10096200
2005-08-15,10.09,10.3,10.08,10.15,4.8744,7244100
2005-08-16,10.16,10.19,10.03,10.06,4.8312,6194500
2005-08-17,10.01,10.06,9.93,9.93,4.7688,10449300
2005-08-18,9.91,9.94,9.74,9.76,4.6871,11410400
2005-08-19,9.8,9.83,9.73,9.76,4.6871,10368500
2005-08-22,9.78,9.86,9.73,9.76,4.6871,7567700
2005-08-23,9.76,9.86,9.74,9.8,4.7063,10844400
2005-08-24,9.85,10.08,9.82,9.92,4.764,21498600
2005-08-25,9.9,9.9,9.78,9.82,4.7159,7441000
2005-08-26,9.79,9.83,9.72,9.77,4.6919,9062000
2005-08-29,9.71,9.93,9.64,9.77,4.6919,8058800
2005-08-30,9.75,9.8,9.66,9.75,4.6823,11349400
2005-08-31,9.82,9.97,9.71,9.97,4.788,12729800
2005-09-01,9.97,9.97,9.65,9.73,4.6727,16646700
2005-09-02,9.79,9.89,9.7,9.86,4.7352,9753900
2005-09-06,9.86,10.02,9.8,9.96,4.7832,15241700
2005-09-07,9.89,10.17,9.88,10.13,4.8648,17952500
2005-09-08,10.2,10.2,9.87,9.92,4.764,10240500
2005-09-09,9.92,9.99,9.86,9.9,4.7544,6862800
2005-09-12,9.91,10.04,9.86,9.92,4.764,7125400
2005-09-13,10.09,10.09,9.78,9.82,4.7159,11167200
2005-09-14,9.95,10.04,9.89,9.96,4.7832,12257500
2005-09-15,9.96,9.99,9.74,9.86,4.7352,11927200
2005-09-16,9.9,9.94,9.76,9.93,4.7688,12987700
2005-09-19,9.88,9.92,9.69,9.71,4.6631,9677000
2005-09-20,9.71,9.87,9.71,9.76,4.6871,11616000
2005-09-21,9.72,9.82,9.55,9.66,4.6391,15628000
2005-09-22,9.66,9.84,9.64,9.72,4.6679,10651100
2005-09-23,9.73,9.84,9.72,9.79,4.7015,8757700
2005-09-26,9.8,9.97,9.8,9.96,4.7832,12728500
2005-09-27,9.96,9.97,9.84,9.85,4.7303,8153100
2005-09-28,9.91,10.01,9.86,9.95,4.7784,7927200
2005-09-29,10.0,10.04,9.81,9.86,4.7352,9625800
2005-09-30,9.85,9.99,9.82,9.86,4.7352,7905500
2005-10-03,10.0,10.0,9.83,9.89,4.7496,8662800
2005-10-04,9.9,9.9,9.76,9.78,4.6967,16077100
2005-10-05,9.75,9.76,9.4,9.42,4.5238,17180200
2005-10-06,9.47,9.5,9.26,9.32,4.4758,11884600
2005-10-07,9.32,9.37,9.15,9.23,4.4326,13037800
2005-10-10,9.2,9.2,8.88,8.93,4.2885,20039800
2005-10-11,8.84,8.95,8.7,8.71,4.1829,20015100
2005-10-12,8.75,8.84,8.61,8.69,4.1733,26949100
2005-10-13,8.65,9.0,8.65,8.99,4.3173,20890900
2005-10-14,8.75,8.89,8.6,8.61,4.1349,31425600
2005-10-17,9.25,9.25,8.64,8.66,4.1589,27903500
2005-10-18,8.61,8.62,8.34,8.47,4.0676,29284300
2005-10-19,8.45,8.54,8.26,8.47,4.0676,23533900
2005-10-20,8.47,8.56,8.36,8.42,4.0436,17065200
2005-10-21,8.43,8.46,8.16,8.25,3.962,15655100
2005-10-24,8.42,8.64,8.34,8.6,4.1301,19331400
2005-10-25,8.63,8.66,8.5,8.63,4.1445,14377300
2005-10-26,8.6,8.64,8.5,8.52,4.0916,17717400
2005-10-27,8.5,8.5,8.13,8.14,3.9091,16168000
2005-10-28,8.08,8.22,7.98,8.02,3.8994,22477500
2005-10-31,8.05,8.43,8.04,8.32,4.0453,29100200
2005-11-01,8.33,8.45,8.18,8.22,3.9967,16164700
2005-11-02,8.2,8.32,8.16,8.27,4.021,9358300
2005-11-03,8.25,8.39,8.2,8.38,4.0745,14087300
2005-11-04,8.45,8.49,8.21,8.29,4.0307,9925300
2005-11-07,8.36,8.39,8.25,8.34,4.055,7670600
2005-11-08,8.35,8.35,8.23,8.26,4.0161,7592400
2005-11-09,8.21,8.23,8.0,8.03,3.9043,16358500
2005-11-10,8.03,8.04,7.76,7.82,3.8022,25867100
2005-11-11,7.83,8.05,7.83,7.97,3.8751,20183100
2005-11-14,8.05,8.05,7.9,7.93,3.8557,11751100
2005-11-15,7.95,7.98,7.82,7.84,3.8119,12797800
2005-11-16,7.82,7.86,7.58,7.65,3.7195,17839100
2005-11-17,7.69,7.86,7.57,7.8,3.7925,23384400
2005-11-18,7.81,8.42,7.81,8.4,4.0842,37645200
2005-11-21,8.5,8.53,8.16,8.32,4.0453,26717000
2005-11-22,8.02,8.36,8.02,8.34,4.055,16419100
2005-11-23,8.18,8.53,8.16,8.43,4.0988,16438000
2005-11-25,8.45,8.45,8.3,8.32,4.0453,10283900
2005-11-28,8.44,8.51,8.33,8.36,4.0647,17238900
2005-11-29,8.43,8.57,8.41,8.53,4.1474,18647900
2005-11-30,8.48,8.52,8.09,8.13,3.9529,25911000
2005-12-01,8.24,8.3,7.96,8.1,3.9383,29998000
2005-12-02,8.09,8.2,8.01,8.15,3.9626,13325000
2005-12-05,8.1,8.11,7.99,8.06,3.9189,17229800
2005-12-06,8.09,8.16,8.06,8.11,3.9432,11626300
2005-12-07,8.2,8.29,8.11,8.2,3.9869,19674300
2005-12-08,8.15,8.25,8.08,8.17,3.9723,11010800
2005-12-09,8.17,8.27,8.13,8.18,3.9772,10176200
2005-12-12,8.18,8.29,8.15,8.19,3.9821,12271800
2005-12-13,8.13,8.19,8.06,8.13,3.9529,13518500
2005-12-14,8.09,8.22,8.08,8.16,3.9675,16893900
2005-12-15,8.21,8.37,8.14,8.17,3.9723,19668000
2005-12-16,8.21,8.31,8.14,8.3,4.0356,31934300
2005-12-19,8.3,8.41,8.1,8.23,4.0015,23189300
2005-12-20,8.16,8.25,8.05,8.05,3.914,11882800
2005-12-21,8.05,8.25,8.0,8.02,3.8994,16973100
2005-12-22,8.04,8.15,7.91,7.95,3.8654,20931800
2005-12-23,7.93,8.0,7.9,7.9,3.8411,11580600
2005-12-27,7.91,7.96,7.88,7.89,3.8362,10328400
2005-12-28,7.89,7.9,7.78,7.84,3.8119,12060400
2005-12-29,7.81,7.85,7.73,7.81,3.7973,16915400
2005-12-30,7.75,7.89,7.64,7.72,3.7536,20357100
2006-01-03,7.72,7.83,7.66,7.83,3.807,16903100
2006-01-04,7.83,8.08,7.82,8.01,3.8946,35623400
2006-01-05,8.05,8.4,8.03,8.35,4.0599,31978000
2006-01-06,8.3,8.66,8.27,8.52,4.1425,40420800
2006-01-09,8.65,8.86,8.6,8.62,4.1911,28957700
2006-01-10,8.68,8.91,8.53,8.77,4.2641,27937500
2006-01-11,8.81,8.96,8.77,8.93,4.3419,30517300
2006-01-12,8.86,8.87,8.5,8.56,4.162,30717300
2006-01-13,8.56,8.64,8.43,8.55,4.1571,24687200
2006-01-17,8.55,8.58,8.19,8.31,4.0404,19838800
2006-01-18,8.31,8.32,8.16,8.21,3.9918,17702100
2006-01-19,8.2,8.37,8.16,8.22,3.9967,19518000
2006-01-20,8.3,8.3,7.85,7.9,3.8411,40848900
2006-01-23,8.3,8.59,8.27,8.32,4.0453,65652200
2006-01-24,8.4,8.42,8.15,8.4,4.0842,31666900
2006-01-25,8.42,8.63,8.29,8.62,4.1911,32393300
2006-01-26,8.6,8.75,8.4,8.67,4.2649,35831300
2006-01-27,8.68,8.81,8.52,8.65,4.2551,30720200
2006-01-30,8.66,8.8,8.57,8.68,4.2699,22826900
2006-01-31,8.69,8.7,8.56,8.58,4.2207,14053300
2006-02-01,8.53,8.7,8.45,8.66,4.26,31311700
2006-02-02,8.67,8.68,8.26,8.37,4.1174,23637000
2006-02-03,8.37,8.42,8.23,8.26,4.0632,18328100
2006-02-06,8.26,8.3,8.05,8.11,3.9895,14899100
2006-02-07,8.18,8.18,8.05,8.09,3.9796,14134100
2006-02-08,8.08,8.24,8.02,8.23,4.0485,19157800
2006-02-09,8.22,8.43,8.21,8.36,4.1124,15484400
2006-02-10,8.34,8.34,8.15,8.27,4.0682,12496800
2006-02-13,8.35,8.35,8.17,8.2,4.0337,9458300
2006-02-14,8.23,8.32,8.17,8.3,4.0829,11397000
2006-02-15,8.3,8.39,8.27,8.38,4.1223,9238100
2006-02-16,8.42,8.5,8.31,8.39,4.1272,17408300
2006-02-17,8.43,8.49,8.42,8.45,4.1567,11355800
2006-02-21,8.45,8.46,8.31,8.39,4.1272,10310400
2006-02-22,8.41,8.44,8.28,8.3,4.0829,13909900
2006-02-23,8.3,8.3,8.15,8.17,4.019,15635000
2006-02-24,8.21,8.21,8.06,8.1,3.9845,12344600
2006-02-27,8.15,8.21,8.08,8.08,3.9747,13314900
2006-02-28,8.09,8.16,7.96,7.97,3.9206,23747200
2006-03-01,8.0,8.02,7.86,7.95,3.9107,30593500
2006-03-02,7.96,7.97,7.65,7.66,3.7681,32937200
2006-03-03,7.66,7.71,7.39,7.57,3.7238,39011500
2006-03-06,7.62,7.76,7.61,7.69,3.7829,18848100
2006-03-07,7.75,7.77,7.6,7.65,3.7632,18189300
2006-03-08,7.65,7.68,7.52,7.55,3.714,19993400
2006-03-09,7.6,7.79,7.57,7.75,3.8124,29037900
2006-03-10,7.81,7.87,7.78,7.84,3.8566,15903800
2006-03-13,7.85,7.9,7.8,7.86,3.8665,19333300
2006-03-14,7.8,7.82,7.7,7.73,3.8025,14880700
2006-03-15,7.78,7.86,7.73,7.85,3.8616,11224900
2006-03-16,7.85,7.93,7.75,7.93,3.9009,24833300
2006-03-17,7.93,7.95,7.8,7.81,3.8419,19214700
2006-03-20,7.85,7.94,7.81,7.93,3.9009,12274600
2006-03-21,7.98,8.05,7.89,8.05,3.9599,24026600
2006-03-22,8.1,8.16,8.07,8.15,4.0091,24115300
2006-03-23,8.15,8.15,7.93,8.08,3.9747,17972800
2006-03-24,8.04,8.25,7.96,8.09,3.9796,15183800
2006-03-27,8.09,8.18,8.05,8.06,3.9649,18647300
2006-03-28,8.08,8.22,8.04,8.13,3.9993,17244200
2006-03-29,8.11,8.28,8.08,8.26,4.0632,23400100
2006-03-30,8.28,8.29,8.14,8.16,4.0141,15024400
2006-03-31,8.23,8.23,7.94,7.96,3.9157,19844700
2006-04-03,8.05,8.05,7.74,7.77,3.8222,30977600
2006-04-04,7.77,7.82,7.66,7.68,3.7779,24538900
2006-04-05,7.68,7.71,7.46,7.57,3.7238,34559900
2006-04-06,7.59,7.67,7.55,7.65,3.7632,22895800
2006-04-07,7.7,7.75,7.56,7.6,3.7386,13831600
2006-04-10,7.61,7.65,7.5,7.52,3.6992,13766300
2006-04-11,7.54,7.54,7.13,7.17,3.5271,42789600
2006-04-12,7.26,7.38,7.18,7.28,3.5812,34584900
2006-04-13,7.32,7.39,7.25,7.35,3.6156,18717900
2006-04-17,7.39,7.49,7.31,7.33,3.6058,11680800
2006-04-18,7.33,7.48,7.3,7.47,3.6746,18224600
2006-04-19,7.45,7.62,7.44,7.6,3.7386,17522800
2006-04-20,7.66,7.97,7.65,7.95,3.9107,60520900
2006-04-21,7.76,7.96,7.29,7.32,3.6008,52419700
2006-04-24,7.32,7.32,6.91,6.96,3.4238,83554700
2006-04-25,7.0,7.04,6.95,6.98,3.4336,36873600
2006-04-26,7.07,7.25,7.03,7.25,3.5664,38069100
2006-04-27,7.25,7.25,7.14,7.2,3.5418,22440400
2006-04-28,7.14,7.15,6.94,6.95,3.467,37091700
2006-05-01,7.08,7.09,6.89,6.91,3.447,28389900
2006-05-02,7.0,7.03,6.9,6.91,3.447,33074300
2006-05-03,6.94,6.95,6.75,6.78,3.3822,33166100
2006-05-04,6.84,6.85,6.79,6.83,3.4071,19031800
2006-05-05,6.9,6.95,6.87,6.93,3.457,14998100
2006-05-08,6.97,7.1,6.93,6.97,3.477,25481800
2006-05-09,7.04,7.2,7.03,7.17,3.5767,31849000
2006-05-10,7.15,7.35,7.04,7.06,3.5219,42959000
2006-05-11,7.09,7.15,7.04,7.12,3.5518,19624700
2006-05-12,7.14,7.19,7.05,7.11,3.5468,24894300
2006-05-15,7.13,7.19,7.05,7.13,3.5568,21328700
2006-05-16,7.13,7.14,6.98,7.02,3.5019,18379500
2006-05-17,7.02,7.05,6.9,6.91,3.447,19734200
2006-05-18,6.92,7.01,6.9,6.9,3.442,15989300
2006-05-19,6.98,7.05,6.89,7.03,3.5069,15181200
2006-05-22,7.0,7.0,6.81,6.9,3.442,29355200
2006-05-23,6.96,6.96,6.81,6.85,3.4171,26666600
2006-05-24,6.92,7.0,6.85,6.93,3.457,21281400
2006-05-25,6.99,7.28,6.96,7.15,3.5668,36909300
2006-05-26,7.23,7.43,7.23,7.31,3.6466,28763200
2006-05-30,7.29,7.29,6.98,6.98,3.482,27027700
2006-05-31,7.01,7.16,7.01,7.16,3.5717,17115800
2006-06-01,7.21,7.25,7.03,7.23,3.6067,22163600
2006-06-02,7.24,7.24,7.04,7.1,3.5418,19203800
2006-06-05,7.04,7.08,6.94,6.95,3.467,18402000
2006-06-06,6.96,7.02,6.85,6.9,3.442,20876100
2006-06-07,6.9,6.92,6.78,6.79,3.3872,18117100
2006-06-08,6.81,6.82,6.59,6.66,3.3223,35361200
2006-06-09,6.72,6.82,6.68,6.76,3.3722,19216500
2006-06-12,6.85,6.98,6.73,6.77,3.3772,20623600
2006-06-13,6.8,6.82,6.65,6.68,3.3323,16286100
2006-06-14,6.69,6.71,6.5,6.61,3.2974,25581700
2006-06-15,6.69,6.79,6.62,6.78,3.3822,16285400
2006-06-16,6.77,6.78,6.66,6.69,3.3373,13271700
2006-06-19,6.72,6.85,6.68,6.74,3.3622,14700300
2006-06-20,6.76,6.76,6.4,6.4,3.1926,55780400
2006-06-21,6.43,6.49,6.38,6.43,3.2076,41514800
2006-06-22,6.47,6.58,6.41,6.43,3.2076,26414300
2006-06-23,6.43,6.65,6.42,6.52,3.2525,23450900
2006-06-26,6.53,6.59,6.5,6.55,3.2674,14976500
2006-06-27,6.6,6.66,6.52,6.54,3.2625,17962000
2006-06-28,6.56,6.56,6.34,6.36,3.1727,25333700
2006-06-29,6.37,6.44,6.17,6.4,3.1926,40355900
2006-06-30,6.72,6.95,6.65,6.93,3.457,64653400
2006-07-03,6.98,6.98,6.67,6.71,3.3473,19050800
2006-07-05,6.69,6.72,6.6,6.61,3.2974,16673500
2006-07-06,6.62,6.66,6.58,6.59,3.2874,15223500
2006-07-07,6.63,6.81,6.58,6.73,3.3572,21777700
2006-07-10,6.85,6.98,6.8,6.9,3.442,27141300
2006-07-11,6.88,6.92,6.75,6.8,3.3922,20941800
2006-07-12,6.89,6.93,6.85,6.88,3.4321,20338900
2006-07-13,6.83,6.88,6.55,6.56,3.2724,36143000
2006-07-14,6.55,6.57,6.28,6.38,3.1826,27227700
2006-07-17,6.38,6.51,6.37,6.41,3.1976,34314300
2006-07-18,6.41,6.5,6.4,6.44,3.2126,18598400
2006-07-19,6.48,6.5,6.26,6.33,3.1577,45610900
2006-07-20,6.32,6.33,6.17,6.19,3.0879,38190100
2006-07-21,6.21,6.38,6.06,6.28,3.1328,36933400
2006-07-24,6.35,6.41,6.33,6.36,3.1727,18076900
2006-07-25,6.36,6.7,6.36,6.59,3.2874,38906100
2006-07-26,6.75,6.9,6.66,6.75,3.3672,38486600
2006-07-27,6.82,6.91,6.77,6.83,3.4071,31551500
2006-07-28,6.89,6.9,6.74,6.89,3.4371,16867000
2006-07-31,6.84,6.86,6.58,6.67,3.3516,25307000
2006-08-01,6.68,6.68,6.47,6.58,3.3064,22668700
2006-08-02,6.79,6.96,6.69,6.96,3.4974,42623100
2006-08-03,6.77,6.98,6.73,6.86,3.4471,28828700
2006-08-04,6.9,7.13,6.87,7.13,3.5828,34192100
2006-08-07,7.12,7.19,7.01,7.17,3.6029,27074500
2006-08-08,7.21,7.45,7.2,7.37,3.7034,47205400
2006-08-09,7.49,7.5,7.32,7.33,3.6833,32693400
2006-08-10,7.33,7.43,7.13,7.39,3.7134,26846400
2006-08-11,7.42,7.67,7.34,7.37,3.7034,38962600
2006-08-14,7.55,7.83,7.55,7.83,3.9345,42170300
2006-08-15,7.94,7.96,7.72,7.92,3.9797,29845900
2006-08-16,7.95,8.29,7.93,8.26,4.1506,59447500
2006-08-17,8.26,8.42,8.01,8.17,4.1054,44561100
2006-08-18,8.18,8.18,7.82,8.0,4.0199,47529800
2006-08-21,7.78,7.78,7.47,7.47,3.7536,70032700
2006-08-22,7.45,7.48,7.31,7.42,3.7285,47758900
2006-08-23,7.61,7.86,7.58,7.76,3.8993,50036300
2006-08-24,8.07,8.12,7.71,7.76,3.8993,46666800
2006-08-25,7.97,8.1,7.86,8.0,4.0199,39065000
2006-08-28,8.1,8.1,7.97,8.05,4.0451,21840600
2006-08-29,8.06,8.29,7.98,8.26,4.1506,34175700
2006-08-30,8.27,8.32,8.18,8.27,4.1556,37627700
2006-08-31,8.25,8.47,8.25,8.37,4.2059,28471100
2006-09-01,8.42,8.43,8.14,8.27,4.1556,30763200
2006-09-05,8.28,8.41,8.2,8.39,4.2159,26539700
2006-09-06,8.64,8.67,8.49,8.55,4.2963,66498200
2006-09-07,8.56,8.64,8.4,8.58,4.3114,25228900
2006-09-08,8.65,8.81,8.52,8.77,4.4069,25535700
2006-09-11,8.78,8.84,8.64,8.71,4.3767,29663100
2006-09-12,8.7,9.11,8.7,9.06,4.5526,45321000
2006-09-13,9.21,9.48,9.13,9.19,4.6179,70973300
2006-09-14,8.97,9.2,8.75,9.09,4.5677,65475000
2006-09-15,8.48,8.49,7.75,8.02,4.03,190628800
2006-09-18,7.97,8.0,7.61,7.82,3.9295,72880800
2006-09-19,7.9,7.92,7.63,7.66,3.8491,45593100
2006-09-20,7.71,7.83,7.65,7.75,3.8943,30865500
2006-09-21,7.82,7.95,7.73,7.76,3.8993,27079000
2006-09-22,7.81,8.01,7.8,8.0,4.0199,32020300
2006-09-25,8.0,8.21,7.97,8.15,4.0953,32800600
2006-09-26,8.21,8.41,8.16,8.41,4.226,33002600
2006-09-27,8.5,8.52,7.97,8.0,4.0199,62459900
2006-09-28,8.08,8.24,8.04,8.16,4.1003,33640200
2006-09-29,8.25,8.25,8.04,8.09,4.0652,29355200
2006-10-02,8.1,8.22,8.05,8.13,4.0853,15517500
2006-10-03,8.16,8.35,8.08,8.23,4.1355,33257600
2006-10-04,8.12,8.6,8.11,8.56,4.3013,56424800
2006-10-05,8.48,8.52,8.26,8.33,4.1858,26793500
2006-10-06,8.34,8.43,8.26,8.31,4.1757,29038600
2006-10-09,8.3,8.31,8.17,8.19,4.1154,16431800
2006-10-10,8.23,8.29,8.11,8.19,4.1154,23249100
2006-10-11,8.17,8.34,8.11,8.27,4.1556,25569200
2006-10-12,8.3,8.33,8.17,8.23,4.1355,17642100
2006-10-13,8.23,8.24,8.13,8.17,4.1054,19911000
2006-10-16,8.17,8.18,8.08,8.08,4.0601,12926900
2006-10-17,7.99,8.03,7.85,8.03,4.035,28731500
2006-10-18,8.05,8.15,8.02,8.05,4.0451,22351400
2006-10-19,8.01,8.07,7.97,8.03,4.035,12267000
2006-10-20,8.07,8.07,7.93,8.01,4.025,25992400
2006-10-23,7.86,8.03,7.81,7.9,3.9697,36182700
2006-10-24,8.02,8.31,7.95,8.3,4.1707,38016400
2006-10-25,8.37,8.65,8.32,8.49,4.2662,42475400
2006-10-26,8.59,8.67,8.45,8.48,4.2611,27478400
2006-10-27,8.49,8.49,8.27,8.29,4.1657,18625800
2006-10-30,8.3,8.3,8.08,8.25,4.1456,19591000
2006-10-31,8.3,8.45,8.15,8.28,4.1606,14415800
2006-11-01,8.33,8.52,8.32,8.52,4.2812,25117300
2006-11-02,8.52,8.58,8.28,8.56,4.3013,22422800
2006-11-03,8.58,8.58,8.37,8.38,4.2109,12731500
2006-11-06,8.44,8.69,8.44,8.66,4.3516,16184900
2006-11-07,8.73,8.79,8.6,8.73,4.3868,18598700
2006-11-08,8.73,8.79,8.59,8.63,4.3365,17647800
2006-11-09,8.64,8.67,8.55,8.56,4.3013,9071200
2006-11-10,8.62,8.64,8.54,8.58,4.3114,6769800
2006-11-13,8.6,8.88,8.52,8.87,4.4571,17898200
2006-11-14,8.9,8.94,8.68,8.8,4.4219,26417300
2006-11-15,8.79,9.03,8.78,9.0,4.5224,25242400
2006-11-16,9.05,9.19,8.95,9.03,4.5375,26440900
2006-11-17,8.99,9.03,8.87,8.89,4.4672,17109900
2006-11-20,8.89,8.94,8.66,8.67,4.3566,15231300
2006-11-21,8.62,8.68,8.51,8.56,4.3013,18309400
2006-11-22,8.57,8.73,8.49,8.61,4.3265,14801200
2006-11-24,8.56,8.65,8.52,8.52,4.2812,6320200
2006-11-27,8.55,8.55,8.14,8.16,4.1003,37061300
2006-11-28,8.15,8.21,8.0,8.15,4.0953,36096700
2006-11-29,8.37,8.38,8.1,8.17,4.1054,30529900
2006-11-30,8.19,8.32,8.13,8.13,4.0853,23230300
2006-12-01,8.1,8.15,7.95,8.04,4.04,34609600
2006-12-04,7.97,8.07,7.88,7.89,3.9647,37117100
2006-12-05,7.63,7.83,7.42,7.68,3.8591,114612400
2006-12-06,7.64,7.65,7.28,7.36,3.6984,185085400
2006-12-07,7.32,7.33,7.15,7.16,3.5979,338318500
2006-12-08,7.15,7.24,6.98,7.23,3.633,195921200
2006-12-11,7.27,7.32,7.17,7.24,3.6381,73746800
2006-12-12,7.23,7.29,7.08,7.09,3.5627,112821100
2006-12-13,7.13,7.17,6.85,6.88,3.4572,168210200
2006-12-14,6.92,7.11,6.85,7.11,3.5727,112906400
2006-12-15,7.15,7.22,7.04,7.08,3.5577,83637500
2006-12-18,7.12,7.12,6.98,7.03,3.5325,53319800
2006-12-19,7.12,7.2,7.08,7.18,3.6079,94259000
2006-12-20,7.22,7.34,7.2,7.33,3.6833,88055200
2006-12-21,7.35,7.42,7.27,7.31,3.6732,59655100
2006-12-22,7.33,7.47,7.26,7.42,3.7285,55616400
2006-12-26,7.45,7.57,7.37,7.49,3.7637,32048100
2006-12-27,7.6,7.65,7.52,7.58,3.8089,45436700
2006-12-28,7.64,7.64,7.47,7.5,3.7687,30125500
2006-12-29,7.47,7.57,7.45,7.51,3.7737,33603900
2007-01-03,7.56,7.67,7.44,7.51,3.7737,78652200
2007-01-04,7.56,7.72,7.43,7.7,3.8692,63454900
2007-01-05,7.72,7.75,7.57,7.62,3.829,40562100
2007-01-08,7.63,7.75,7.62,7.73,3.8843,48938500
2007-01-09,7.75,7.86,7.73,7.79,3.9144,56732200
2007-01-10,7.79,7.79,7.67,7.73,3.8843,42397100
2007-01-11,7.73,7.8,7.68,7.77,3.9044,40020800
2007-01-12,7.77,7.92,7.76,7.89,3.9647,57053800
2007-01-16,7.89,8.01,7.87,7.94,3.9898,66699800
2007-01-17,7.97,8.1,7.97,8.04,4.04,63728700
2007-01-18,8.06,8.24,8.06,8.18,4.1104,78367600
2007-01-19,8.24,8.32,8.17,8.3,4.1707,66023300
2007-01-22,8.33,8.43,8.25,8.41,4.226,53554600
2007-01-23,8.39,8.62,8.24,8.3,4.1707,116406900
2007-01-24,8.31,8.35,8.11,8.2,4.1204,76821900
2007-01-25,8.15,8.52,8.0,8.22,4.1305,99688700
2007-01-26,8.15,8.48,8.14,8.42,4.231,54421900
2007-01-29,8.44,8.51,8.35,8.37,4.2059,55791000
2007-01-30,8.38,8.42,8.19,8.2,4.1204,28763200
2007-01-31,8.17,8.2,8.04,8.13,4.0853,65038600
2007-02-01,8.17,8.3,8.13,8.29,4.1657,27922600
2007-02-02,8.29,8.29,8.16,8.23,4.1355,24730000
2007-02-05,8.2,8.38,8.19,8.33,4.1858,27387700
2007-02-06,8.33,8.55,8.3,8.54,4.2913,44746900
2007-02-07,8.56,8.64,8.46,8.56,4.3013,32595800
2007-02-08,8.5,8.57,8.49,8.55,4.2963,23819700
2007-02-09,8.82,8.97,8.69,8.73,4.3868,108536600
2007-02-12,8.72,8.75,8.5,8.65,4.3466,33682800
2007-02-13,8.5,8.5,8.36,8.45,4.2461,59691800
2007-02-14,8.45,8.65,8.44,8.51,4.2762,63469200
2007-02-15,8.55,8.64,8.51,8.6,4.3214,24990600
2007-02-16,8.54,8.74,8.51,8.53,4.2863,32178500
2007-02-20,8.56,8.69,8.54,8.65,4.3466,27532700
2007-02-21,8.67,8.68,8.41,8.47,4.2561,36351500
2007-02-22,8.48,8.53,8.32,8.35,4.1958,26903200
2007-02-23,8.35,8.36,8.21,8.3,4.1707,30366900
2007-02-26,8.31,8.34,8.15,8.26,4.1506,28361400
2007-02-27,8.12,8.16,7.6,7.78,3.9094,91201600
2007-02-28,7.9,8.0,7.75,7.91,3.9747,59777100
2007-03-01,7.77,7.95,7.64,7.77,3.9044,61683200
2007-03-02,7.75,7.77,7.59,7.59,3.8139,46215800
2007-03-05,7.52,7.65,7.45,7.58,3.8089,59502100
2007-03-06,7.67,7.7,7.48,7.64,3.839,92422600
2007-03-07,7.71,7.71,7.61,7.62,3.829,44757700
2007-03-08,7.81,8.0,7.75,7.93,3.9848,91446100
2007-03-09,8.05,8.13,7.91,7.93,3.9848,43543400
2007-03-12,7.95,8.01,7.82,7.82,3.9295,39391800
2007-03-13,7.84,7.87,7.61,7.64,3.839,41480800
2007-03-14,7.61,7.64,7.44,7.51,3.7737,69463200
2007-03-15,7.55,7.66,7.51,7.59,3.8139,39164900
2007-03-16,7.63,7.65,7.52,7.55,3.7938,27784400
2007-03-19,7.58,7.82,7.57,7.82,3.9295,44955700
2007-03-20,7.77,7.9,7.7,7.88,3.9596,32669600
2007-03-21,7.91,8.04,7.84,8.01,4.025,35791300
2007-03-22,8.03,8.1,8.0,8.08,4.0601,43574100
2007-03-23,8.06,8.23,7.71,7.89,3.9647,44321000
2007-03-26,7.94,8.06,7.8,7.87,3.9546,27296000
2007-03-27,7.88,7.9,7.8,7.85,3.9446,24570800
2007-03-28,7.84,8.04,7.8,7.98,4.0099,49104700
2007-03-29,8.02,8.03,7.88,7.95,3.9948,50931900
2007-03-30,7.97,8.02,7.88,7.89,3.9647,32190200
2007-04-02,7.9,8.1,7.87,8.09,4.0652,44145600
2007-04-03,8.09,8.19,8.05,8.08,4.0601,44401600
2007-04-04,8.04,8.17,8.03,8.04,4.04,29511300
2007-04-05,8.02,8.07,7.89,8.01,4.025,42132600
2007-04-09,8.05,8.13,8.04,8.08,4.0601,17885600
2007-04-10,8.09,8.21,8.09,8.19,4.1154,27836800
2007-04-11,8.14,8.18,8.05,8.13,4.0853,29263400
2007-04-12,8.11,8.16,8.06,8.09,4.0652,27932800
2007-04-13,8.11,8.11,7.98,8.02,4.03,36474800
2007-04-16,8.05,8.08,7.99,8.03,4.035,19906300
2007-04-17,8.0,8.03,7.82,7.85,3.9446,45441700
2007-04-18,7.85,7.89,7.79,7.82,3.9295,26132300
2007-04-19,7.82,7.86,7.69,7.74,3.8893,29201800
2007-04-20,7.81,7.87,7.67,7.75,3.8943,45372400
2007-04-23,7.73,7.93,7.73,7.83,3.9345,24958500
2007-04-24,7.84,7.85,7.72,7.82,3.9295,26996400
2007-04-25,7.8,7.91,7.8,7.88,3.9596,25879500
2007-04-26,8.37,8.38,8.15,8.2,4.1204,87563000
2007-04-27,8.2,8.23,7.99,8.05,4.0451,37976300
2007-04-30,8.06,8.23,8.04,8.04,4.04,27476700
2007-05-01,8.04,8.1,7.96,8.05,4.0451,27601200
2007-05-02,8.08,8.2,8.07,8.17,4.1054,26871000
2007-05-03,8.12,8.23,8.12,8.19,4.1154,19884500
2007-05-04,8.19,8.22,8.11,8.22,4.1305,22605400
2007-05-07,8.19,8.22,8.15,8.16,4.1003,12470500
2007-05-08,8.15,8.4,8.15,8.37,4.2059,60113400
2007-05-09,8.37,8.48,8.3,8.35,4.1958,62769800
2007-05-10,8.36,8.42,8.2,8.24,4.1405,26700800
2007-05-11,8.26,8.42,8.26,8.37,4.2059,25357400
2007-05-14,8.55,8.97,8.52,8.71,4.3767,81573100
2007-05-15,8.72,8.98,8.71,8.91,4.4772,66793000
2007-05-16,8.93,8.95,8.73,8.76,4.4018,31767900
2007-05-17,8.78,8.87,8.69,8.76,4.4018,25567100
2007-05-18,8.86,8.86,8.68,8.69,4.3667,15419100
2007-05-21,8.73,8.93,8.68,8.78,4.4119,35850300
2007-05-22,8.78,8.83,8.67,8.68,4.3616,27184500
2007-05-23,8.68,8.82,8.68,8.76,4.4018,33757700
2007-05-24,8.77,8.82,8.48,8.49,4.2662,50346200
2007-05-25,8.56,8.59,8.41,8.45,4.2461,30442800
2007-05-29,8.53,8.59,8.38,8.4,4.2209,26365400
2007-05-30,8.35,8.54,8.32,8.5,4.2712,32562200
2007-05-31,8.54,8.55,8.26,8.34,4.1908,32387200
2007-06-01,8.37,8.44,8.27,8.35,4.1958,35945600
2007-06-04,8.34,8.4,8.23,8.27,4.1556,20478600
2007-06-05,8.28,8.39,8.27,8.31,4.1757,59915300
2007-06-06,8.26,8.32,8.2,8.26,4.1506,35361900
2007-06-07,8.28,8.36,8.05,8.06,4.0501,41030200
2007-06-08,8.06,8.3,8.06,8.24,4.1405,32557200
2007-06-11,8.39,8.42,8.3,8.4,4.2209,25466600
2007-06-12,8.39,8.49,8.32,8.32,4.1807,31170400
2007-06-13,8.39,8.59,8.36,8.56,4.3013,35626000
2007-06-14,8.58,8.7,8.58,8.66,4.3516,38504100
2007-06-15,8.76,8.97,8.68,8.92,4.4822,60766600
2007-06-18,8.92,8.93,8.73,8.85,4.4471,40366700
2007-06-19,8.78,8.79,8.64,8.65,4.3466,35009900
2007-06-20,8.71,8.88,8.63,8.86,4.4521,48532800
2007-06-21,8.86,8.91,8.79,8.91,4.4772,39556500
2007-06-22,8.8,9.23,8.78,9.13,4.5878,80634900
2007-06-25,9.24,9.37,8.98,9.03,4.5375,55386700
2007-06-26,9.09,9.15,8.95,8.96,4.5023,33566400
2007-06-27,8.97,9.32,8.86,9.28,4.6631,50463100
2007-06-28,9.34,9.65,9.32,9.49,4.7687,73319700
2007-06-29,9.6,9.7,9.33,9.42,4.7335,50311300
2007-07-02,9.57,9.64,9.43,9.64,4.844,26132700
2007-07-03,9.48,9.48,9.26,9.42,4.7335,84167900
2007-07-05,9.36,9.36,9.06,9.15,4.5978,61974600
2007-07-06,9.2,9.23,9.08,9.11,4.5777,38706900
2007-07-09,9.16,9.24,9.07,9.08,4.5626,53025000
2007-07-10,9.15,9.3,9.08,9.09,4.5677,54535900
2007-07-11,9.1,9.14,8.81,8.9,4.4722,69498300
2007-07-12,8.93,9.05,8.87,8.96,4.5023,47692100
2007-07-13,8.98,9.01,8.84,8.97,4.5074,37718300
2007-07-16,9.01,9.04,8.84,8.86,4.4521,28833400
2007-07-17,8.88,8.93,8.71,8.73,4.3868,33145100
2007-07-18,8.68,8.69,8.51,8.63,4.3365,49253900
2007-07-19,8.75,8.75,8.55,8.63,4.3365,36435000
2007-07-20,8.62,8.63,8.34,8.4,4.2209,54515400
2007-07-23,8.46,8.53,8.35,8.46,4.2511,35141700
2007-07-24,8.4,8.42,8.26,8.26,4.1506,40407100
2007-07-25,8.32,8.32,7.95,7.97,4.0049,121480600
2007-07-26,8.11,8.33,7.9,8.09,4.0652,163778100
2007-07-27,8.18,8.37,8.08,8.23,4.1355,103608100
2007-07-30,8.33,8.75,8.25,8.74,4.3918,89310500
2007-07-31,8.92,8.97,8.51,8.51,4.2762,92658500
2007-08-01,8.48,8.55,8.3,8.43,4.236,50208800
2007-08-02,8.45,8.51,8.28,8.4,4.2209,37131300
2007-08-03,8.4,8.49,8.06,8.06,4.0501,41947200
2007-08-06,8.12,8.31,8.01,8.19,4.1154,41952800
2007-08-07,8.16,8.35,8.08,8.3,4.1707,38346400
2007-08-08,8.4,8.87,8.37,8.87,4.4571,89683700
2007-08-09,8.59,8.72,8.34,8.38,4.2109,57268800
2007-08-10,8.34,8.4,8.14,8.23,4.1355,43283600
2007-08-13,8.38,8.43,8.27,8.37,4.2059,32384000
2007-08-14,8.4,8.45,8.05,8.07,4.0551,46389600
2007-08-15,8.11,8.26,7.99,8.0,4.0199,46683700
2007-08-16,7.92,8.01,7.49,7.7,3.8692,79269700
2007-08-17,7.92,7.98,7.58,7.83,3.9345,46074100
2007-08-20,7.89,8.0,7.8,8.0,4.0199,29239000
2007-08-21,7.97,8.0,7.9,7.92,3.9797,21618200
2007-08-22,8.0,8.0,7.78,7.85,3.9446,52598600
2007-08-23,7.88,7.91,7.65,7.75,3.8943,39053400
2007-08-24,7.73,7.92,7.61,7.9,3.9697,32283200
2007-08-27,7.91,7.91,7.8,7.8,3.9194,15413900
2007-08-28,7.75,7.8,7.51,7.51,3.7737,32252200
2007-08-29,7.6,7.77,7.53,7.72,3.8792,30019600
2007-08-30,7.63,7.77,7.58,7.67,3.8541,28371300
2007-08-31,7.8,7.87,7.68,7.81,3.9245,31661000
2007-09-04,7.78,8.03,7.76,7.99,4.0149,33481800
2007-09-05,7.9,7.97,7.73,7.77,3.9044,21248300
2007-09-06,7.8,7.83,7.64,7.78,3.9094,29200500
2007-09-07,7.65,7.7,7.5,7.52,3.7787,44294800
2007-09-10,7.6,7.62,7.5,7.52,3.7787,33337300
2007-09-11,7.55,7.7,7.53,7.58,3.8089,38497800
2007-09-12,7.55,7.67,7.5,7.5,3.7687,39284200
2007-09-13,7.64,7.96,7.62,7.92,3.9797,67743700
2007-09-14,7.83,8.09,7.75,8.03,4.035,41976000
2007-09-17,8.09,8.38,8.09,8.28,4.1606,54178200
2007-09-18,8.36,8.49,8.18,8.42,4.231,46274400
2007-09-19,8.45,8.52,8.28,8.4,4.2209,53313300
2007-09-20,8.25,8.4,8.16,8.25,4.1456,31985200
2007-09-21,8.34,8.34,8.18,8.23,4.1355,34315600
2007-09-24,8.47,8.61,8.36,8.48,4.2611,58416100
2007-09-25,8.4,8.42,8.25,8.34,4.1908,26048600
2007-09-26,8.68,9.0,8.53,8.88,4.4621,92855600
2007-09-27,8.9,8.93,8.61,8.63,4.3365,51538100
2007-09-28,8.63,8.73,8.48,8.49,4.2662,45248000
2007-10-01,8.56,8.58,8.19,8.23,4.1355,55588700
2007-10-02,8.39,8.6,8.37,8.57,4.3064,53076700
2007-10-03,8.54,8.6,8.38,8.43,4.236,46275400
2007-10-04,8.47,8.51,8.23,8.26,4.1506,47923100
2007-10-05,8.38,8.4,8.24,8.37,4.2059,37616800
2007-10-08,8.39,8.39,8.17,8.19,4.1154,32965900
2007-10-09,8.22,8.32,8.13,8.32,4.1807,44958200
2007-10-10,8.31,8.35,8.19,8.23,4.1355,35656900
2007-10-11,8.32,8.81,8.31,8.76,4.4018,92387000
2007-10-12,8.81,9.24,8.81,9.2,4.6229,92115900
2007-10-15,9.2,9.2,8.96,8.99,4.5174,50301100
2007-10-16,8.9,9.12,8.75,8.78,4.4119,50122100
2007-10-17,8.92,8.95,8.57,8.69,4.3667,40713000
2007-10-18,8.67,8.84,8.64,8.76,4.4018,29935100
2007-10-19,8.73,8.75,8.34,8.37,4.2059,56208000
2007-10-22,8.26,8.52,8.25,8.34,4.1908,44896400
2007-10-23,8.48,8.65,8.41,8.65,4.3466,33681500
2007-10-24,8.57,8.61,8.4,8.59,4.3164,35777000
2007-10-25,8.6,8.72,8.48,8.6,4.3214,37072300
2007-10-26,8.67,8.7,8.45,8.67,4.3566,34455600
2007-10-29,8.7,8.84,8.64,8.77,4.4069,41843900
2007-10-30,8.77,8.88,8.68,8.8,4.4219,27337300
2007-10-31,8.82,8.88,8.7,8.87,4.4571,51999800
2007-11-01,8.77,8.82,8.49,8.5,4.2712,40702800
2007-11-02,8.65,8.96,8.52,8.95,4.4973,54682600
2007-11-05,8.99,8.99,8.52,8.67,4.3566,46085500
2007-11-06,8.75,8.75,8.5,8.63,4.3365,29736900
2007-11-07,8.5,8.6,8.24,8.24,4.1405,50266300
2007-11-08,8.55,8.63,8.1,8.48,4.2611,72812300
2007-11-09,8.39,8.5,8.2,8.2,4.1204,49736300
2007-11-12,8.29,8.29,7.74,7.87,3.9546,70046200
2007-11-13,8.07,8.07,7.87,8.0,4.0199,48476200
2007-11-14,8.07,8.15,7.86,7.98,4.0099,49938500
2007-11-15,7.98,8.05,7.75,7.78,3.9094,42572800
2007-11-16,7.94,7.94,7.62,7.7,3.8692,44614000
2007-11-19,7.65,7.66,7.33,7.34,3.6883,49549000
2007-11-20,7.46,7.46,7.01,7.24,3.6381,64463900
2007-11-21,7.05,7.15,6.87,6.95,3.4923,74438500
2007-11-23,7.12,7.23,7.02,7.19,3.6129,26410300
2007-11-26,7.28,7.28,7.0,7.03,3.5325,35305100
2007-11-27,7.11,7.11,6.91,7.07,3.5526,35465400
2007-11-28,7.14,7.39,7.11,7.36,3.6984,45713100
2007-11-29,7.36,7.38,7.24,7.29,3.6632,33889600
2007-11-30,7.41,7.57,7.38,7.51,3.7737,44521600
2007-12-03,7.52,7.52,7.23,7.25,3.6431,34936800
2007-12-04,7.2,7.24,6.93,6.97,3.5024,55445100
2007-12-05,7.13,7.2,6.97,6.98,3.5074,60530500
2007-12-06,7.04,7.08,6.97,7.06,3.5476,43309900
2007-12-07,7.05,7.19,7.02,7.06,3.5476,32730900
2007-12-10,7.1,7.2,7.04,7.14,3.5878,46088500
2007-12-11,7.14,7.32,6.94,6.97,3.5024,51625000
2007-12-12,7.1,7.16,6.94,7.06,3.5476,51345200
2007-12-13,7.0,7.05,6.9,6.99,3.5124,52307700
2007-12-14,6.92,6.96,6.86,6.89,3.4622,39308200
2007-12-17,6.88,6.93,6.75,6.8,3.417,32642300
2007-12-18,6.85,6.89,6.71,6.81,3.422,43893100
2007-12-19,6.8,6.84,6.68,6.76,3.3969,30154300
2007-12-20,6.76,6.84,6.68,6.79,3.4119,29402600
2007-12-21,6.8,6.85,6.72,6.79,3.4119,38574200
2007-12-24,6.75,6.79,6.71,6.75,3.3918,12102200
2007-12-26,6.71,6.92,6.68,6.89,3.4622,28075200
2007-12-27,6.87,6.94,6.8,6.84,3.4371,24715700
2007-12-28,6.85,6.87,6.68,6.7,3.3667,24070400
2007-12-31,6.67,6.75,6.65,6.73,3.3818,25845200
2008-01-02,6.73,6.77,6.51,6.6,3.3165,33239700
2008-01-03,6.66,6.66,6.41,6.45,3.2411,47186200
2008-01-04,6.38,6.38,6.0,6.13,3.0803,57781000
2008-01-07,6.21,6.3,6.1,6.16,3.0954,47007600
2008-01-08,6.25,6.35,6.09,6.1,3.0652,47965400
2008-01-09,6.11,6.14,5.76,6.07,3.0501,77760600
2008-01-10,6.0,6.3,5.84,6.25,3.1406,61641000
2008-01-11,6.18,6.24,6.05,6.06,3.0451,33524900
2008-01-14,6.12,6.21,6.09,6.18,3.1054,29713800
2008-01-15,6.12,6.12,5.91,5.97,2.9999,42666300
2008-01-16,6.02,6.02,5.81,5.86,2.9446,64534200
2008-01-17,5.92,5.92,5.68,5.76,2.8944,77878800
2008-01-18,5.81,6.0,5.8,5.92,2.9748,58894100
2008-01-22,5.53,6.03,5.5,5.93,2.9798,78467900
2008-01-23,5.83,6.31,5.74,6.3,3.1657,74051800
2008-01-24,6.4,6.4,6.11,6.26,3.1456,65537100
2008-01-25,6.31,6.7,6.31,6.58,3.3064,87012300
2008-01-28,6.5,6.78,6.41,6.67,3.3516,46709100
2008-01-29,6.8,6.8,6.56,6.69,3.3617,41276000
2008-01-30,6.67,6.94,6.63,6.75,3.3918,37156000
2008-01-31,6.68,6.75,6.58,6.64,3.3366,48116800
2008-02-01,6.69,6.9,6.6,6.85,3.4421,37890900
2008-02-04,6.85,6.93,6.65,6.68,3.3567,36825300
2008-02-05,6.6,6.62,6.35,6.43,3.231,36157300
2008-02-06,6.36,6.42,6.25,6.31,3.1707,39376500
2008-02-07,6.26,6.3,6.07,6.17,3.1004,56865700
2008-02-08,6.14,6.18,6.01,6.08,3.0552,32818300
2008-02-11,6.11,6.51,6.04,6.39,3.2109,53746200
2008-02-12,6.36,6.73,6.34,6.46,3.2461,59226700
2008-02-13,6.52,6.62,6.48,6.58,3.3064,28887800
2008-02-14,6.56,6.59,6.43,6.46,3.2461,24904700
2008-02-15,6.44,6.47,6.36,6.45,3.2411,22710900
2008-02-19,6.5,6.58,6.42,6.48,3.2562,29039100
2008-02-20,6.43,6.45,6.35,6.41,3.221,24628900
2008-02-21,6.42,6.44,6.13,6.23,3.1305,56458700
2008-02-22,6.24,6.26,6.04,6.25,3.1406,31300300
2008-02-25,6.26,6.51,6.16,6.46,3.2461,32971600
2008-02-26,6.44,6.55,6.33,6.52,3.2763,31167600
2008-02-27,6.49,6.6,6.4,6.6,3.3165,39084400
2008-02-28,6.53,6.68,6.52,6.62,3.3265,42080700
2008-02-29,6.57,6.62,6.49,6.53,3.2813,47435500
2008-03-03,6.42,6.42,6.12,6.18,3.1054,44365300
2008-03-04,6.1,6.19,6.02,6.13,3.0803,38992800
2008-03-05,6.17,6.23,6.04,6.12,3.0753,37409900
2008-03-06,6.08,6.11,5.91,5.94,2.9848,34544500
2008-03-07,5.88,6.02,5.72,5.78,2.9044,43806100
2008-03-10,5.85,6.0,5.58,5.6,2.814,48615900
2008-03-11,5.74,5.93,5.56,5.9,2.9647,75303100
2008-03-12,5.89,5.91,5.66,5.7,2.8642,60198600
2008-03-13,5.64,5.64,5.12,5.39,2.7084,125528200
2008-03-14,5.45,5.49,5.25,5.29,2.6582,80501600
2008-03-17,5.02,5.26,4.95,5.11,2.5677,69811300
2008-03-18,5.32,5.42,5.03,5.29,2.6582,76802800
2008-03-19,5.39,5.54,5.27,5.45,2.7386,71480800
2008-03-20,5.51,5.73,5.29,5.62,2.824,175819300
2008-03-24,5.69,6.02,5.68,5.96,2.9949,55202100
2008-03-25,6.03,6.1,5.86,6.0,3.015,56608700
2008-03-26,6.09,6.09,5.83,5.87,2.9496,57327500
2008-03-27,5.93,5.96,5.75,5.83,2.9295,61712900
2008-03-28,5.89,5.9,5.58,5.59,2.8089,39674800
2008-03-31,5.6,5.76,5.6,5.72,2.8743,42293600
2008-04-01,5.77,5.98,5.77,5.97,2.9999,55328600
2008-04-02,5.95,6.33,5.93,6.13,3.0803,65244500
2008-04-03,6.07,6.46,6.05,6.46,3.2461,67737000
2008-04-04,6.43,6.52,6.2,6.49,3.2612,66864300
2008-04-07,6.75,6.87,6.6,6.73,3.3818,70070200
2008-04-08,6.69,7.02,6.67,6.91,3.4722,111095900
2008-04-09,6.94,7.0,6.65,6.72,3.3768,55195300
2008-04-10,6.72,6.82,6.6,6.74,3.3868,47465800
2008-04-11,6.59,6.78,6.57,6.69,3.3617,46402300
2008-04-14,6.69,6.83,6.69,6.78,3.4069,39533200
2008-04-15,6.83,6.91,6.67,6.88,3.4572,44831300
2008-04-16,6.95,7.21,6.92,7.19,3.6129,63447600
2008-04-17,7.14,7.31,7.08,7.26,3.6481,64796500
2008-04-18,7.32,7.5,7.31,7.45,3.7436,95216500
2008-04-21,7.5,7.77,7.46,7.73,3.8843,75387200
2008-04-22,7.7,7.86,7.52,7.65,3.8441,63315800
2008-04-23,7.76,7.83,7.36,7.52,3.7787,83811800
2008-04-24,8.02,8.79,7.81,8.4,4.2209,241760600
2008-04-25,8.2,8.23,7.49,7.5,3.7687,227269800
2008-04-28,8.15,8.42,8.1,8.21,4.1255,170511600
2008-04-29,8.22,8.38,8.08,8.12,4.0802,63074800
2008-04-30,8.21,8.42,8.17,8.26,4.1506,66520600
2008-05-01,8.28,8.54,8.22,8.48,4.2611,63141600
2008-05-02,8.55,8.68,8.15,8.27,4.1556,75407700
2008-05-05,8.27,8.38,8.16,8.33,4.1858,38431100
2008-05-06,8.27,8.3,8.19,8.27,4.1556,37921000
2008-05-07,8.28,8.31,7.91,7.96,3.9998,58838400
2008-05-08,8.05,8.22,7.9,8.2,4.1204,48454700
2008-05-09,8.2,8.33,8.05,8.1,4.0702,41043900
2008-05-12,8.17,8.22,8.12,8.15,4.0953,28652500
2008-05-13,8.16,8.29,8.15,8.23,4.1355,38192700
2008-05-14,8.25,8.37,8.11,8.14,4.0903,36193900
2008-05-15,8.18,8.24,8.1,8.17,4.1054,42720400
2008-05-16,8.21,8.25,8.03,8.11,4.0752,41263300
2008-05-19,8.12,8.18,8.0,8.02,4.03,36017300
2008-05-20,8.02,8.03,7.87,8.0,4.0199,43350000
2008-05-21,8.03,8.03,7.76,7.8,3.9194,43416100
2008-05-22,7.49,7.49,7.04,7.16,3.5979,106839400
2008-05-23,6.99,7.0,6.73,6.87,3.4521,66859200
2008-05-27,6.79,7.0,6.59,6.8,3.417,71144800
2008-05-28,6.93,7.02,6.69,6.78,3.4069,50981300
2008-05-29,6.79,6.82,6.7,6.71,3.3717,28447800
2008-05-30,6.88,6.92,6.7,6.8,3.417,55748400
2008-06-02,6.85,6.93,6.6,6.64,3.3366,51984300
2008-06-03,6.69,6.75,6.59,6.68,3.3567,56036100
2008-06-04,6.64,6.69,6.43,6.46,3.2461,56137100
2008-06-05,6.48,6.5,6.26,6.4,3.216,48559300
2008-06-06,6.35,6.35,5.97,6.04,3.0351,64502900
2008-06-09,6.14,6.36,6.07,6.36,3.1959,50800100
2008-06-10,6.25,6.25,6.02,6.12,3.0753,34514200
2008-06-11,6.13,6.15,5.97,5.97,2.9999,42860200
2008-06-12,6.05,6.15,5.91,6.0,3.015,32443300
2008-06-13,6.14,6.3,6.1,6.27,3.1506,59521400
2008-06-16,6.25,6.55,6.21,6.5,3.2662,63861700
2008-06-17,6.59,6.75,6.52,6.6,3.3165,56352700
2008-06-18,6.5,6.51,6.09,6.22,3.1255,96900400
2008-06-19,6.32,6.35,6.13,6.32,3.1758,39755400
2008-06-20,6.24,6.29,5.74,5.81,2.9195,97632900
2008-06-23,5.89,5.89,5.28,5.28,2.6532,81491000
2008-06-24,5.32,5.49,5.25,5.32,2.6733,109774500
2008-06-25,5.36,5.47,5.22,5.24,2.6331,40673100
2008-06-26,5.07,5.16,4.94,5.07,2.5476,82326600
2008-06-27,5.07,5.12,4.9,4.98,2.5024,55993300
2008-06-30,4.99,5.28,4.46,4.81,2.417,76159300
2008-07-01,4.71,4.95,4.41,4.71,2.3667,125482600
2008-07-02,4.74,4.81,4.36,4.36,2.1909,64248500
2008-07-03,4.42,4.53,4.3,4.42,2.221,32026200
2008-07-07,4.6,4.67,4.43,4.47,2.2461,51350700
2008-07-08,4.53,4.97,4.44,4.9,2.4622,72882600
2008-07-09,4.95,5.17,4.95,4.95,2.4873,78150500
2008-07-10,5.06,5.06,4.47,4.58,2.3014,77252200
2008-07-11,4.45,5.07,4.4,4.86,2.4421,74946000
2008-07-14,4.97,5.0,4.63,4.66,2.3416,39818200
2008-07-15,4.6,4.93,4.35,4.65,2.3366,77518100
2008-07-16,4.71,5.53,4.6,5.49,2.7587,96542700
2008-07-17,5.56,5.62,5.13,5.49,2.7587,72724800
2008-07-18,5.43,5.54,5.28,5.44,2.7336,39132800
2008-07-21,5.47,5.57,5.34,5.48,2.7537,40036900
2008-07-22,5.32,5.92,5.28,5.84,2.9346,54199800
2008-07-23,5.95,6.33,5.91,6.03,3.03,70481800
2008-07-24,5.78,5.85,5.03,5.11,2.5677,98043400
2008-07-25,5.22,5.28,4.97,5.05,2.5376,66476300
2008-07-28,5.05,5.14,4.6,4.75,2.3868,83925700
2008-07-29,4.83,5.02,4.72,5.02,2.5225,57078100
2008-07-30,5.12,5.21,4.76,4.84,2.4321,57869300
2008-07-31,4.74,5.0,4.74,4.8,2.412,43005100
2008-08-01,4.8,4.93,4.6,4.65,2.3366,54279300
2008-08-04,4.67,4.9,4.66,4.81,2.417,30831400
2008-08-05,4.94,5.09,4.87,5.09,2.5577,61750500
2008-08-06,5.1,5.1,4.9,4.94,2.4823,59317200
2008-08-07,4.91,5.05,4.83,4.86,2.4421,36662100
2008-08-08,4.92,5.36,4.85,5.26,2.6431,44398300
2008-08-11,5.24,5.5,5.12,5.16,2.5929,40979000
2008-08-12,5.24,5.45,5.16,5.19,2.6079,37392600
2008-08-13,5.27,5.27,4.82,4.88,2.4522,67554900
2008-08-14,4.94,5.2,4.93,5.1,2.5627,38273200
2008-08-15,5.2,5.22,5.04,5.11,2.5677,32661000
2008-08-18,5.13,5.13,4.88,4.89,2.4572,36290900
2008-08-19,4.9,4.9,4.7,4.72,2.3718,39339700
2008-08-20,4.8,4.83,4.52,4.61,2.3165,49237900
2008-08-21,4.54,4.58,4.4,4.42,2.221,60551000
2008-08-22,4.53,4.6,4.35,4.47,2.2461,55766800
2008-08-25,4.46,4.52,4.25,4.41,2.216,70224000
2008-08-26,4.4,4.43,4.27,4.35,2.1858,49283500
2008-08-27,4.35,4.42,4.24,4.26,2.1406,71814100
2008-08-28,4.3,4.44,4.25,4.43,2.226,52637400
2008-08-29,4.38,4.59,4.35,4.46,2.2411,37370300
2008-09-02,4.67,4.81,4.45,4.51,2.2662,53438100
2008-09-03,4.55,4.69,4.49,4.57,2.2964,83810300
2008-09-04,4.54,4.65,4.39,4.39,2.2059,87631600
2008-09-05,4.37,4.42,4.26,4.41,2.216,60086400
2008-09-08,4.61,4.69,4.32,4.55,2.2863,72290500
2008-09-09,4.58,4.67,4.39,4.4,2.211,51680400
2008-09-10,4.44,4.5,4.38,4.47,2.2461,39337000
2008-09-11,4.38,4.75,4.36,4.68,2.3517,85570900
2008-09-12,4.72,4.99,4.6,4.91,2.4672,130052100
2008-09-15,4.61,5.07,4.5,4.74,2.3818,103371800
2008-09-16,4.6,5.18,4.55,5.07,2.5476,99320600
2008-09-17,5.0,5.04,4.63,4.94,2.4823,123013000
2008-09-18,4.99,5.35,4.76,5.28,2.6532,110424200
2008-09-19,5.66,5.7,5.15,5.29,2.6582,91329800
2008-09-22,5.34,5.34,4.86,4.95,2.4873,51346000
2008-09-23,5.05,5.05,4.81,4.86,2.4421,21385400
2008-09-24,4.96,5.03,4.81,5.03,2.5275,28053700
2008-09-25,5.05,5.2,4.92,4.98,2.5024,27479200
2008-09-26,4.85,5.0,4.72,4.81,2.417,37182700
2008-09-29,4.8,4.9,4.17,4.17,2.0954,35350600
2008-09-30,4.55,5.2,4.4,5.2,2.613,42971100
2008-10-01,4.75,4.95,4.49,4.55,2.2863,38054900
2008-10-02,4.51,4.61,4.35,4.35,2.1858,28661600
2008-10-03,4.47,4.47,4.05,4.05,2.0351,43056400
2008-10-06,3.99,4.02,3.32,3.69,1.8542,64827900
2008-10-07,3.79,3.9,2.92,2.92,1.4673,71723500
2008-10-08,2.96,5.47,2.1,2.66,1.3366,127853400
2008-10-09,2.88,3.0,2.03,2.08,1.0452,130226600
2008-10-10,2.07,2.55,1.88,1.99,1.0,196889000
2008-10-13,2.98,2.98,2.31,2.39,1.201,121924900
2008-10-14,2.97,2.97,2.4,2.45,1.2311,82762600
2008-10-15,2.52,2.55,2.29,2.3,1.1557,54074200
2008-10-16,2.48,2.48,2.05,2.27,1.1407,69338900
2008-10-17,2.25,2.54,2.16,2.43,1.2211,65637000
2008-10-20,2.55,2.61,2.32,2.33,1.1708,45017700
2008-10-21,2.22,2.31,2.13,2.17,1.0904,51397400
2008-10-22,2.19,2.21,2.07,2.1,1.0552,43730200
2008-10-23,2.16,2.16,1.92,2.0,1.005,71762400
2008-10-24,1.84,2.08,1.8,2.01,1.01,65620400
2008-10-27,2.05,2.09,1.94,2.03,1.0201,35707500
2008-10-28,2.2,2.24,2.08,2.15,1.0804,58590200
2008-10-29,2.19,2.28,2.1,2.16,1.0854,77508000
2008-10-30,2.27,2.28,2.11,2.28,1.1457,65288100
2008-10-31,2.21,2.3,2.17,2.19,1.1005,64651600
2008-11-03,2.25,2.25,2.11,2.13,1.0703,46924900
2008-11-04,2.22,2.23,2.13,2.16,1.0854,63228200
2008-11-05,2.23,2.23,2.06,2.09,1.0502,51555200
2008-11-06,2.11,2.12,1.87,1.98,0.9949,90846500
2008-11-07,2.03,2.1,1.84,2.02,1.015,93875900
2008-11-10,2.08,2.12,1.9,1.93,0.9698,57943100
2008-11-11,1.99,2.0,1.72,1.8,0.9045,72447400
2008-11-12,1.99,2.0,1.83,1.84,0.9246,50057500
2008-11-13,1.9,1.93,1.74,1.9,0.9547,47082700
2008-11-14,1.86,1.89,1.79,1.8,0.9045,35717500
2008-11-17,1.86,1.88,1.72,1.72,0.8643,39304700
2008-11-18,1.76,1.77,1.56,1.68,0.8442,51644300
2008-11-19,1.65,1.71,1.21,1.26,0.6331,127672300
2008-11-20,1.31,1.87,1.01,1.39,0.6985,198781000
2008-11-21,1.47,1.55,1.25,1.43,0.7186,132027100
2008-11-24,1.78,1.85,1.4,1.56,0.7839,131077000
2008-11-25,1.69,1.72,1.58,1.66,0.8341,79911700
2008-11-26,1.72,2.23,1.69,2.15,1.0804,172837700
2008-11-28,2.47,2.74,2.32,2.69,1.3517,118416200
2008-12-01,3.0,3.01,2.02,2.55,1.2814,291750200
2008-12-02,2.7,2.9,2.58,2.7,1.3567,198296700
2008-12-03,2.78,2.97,2.68,2.85,1.4321,152252100
2008-12-04,2.82,2.96,2.51,2.66,1.3366,140900800
2008-12-05,2.7,2.88,2.62,2.72,1.3668,98880500
2008-12-08,3.2,3.54,2.81,3.38,1.6984,268029900
2008-12-09,3.28,3.32,3.02,3.23,1.6231,137306000
2008-12-10,3.38,3.42,3.01,3.25,1.6331,141141500
2008-12-11,3.12,3.14,2.82,2.9,1.4572,92690800
2008-12-12,2.19,3.21,2.12,3.04,1.5276,210854400
2008-12-15,3.18,3.25,3.07,3.18,1.5979,69622800
2008-12-16,3.25,3.25,3.1,3.13,1.5728,59928300
2008-12-17,3.13,3.17,3.08,3.14,1.5778,52036400
2008-12-18,3.14,3.14,2.69,2.84,1.4271,108792100
2008-12-19,3.2,3.25,2.75,2.95,1.4824,143907300
2008-12-22,2.9,2.9,2.55,2.59,1.3015,67578200
2008-12-23,2.48,2.51,2.13,2.19,1.1005,103725200
2008-12-24,2.21,2.25,2.07,2.11,1.0603,37139100
2008-12-26,2.23,2.35,2.21,2.29,1.1507,40768200
2008-12-29,2.41,2.45,2.12,2.22,1.1155,46999500
2008-12-30,2.34,2.34,2.2,2.29,1.1507,39225700
2008-12-31,2.29,2.3,2.2,2.29,1.1507,39759600
2009-01-02,2.3,2.49,2.28,2.46,1.2361,42052300
2009-01-05,2.42,2.64,2.31,2.58,1.2964,73031000
2009-01-06,2.64,2.85,2.63,2.76,1.3869,58945900
2009-01-07,2.72,2.82,2.62,2.69,1.3517,43931200
2009-01-08,2.62,2.7,2.5,2.69,1.3517,51174500
2009-01-09,2.63,2.73,2.59,2.63,1.3216,39831800
2009-01-12,2.69,2.69,2.52,2.64,1.3266,47682700
2009-01-13,2.6,2.64,2.42,2.48,1.2462,40477200
2009-01-14,2.41,2.43,2.19,2.26,1.1356,56635600
2009-01-15,2.27,2.35,2.05,2.23,1.1206,69594900
2009-01-16,2.34,2.36,2.06,2.19,1.1005,60086400
2009-01-20,2.22,2.25,2.05,2.13,1.0703,51647400
2009-01-21,2.18,2.19,2.0,2.09,1.0502,75295100
2009-01-22,2.04,2.07,1.9,1.94,0.9748,52683400
2009-01-23,1.9,1.93,1.8,1.8,0.9045,71025700
2009-01-26,1.99,2.06,1.87,1.94,0.9748,50898200
2009-01-27,2.02,2.04,1.94,1.97,0.9899,31112400
2009-01-28,2.04,2.06,1.98,2.03,1.0201,34869200
2009-01-29,2.03,2.03,1.95,1.95,0.9799,30930500
2009-01-30,1.99,1.99,1.85,1.87,0.9397,35463000
2009-02-02,1.86,1.93,1.81,1.88,0.9447,32294600
2009-02-03,1.92,1.97,1.81,1.96,0.9849,34099500
2009-02-04,1.98,2.02,1.92,1.95,0.9799,24203700
2009-02-05,1.94,1.97,1.86,1.93,0.9698,17335100
2009-02-06,1.94,1.99,1.9,1.94,0.9748,21389600
2009-02-09,1.96,1.96,1.84,1.9,0.9547,27266900
2009-02-10,1.91,1.92,1.82,1.82,0.9145,28273800
2009-02-11,1.85,1.88,1.8,1.85,0.9296,30214000
2009-02-12,1.83,1.85,1.75,1.79,0.8995,23422600
2009-02-13,1.82,1.83,1.72,1.76,0.8844,23009400
2009-02-17,1.7,1.75,1.61,1.69,0.8492,32860300
2009-02-18,1.78,1.79,1.63,1.67,0.8392,25051400
2009-02-19,1.69,1.7,1.61,1.63,0.8191,19034200
2009-02-20,1.6,1.61,1.5,1.58,0.7939,37900600
2009-02-23,1.65,1.91,1.61,1.73,0.8693,44460600
2009-02-24,1.8,2.0,1.8,2.0,1.005,35167600
2009-02-25,2.1,2.16,2.0,2.01,1.01,54368900
2009-02-26,2.08,2.09,1.81,1.98,0.9949,32307100
2009-02-27,1.93,2.0,1.8,2.0,1.005,31512500
2009-03-02,1.91,1.94,1.83,1.88,0.9447,19605600
2009-03-03,1.91,1.91,1.8,1.81,0.9095,15442700
2009-03-04,1.9,1.9,1.83,1.87,0.9397,22404200
2009-03-05,1.75,2.0,1.73,1.81,0.9095,47498200
2009-03-06,1.83,1.91,1.65,1.7,0.8542,35136700
2009-03-09,1.78,1.85,1.7,1.74,0.8743,32278900
2009-03-10,1.85,1.89,1.81,1.85,0.9296,31181300
2009-03-11,1.91,2.0,1.87,1.96,0.9849,43503700
2009-03-12,1.98,2.1,1.98,2.1,1.0552,46652500
2009-03-13,2.19,2.25,2.12,2.19,1.1005,53675700
2009-03-16,2.28,2.3,2.09,2.1,1.0552,44196000
2009-03-17,2.17,2.3,2.11,2.28,1.1457,43181500
2009-03-18,2.28,2.65,2.28,2.47,1.2412,92775500
2009-03-19,2.77,2.78,2.28,2.51,1.2613,61243500
2009-03-20,2.7,2.75,2.52,2.75,1.3819,57202300
2009-03-23,2.88,2.9,2.8,2.9,1.4572,45286800
2009-03-24,2.83,2.95,2.76,2.86,1.4371,40512400
2009-03-25,2.9,2.99,2.76,2.77,1.3919,51384500
2009-03-26,2.9,2.94,2.81,2.94,1.4773,38757300
2009-03-27,2.96,2.98,2.82,2.84,1.4271,32074900
2009-03-30,2.73,2.88,2.38,2.76,1.3869,63985300
2009-03-31,2.84,2.87,2.63,2.63,1.3216,45913600
2009-04-01,2.56,2.8,2.4,2.74,1.3768,68271500
2009-04-02,2.89,2.95,2.83,2.91,1.4623,68130500
2009-04-03,2.93,3.25,2.91,3.25,1.6331,111824600
2009-04-06,3.27,4.0,3.25,3.77,1.8944,231439200
2009-04-07,3.7,3.74,3.36,3.49,1.7537,112627100
2009-04-08,3.67,4.05,3.53,3.95,1.9848,261067600
2009-04-09,4.22,4.41,4.03,4.24,2.1306,131505500
2009-04-13,4.25,4.32,4.03,4.26,2.1406,73962500
2009-04-14,4.28,4.33,4.15,4.3,2.1607,64229300
2009-04-15,4.23,4.25,3.75,4.04,2.0301,88312500
2009-04-16,4.12,4.2,3.95,4.16,2.0904,59376500
2009-04-17,4.19,4.21,3.97,4.0,2.01,55084300
2009-04-20,3.91,3.91,3.61,3.69,1.8542,57797600
2009-04-21,3.53,3.84,3.27,3.8,1.9095,93851900
2009-04-22,4.1,4.42,4.05,4.28,2.1507,145386500
2009-04-23,4.43,4.51,4.31,4.49,2.2562,115728000
2009-04-24,5.33,5.45,4.96,5.0,2.5125,287772600
2009-04-27,5.07,5.42,5.02,5.11,2.5677,111424500
2009-04-28,5.08,5.4,5.01,5.19,2.6079,73139000
2009-04-29,5.32,5.45,5.28,5.45,2.7386,70786300
2009-04-30,5.58,5.99,5.57,5.98,3.0049,186983700
2009-05-01,5.99,6.0,5.56,5.69,2.8592,102853400
2009-05-04,5.9,5.94,5.75,5.88,2.9547,58158000
2009-05-05,5.82,5.91,5.6,5.85,2.9396,70335000
2009-05-06,5.91,6.29,5.9,6.26,3.1456,95547300
2009-05-07,6.51,6.54,5.65,6.06,3.0451,95031100
2009-05-08,6.19,6.3,6.03,6.24,3.1356,63884500
2009-05-11,6.09,6.26,5.88,6.08,3.0552,64849100
2009-05-12,5.74,5.77,5.01,5.01,2.5175,217074100
2009-05-13,4.77,4.97,4.71,4.96,2.4924,541175600
2009-05-14,5.16,5.36,4.99,5.16,2.5929,207354400
2009-05-15,5.22,5.5,5.22,5.49,2.7587,128733300
2009-05-18,5.69,5.7,5.29,5.5,2.7637,121707300
2009-05-19,5.49,5.69,5.33,5.63,2.829,92782500
2009-05-20,5.66,5.75,5.33,5.41,2.7185,95454300
2009-05-21,5.25,5.39,5.06,5.33,2.6783,78529400
2009-05-22,5.37,5.37,5.1,5.26,2.6431,50019900
2009-05-26,5.16,5.41,5.1,5.4,2.7135,66346400
2009-05-27,5.48,5.53,5.25,5.34,2.6833,55302600
2009-05-28,5.41,5.56,5.25,5.56,2.7939,63255100
2009-05-29,5.58,5.75,5.41,5.75,2.8893,99306500
2009-06-01,5.95,6.23,5.88,6.13,3.0803,111714500
2009-06-02,6.17,6.46,6.03,6.41,3.221,134751900
2009-06-03,6.3,6.31,5.96,6.18,3.1054,111423600
2009-06-04,6.18,6.4,6.17,6.36,3.1959,83850700
2009-06-05,6.47,6.53,6.22,6.36,3.1959,85658900
2009-06-08,6.21,6.46,6.06,6.38,3.2059,85590400
2009-06-09,6.38,6.44,6.18,6.26,3.1456,84569400
2009-06-10,6.32,6.43,6.11,6.19,3.1104,90297100
2009-06-11,6.15,6.24,5.75,5.98,3.0049,133040800
2009-06-12,6.01,6.15,5.92,6.11,3.0702,54584200
2009-06-15,6.02,6.04,5.8,5.93,2.9798,65242800
2009-06-16,5.94,5.95,5.52,5.67,2.8491,87214100
2009-06-17,5.64,5.85,5.3,5.71,2.8692,87747800
2009-06-18,5.78,5.81,5.52,5.68,2.8542,57600300
2009-06-19,5.73,5.96,5.69,5.72,2.8743,69582800
2009-06-22,5.67,5.79,5.37,5.38,2.7034,57636000
2009-06-23,5.43,5.59,5.21,5.53,2.7788,60592700
2009-06-24,5.66,5.9,5.51,5.63,2.829,72264800
2009-06-25,5.57,5.75,5.37,5.68,2.8542,62899600
2009-06-26,5.65,5.8,5.55,5.61,2.819,68304000
2009-06-29,5.66,5.96,5.6,5.78,2.9044,73552300
2009-06-30,5.96,6.16,5.86,6.07,3.0501,85531400
2009-07-01,6.12,6.25,5.89,5.91,2.9697,95888300
2009-07-02,5.83,6.08,5.55,5.89,2.9597,73694800
2009-07-06,5.87,6.05,5.68,5.75,2.8893,73705200
2009-07-07,5.74,5.75,5.51,5.53,2.7788,68322000
2009-07-08,5.55,5.61,5.24,5.35,2.6883,67379800
2009-07-09,5.46,5.76,5.32,5.63,2.829,60243600
2009-07-10,5.53,5.75,5.52,5.72,2.8743,47272700
2009-07-13,5.72,5.74,5.51,5.69,2.8592,46062800
2009-07-14,5.69,5.89,5.6,5.84,2.9346,56107600
2009-07-15,5.98,6.06,5.91,6.05,3.0401,64814100
2009-07-16,5.98,6.14,5.84,6.13,3.0803,66541300
2009-07-17,6.15,6.22,6.03,6.14,3.0853,62832200
2009-07-20,6.2,6.3,6.13,6.19,3.1104,64037800
2009-07-21,6.28,6.3,6.04,6.2,3.1155,57398800
2009-07-22,6.17,6.48,6.13,6.38,3.2059,91813000
2009-07-23,6.94,7.1,6.65,6.98,3.5074,269099700
2009-07-24,6.9,6.92,6.7,6.78,3.4069,99700500
2009-07-27,6.83,7.29,6.72,7.27,3.6531,104647700
2009-07-28,7.2,7.28,7.05,7.14,3.5878,68800900
2009-07-29,7.08,7.32,6.99,7.12,3.5778,74129700
2009-07-30,7.28,7.48,7.18,7.39,3.7134,88741000
2009-07-31,7.46,8.0,7.43,8.0,4.0199,156355300
2009-08-03,8.65,8.86,8.3,8.33,4.1858,246431700
2009-08-04,8.4,8.51,8.09,8.3,4.1707,122641600
2009-08-05,8.51,8.58,8.32,8.44,4.241,97215300
2009-08-06,8.52,8.55,7.91,8.07,4.0551,132529500
2009-08-07,8.33,8.34,8.0,8.01,4.025,95304700
2009-08-10,7.94,7.96,7.62,7.72,3.8792,90356700
2009-08-11,7.65,7.93,7.64,7.81,3.9245,81695400
2009-08-12,7.85,7.97,7.69,7.7,3.8692,73805300
2009-08-13,7.85,7.92,7.7,7.9,3.9697,88102900
2009-08-14,7.98,8.01,7.75,7.83,3.9345,58019400
2009-08-17,7.51,7.62,7.13,7.37,3.7034,78689300
2009-08-18,7.52,7.75,7.48,7.64,3.839,72395500
2009-08-19,7.5,7.75,7.5,7.65,3.8441,47417600
2009-08-20,7.7,7.74,7.66,7.68,3.8591,29608300
2009-08-21,7.79,7.83,7.62,7.74,3.8893,55283300
2009-08-24,7.75,7.81,7.31,7.41,3.7235,93581500
2009-08-25,7.43,7.65,7.43,7.59,3.8139,53545700
2009-08-26,7.61,7.64,7.41,7.61,3.824,44502200
2009-08-27,7.66,7.71,7.46,7.67,3.8541,62564800
2009-08-28,7.73,7.8,7.69,7.73,3.8843,44250400
2009-08-31,7.6,7.64,7.47,7.6,3.8189,43810500
2009-09-01,7.51,7.77,7.13,7.24,3.6381,102771300
2009-09-02,7.18,7.21,6.87,7.03,3.5325,65920200
2009-09-03,7.14,7.52,6.97,7.48,3.7586,87169900
2009-09-04,7.49,7.55,7.27,7.43,3.7335,42539800
2009-09-08,7.53,7.55,7.27,7.3,3.6682,45485800
2009-09-09,7.32,7.52,7.25,7.39,3.7134,47496100
2009-09-10,7.43,7.48,7.35,7.44,3.7385,34041200
2009-09-11,7.46,7.54,7.3,7.33,3.6833,48787900
2009-09-14,7.3,7.4,7.18,7.39,3.7134,34515900
2009-09-15,7.39,7.44,7.2,7.2,3.618,50771500
2009-09-16,7.34,7.36,7.02,7.15,3.5928,107442600
2009-09-17,7.05,7.25,6.85,6.92,3.4773,103372300
2009-09-18,6.99,7.06,6.93,6.94,3.4873,53331300
2009-09-21,6.88,6.92,6.75,6.83,3.432,52822200
2009-09-22,6.92,7.09,6.9,7.01,3.5225,55582000
2009-09-23,7.2,7.59,7.18,7.36,3.6984,139234200
2009-09-24,7.53,7.55,7.21,7.33,3.6833,88410600
2009-09-25,7.34,7.46,7.2,7.29,3.6632,61908900
2009-09-28,7.36,7.5,7.33,7.49,3.7637,45883900
2009-09-29,7.49,7.5,7.36,7.45,3.7436,46727700
2009-09-30,7.48,7.5,7.14,7.21,3.623,95959600
2009-10-01,7.18,7.25,6.97,6.97,3.5024,101530900
2009-10-02,6.81,6.99,6.61,6.84,3.4371,55825100
2009-10-05,6.94,7.08,6.84,7.05,3.5426,42693000
2009-10-06,7.18,7.22,7.04,7.14,3.5878,48500800
2009-10-07,7.11,7.14,7.0,7.13,3.5828,33869000
2009-10-08,7.19,7.27,7.11,7.18,3.6079,78355000
2009-10-09,7.15,7.16,7.05,7.12,3.5778,32603200
2009-10-12,7.19,7.83,7.16,7.62,3.829,152372700
2009-10-13,7.58,7.88,7.51,7.62,3.829,100372000
2009-10-14,7.8,7.81,7.61,7.66,3.8491,58858200
2009-10-15,7.61,7.74,7.61,7.66,3.8491,40371200
2009-10-16,7.56,7.59,7.4,7.42,3.7285,47371300
2009-10-19,7.54,7.68,7.42,7.57,3.8039,62833900
2009-10-20,7.66,7.83,7.65,7.71,3.8742,50104000
2009-10-21,7.69,7.98,7.65,7.78,3.9094,69777200
2009-10-22,7.73,7.87,7.62,7.76,3.8993,53432400
2009-10-23,7.82,7.84,7.55,7.63,3.834,47705600
2009-10-26,7.7,7.84,7.4,7.47,3.7536,60580400
2009-10-27,7.48,7.53,7.17,7.33,3.6833,72962600
2009-10-28,7.27,7.34,6.89,6.96,3.4974,94665300
2009-10-29,7.14,7.35,7.06,7.3,3.6682,69469900
2009-10-30,7.28,7.3,6.81,7.0,3.5175,95736100
2009-11-02,7.73,7.84,7.35,7.58,3.8089,208424500
2009-11-03,7.35,7.67,7.31,7.44,3.7385,193783100
2009-11-04,7.35,7.43,7.24,7.27,3.6531,240095200
2009-11-05,7.36,7.5,7.32,7.45,3.7436,125050200
2009-11-06,7.4,7.75,7.34,7.75,3.8943,159975800
2009-11-09,7.78,8.18,7.75,8.18,4.1104,203287900
2009-11-10,8.15,8.35,8.04,8.24,4.1405,136649800
2009-11-11,8.33,8.4,8.26,8.33,4.1858,89390000
2009-11-12,8.25,8.44,8.17,8.2,4.1204,86560300
2009-11-13,8.25,8.45,8.24,8.41,4.226,86202200
2009-11-16,8.51,8.79,8.5,8.71,4.3767,121719000
2009-11-17,8.78,9.0,8.75,8.98,4.5124,126809600
2009-11-18,9.0,9.14,8.8,8.94,4.4923,120432800
2009-11-19,8.82,8.82,8.55,8.73,4.3868,90625800
2009-11-20,8.63,8.78,8.58,8.64,4.3415,59314700
2009-11-23,8.84,8.91,8.67,8.73,4.3868,61341800
2009-11-24,8.8,8.83,8.65,8.81,4.427,47088400
2009-11-25,8.87,8.9,8.76,8.81,4.427,26922600
2009-11-27,8.5,8.81,8.4,8.73,4.3868,42184800
2009-11-30,8.78,8.93,8.67,8.89,4.4672,58900100
2009-12-01,9.01,9.07,8.81,8.88,4.4621,104011700
2009-12-02,8.94,9.07,8.91,9.01,4.5275,63656600
2009-12-03,9.05,9.11,8.89,8.94,4.4923,57935400
2009-12-04,9.1,9.14,8.78,8.94,4.4923,79533500
2009-12-07,8.9,9.0,8.8,8.91,4.4772,41476300
2009-12-08,8.87,8.89,8.76,8.82,4.432,57473000
2009-12-09,8.87,9.01,8.8,8.86,4.4521,52852400
2009-12-10,8.94,9.09,8.9,9.05,4.5476,63643700
2009-12-11,9.09,9.1,8.98,9.0,4.5224,63474700
2009-12-14,9.0,9.1,8.97,9.08,4.5626,37983700
2009-12-15,9.04,9.46,9.03,9.39,4.7184,109417900
2009-12-16,9.44,9.64,9.41,9.49,4.7687,71460500
2009-12-17,9.49,9.56,9.33,9.39,4.7184,55724600
2009-12-18,9.56,9.73,9.47,9.68,4.8641,88033100
2009-12-21,9.77,9.8,9.63,9.67,4.8591,53335700
2009-12-22,9.79,9.9,9.71,9.9,4.9747,50860300
2009-12-23,10.01,10.11,9.93,10.08,5.0651,64815000
2009-12-24,10.17,10.2,10.06,10.13,5.0903,24895700
2009-12-28,10.18,10.37,10.15,10.2,5.1254,53979900
2009-12-29,10.27,10.29,10.09,10.11,5.0802,40821600
2009-12-30,10.05,10.08,9.89,9.99,5.0199,46699600
2009-12-31,10.04,10.06,9.92,10.0,5.0249,31253700
2010-01-04,10.17,10.28,10.05,10.28,5.1656,60855800
2010-01-05,10.45,11.24,10.4,10.96,5.5073,215620200
2010-01-06,11.21,11.46,11.13,11.37,5.7133,200070600
2010-01-07,11.46,11.69,11.32,11.66,5.8591,130201700
2010-01-08,11.67,11.74,11.46,11.69,5.8741,130463000
2010-01-11,11.9,12.14,11.78,12.11,6.0852,170626200
2010-01-12,11.98,12.03,11.72,11.87,5.9646,162995900
2010-01-13,11.91,11.93,11.47,11.68,5.8691,154527100
2010-01-14,11.65,11.86,11.51,11.76,5.9093,116531200
2010-01-15,11.74,11.76,11.55,11.6,5.8289,96149800
2010-01-19,11.51,11.83,11.46,11.75,5.9043,65934000
2010-01-20,11.68,11.69,11.5,11.51,5.7837,71649500
2010-01-21,11.53,11.62,11.01,11.18,5.6179,121451400
2010-01-22,11.01,11.12,10.41,10.52,5.2862,161530100
2010-01-25,10.73,11.1,10.61,11.03,5.5425,121621500
2010-01-26,11.17,11.46,11.07,11.19,5.6229,108250500
2010-01-27,11.57,11.62,11.22,11.55,5.8038,105091600
2010-01-28,11.9,11.95,11.27,11.41,5.7334,203320000
2010-01-29,11.6,11.61,10.7,10.84,5.447,159741200
2010-02-01,11.14,11.18,10.93,11.12,5.5877,82748200
2010-02-02,11.26,11.52,11.19,11.39,5.7234,119714900
2010-02-03,11.49,11.66,11.42,11.64,5.849,90125500
2010-02-04,11.49,11.53,11.0,11.06,5.5576,129792200
2010-02-05,10.97,11.11,10.49,10.91,5.4822,181535200
2010-02-08,11.09,11.32,10.88,10.97,5.5124,92031400
2010-02-09,11.18,11.22,11.02,11.15,5.6028,83207100
2010-02-10,11.12,11.14,10.9,10.94,5.4973,73395600
2010-02-11,11.0,11.19,10.88,11.18,5.6179,65116200
2010-02-12,10.92,11.18,10.85,11.12,5.5877,69465400
2010-02-16,11.21,11.38,11.11,11.32,5.6882,62537500
2010-02-17,11.43,11.52,11.35,11.49,5.7736,65983200
2010-02-18,11.41,11.48,11.29,11.38,5.7184,53406800
2010-02-19,11.35,11.4,11.26,11.29,5.6731,46990000
2010-02-22,11.36,11.38,11.18,11.21,5.633,41993100
2010-02-23,11.18,11.63,11.15,11.6,5.8289,114688400
2010-02-24,11.72,11.88,11.65,11.73,5.8942,84200800
2010-02-25,11.53,11.83,11.4,11.78,5.9194,83114500
2010-02-26,11.83,11.85,11.61,11.74,5.8993,72368400
2010-03-01,11.81,12.42,11.75,12.41,6.2359,142605500
2010-03-02,12.62,12.68,12.18,12.22,6.1405,193706600
2010-03-03,12.46,12.83,12.35,12.69,6.3766,157004600
2010-03-04,12.78,12.8,12.52,12.79,6.4269,89836800
2010-03-05,12.92,13.04,12.83,13.0,6.5324,106920600
2010-03-08,12.94,12.96,12.79,12.93,6.4972,78903200
2010-03-09,12.83,13.03,12.73,12.8,6.4319,83934300
2010-03-10,12.88,12.95,12.8,12.82,6.442,56850600
2010-03-11,12.79,12.97,12.75,12.91,6.4872,59274700
2010-03-12,13.02,13.37,12.98,13.34,6.7033,104771000
2010-03-15,13.46,13.63,13.32,13.4,6.7334,95072200
2010-03-16,13.49,13.51,13.32,13.49,6.7786,74692700
2010-03-17,13.55,14.15,13.55,14.1,7.0852,137318700
2010-03-18,14.23,14.54,13.65,13.73,6.8992,235094400
2010-03-19,13.29,13.92,13.04,13.29,6.6781,252411200
2010-03-22,12.98,14.0,12.81,13.99,7.0299,170576100
2010-03-23,14.17,14.3,13.81,13.9,6.9847,167002400
2010-03-24,13.77,14.05,13.76,13.9,6.9847,91765400
2010-03-25,14.05,14.12,13.76,13.8,6.9344,88909300
2010-03-26,13.89,13.98,13.76,13.86,6.9646,60400400
2010-03-29,13.7,13.88,13.39,13.57,6.8188,158225000
2010-03-30,13.55,13.64,13.18,13.28,6.6731,142055200
2010-03-31,12.82,12.95,12.42,12.57,6.3163,433659100
2010-04-01,12.84,12.95,12.58,12.63,6.3465,212952100
2010-04-05,12.89,12.92,12.76,12.77,6.4168,88957200
2010-04-06,12.78,12.88,12.6,12.7,6.3817,76423800
2010-04-07,12.69,12.82,12.53,12.58,6.3214,88112400
2010-04-08,12.55,12.71,12.34,12.63,6.3465,77491400
2010-04-09,12.73,12.84,12.61,12.72,6.3917,60408600
2010-04-12,12.72,12.81,12.64,12.77,6.4168,50783100
2010-04-13,12.75,12.89,12.71,12.79,6.4269,71008500
2010-04-14,12.92,13.43,12.86,13.35,6.7083,153602100
2010-04-15,13.42,13.88,13.41,13.76,6.9143,159110500
2010-04-16,13.84,13.92,13.3,13.42,6.7435,149640000
2010-04-19,13.38,13.75,13.36,13.6,6.8339,95855100
2010-04-20,13.72,13.94,13.67,13.91,6.9897,75630700
2010-04-21,14.02,14.15,13.92,14.13,7.1002,120284000
2010-04-22,14.0,14.23,13.85,14.2,7.1354,93331100
2010-04-23,14.22,14.39,14.11,14.21,7.1404,92002200
2010-04-26,14.39,14.57,14.28,14.46,7.2661,123029200
2010-04-27,14.44,14.5,13.15,13.57,6.8188,292667400
2010-04-28,13.39,13.45,12.9,13.25,6.658,208023500
2010-04-29,13.45,13.7,13.38,13.58,6.8239,110114400
2010-04-30,13.64,13.73,12.96,13.02,6.5425,146322900
2010-05-03,13.18,13.49,13.18,13.3,6.6832,106416800
2010-05-04,13.07,13.08,12.75,12.85,6.457,123207400
2010-05-05,12.32,12.7,11.59,12.34,6.2008,198525600
2010-05-06,12.17,12.51,10.59,11.78,5.9194,237094700
2010-05-07,11.95,11.97,10.95,11.51,5.7837,261066500
2010-05-10,12.54,12.56,12.02,12.15,6.1053,134388700
2010-05-11,11.99,12.56,11.85,12.31,6.1857,125738800
2010-05-12,12.57,12.71,12.49,12.68,6.3716,102657000
2010-05-13,12.87,12.87,12.32,12.42,6.241,100156000
2010-05-14,12.25,12.35,11.87,12.11,6.0852,105856000
2010-05-17,12.08,12.18,11.49,11.95,6.0048,108686700
2010-05-18,12.15,12.18,11.45,11.55,5.8038,101309100
2010-05-19,11.3,11.66,11.11,11.55,5.8038,132864400
2010-05-20,11.04,11.3,10.76,10.8,5.4269,156449200
2010-05-21,10.25,11.3,10.17,11.26,5.6581,174455100
2010-05-24,11.29,11.44,11.01,11.01,5.5325,90998300
2010-05-25,10.47,11.05,10.42,11.02,5.5375,137858600
2010-05-26,11.45,11.82,11.35,11.39,5.7234,146872000
2010-05-27,11.85,12.0,11.66,11.99,6.0249,90700800
2010-05-28,12.05,12.08,11.62,11.73,5.8942,78823400
2010-06-01,11.5,11.88,11.38,11.41,5.7334,80977300
2010-06-02,11.66,11.87,11.45,11.85,5.9545,87265300
2010-06-03,12.01,12.15,11.81,11.96,6.0098,79568700
2010-06-04,11.69,11.88,11.39,11.5,5.7787,83480900
2010-06-07,11.45,11.5,11.06,11.09,5.5726,76229000
2010-06-08,11.14,11.37,10.89,11.22,5.638,81494400
2010-06-09,11.36,11.4,11.0,11.05,5.5525,74947600
2010-06-10,11.21,11.4,11.1,11.39,5.7234,64799500
2010-06-11,11.23,11.47,11.21,11.4,5.7284,50280600
2010-06-14,11.48,11.72,11.4,11.46,5.7586,58144500
2010-06-15,11.55,11.76,11.52,11.7,5.8792,51790900
2010-06-16,11.65,11.77,11.5,11.63,5.844,61954100
2010-06-17,11.69,11.69,11.33,11.48,5.7686,69430100
2010-06-18,11.56,11.62,11.4,11.46,5.7586,55417700
2010-06-21,11.68,11.8,11.5,11.53,5.7937,67814300
2010-06-22,11.54,11.6,11.18,11.22,5.638,73509000
2010-06-23,11.23,11.28,11.0,11.03,5.5425,83134400
2010-06-24,10.99,11.03,10.64,10.78,5.4169,74449200
2010-06-25,10.75,10.77,10.42,10.75,5.4018,148168400
2010-06-28,10.72,10.76,10.43,10.43,5.241,57994700
2010-06-29,10.12,10.14,9.75,9.88,4.9646,124866100
2010-06-30,10.1,10.52,10.04,10.08,5.0651,182831300
2010-07-01,10.23,10.63,10.02,10.57,5.3114,153383000
2010-07-02,10.58,10.63,10.15,10.28,5.1656,71607100
2010-07-06,10.42,10.57,10.04,10.16,5.1053,81246900
2010-07-07,10.21,10.63,10.17,10.59,5.3214,72565300
2010-07-08,10.72,10.83,10.45,10.62,5.3365,62355500
2010-07-09,10.58,10.94,10.54,10.85,5.4521,50732700
2010-07-12,10.84,11.13,10.83,11.1,5.5777,56354100
2010-07-13,11.47,11.81,11.26,11.66,5.8591,103923200
2010-07-14,11.62,11.92,11.54,11.81,5.9344,68051400
2010-07-15,11.86,11.9,11.51,11.86,5.9596,66020400
2010-07-16,11.75,11.78,11.3,11.34,5.6983,68905500
2010-07-19,11.44,11.57,11.23,11.48,5.7686,49910000
2010-07-20,11.3,11.76,11.25,11.75,5.9043,53134900
2010-07-21,11.82,11.88,11.43,11.55,5.8038,67645100
2010-07-22,11.76,12.22,11.75,12.09,6.0751,102031500
2010-07-23,12.55,12.75,12.35,12.72,6.3917,161608200
2010-07-26,12.82,13.15,12.75,12.94,6.5023,125770900
2010-07-27,13.16,13.18,12.85,13.03,6.5475,97305400
2010-07-28,12.99,13.08,12.86,12.91,6.4872,59746700
2010-07-29,13.03,13.11,12.72,12.97,6.5173,88510100
2010-07-30,12.81,13.01,12.58,12.77,6.4168,79512400
2010-08-02,13.06,13.2,12.94,13.16,6.6128,77124700
2010-08-03,13.08,13.24,12.77,12.91,6.4872,115202600
2010-08-04,13.0,13.21,12.95,13.11,6.5877,60875000
2010-08-05,13.05,13.05,12.9,12.98,6.5224,51574800
2010-08-06,12.83,13.05,12.8,13.04,6.5525,54704600
2010-08-09,13.12,13.12,12.92,13.05,6.5575,39072000
2010-08-10,12.94,13.03,12.8,12.92,6.4922,50265100
2010-08-11,12.65,12.67,12.33,12.41,6.2359,68132100
2010-08-12,12.03,12.39,11.9,12.27,6.1656,68017900
2010-08-13,12.25,12.37,12.13,12.15,6.1053,41635500
2010-08-16,11.96,12.15,11.88,11.99,6.0249,59316100
2010-08-17,12.2,12.38,12.06,12.16,6.1103,61043500
2010-08-18,12.17,12.29,11.8,12.2,6.1304,54218100
2010-08-19,12.13,12.2,11.83,11.89,5.9746,61059000
2010-08-20,11.85,11.9,11.6,11.77,5.9143,50806600
2010-08-23,11.84,11.9,11.6,11.61,5.8339,42449600
2010-08-24,11.28,11.49,11.09,11.24,5.648,86299200
2010-08-25,11.04,11.4,10.95,11.32,5.6882,78571900
2010-08-26,11.4,11.56,11.14,11.17,5.6128,56953100
2010-08-27,11.26,11.72,11.05,11.56,5.8088,63565200
2010-08-30,11.58,11.68,11.35,11.35,5.7033,33651500
2010-08-31,11.27,11.46,11.13,11.29,5.6731,64984700
2010-09-01,11.53,11.89,11.46,11.61,5.8339,81988800
2010-09-02,11.68,11.83,11.57,11.71,5.8842,39943600
2010-09-03,11.88,12.14,11.84,12.07,6.0651,65243900
2010-09-07,12.01,12.07,11.78,11.8,5.9294,42497600
2010-09-08,11.81,11.95,11.7,11.8,5.9294,40798700
2010-09-09,11.96,12.04,11.64,11.75,5.9043,48528500
2010-09-10,11.81,11.99,11.75,11.79,5.9244,37849800
2010-09-13,11.93,12.0,11.84,11.99,6.0249,36689700
2010-09-14,11.96,12.05,11.89,11.98,6.0199,39772300
2010-09-15,11.93,11.96,11.76,11.87,5.9646,54102700
2010-09-16,12.12,12.53,12.1,12.44,6.251,141408500
2010-09-17,12.53,12.54,12.34,12.49,6.2761,68954600
2010-09-20,12.55,12.6,12.38,12.57,6.3163,49812800
2010-09-21,12.53,12.75,12.51,12.55,6.3063,59130900
2010-09-22,12.43,12.54,12.29,12.38,6.2209,53139300
2010-09-23,12.26,12.45,12.15,12.31,6.1857,46866400
2010-09-24,12.42,12.57,12.39,12.56,6.3113,42647800
2010-09-27,12.57,12.6,12.46,12.48,6.2711,28799700
2010-09-28,12.48,12.53,12.27,12.52,6.2912,42671500
2010-09-29,12.45,12.5,12.28,12.33,6.1957,45211800
2010-09-30,12.44,12.46,12.2,12.24,6.1505,42679600
2010-10-01,12.24,12.41,12.12,12.26,6.1606,54565500
2010-10-04,12.57,12.92,12.53,12.84,6.452,95949200
2010-10-05,13.0,13.07,12.92,13.01,6.5374,74701900
2010-10-06,13.06,13.45,13.04,13.24,6.653,92326000
2010-10-07,13.32,13.38,13.19,13.32,6.6932,53526700
2010-10-08,13.3,13.72,13.28,13.66,6.8641,71857700
2010-10-11,13.72,13.9,13.68,13.78,6.9244,48002800
2010-10-12,13.71,13.85,13.51,13.78,6.9244,50056400
2010-10-13,13.9,13.91,13.64,13.64,6.854,59061900
2010-10-14,13.88,14.01,13.78,13.91,6.9897,78814100
2010-10-15,14.0,14.04,13.61,13.8,6.9344,61337700
2010-10-18,13.75,13.9,13.64,13.88,6.9746,34852700
2010-10-19,13.63,13.64,13.18,13.32,6.6932,84614000
2010-10-20,13.45,13.73,13.35,13.64,6.854,60800200
2010-10-21,13.78,14.16,13.66,13.81,6.9394,85365000
2010-10-22,13.86,14.01,13.83,13.95,7.0098,38003100
2010-10-25,14.05,14.2,14.01,14.15,7.1103,77370800
2010-10-26,13.97,14.47,13.92,14.36,7.2158,214814400
2010-10-27,14.34,14.35,14.09,14.23,7.1505,81025700
2010-10-28,14.29,14.32,14.06,14.22,7.1455,51719400
2010-10-29,14.18,14.23,14.1,14.13,7.1002,52281900
2010-11-01,14.32,14.37,14.16,14.23,7.1505,56606000
2010-11-02,14.32,14.46,14.22,14.43,7.251,54691100
2010-11-03,14.48,15.2,14.44,15.18,7.6278,185667300
2010-11-04,15.51,15.98,15.4,15.86,7.9695,193232000
2010-11-05,15.98,16.26,15.81,16.21,8.1454,141539900
2010-11-08,16.36,16.49,16.06,16.41,8.2459,127386000
2010-11-09,16.53,16.58,15.88,16.07,8.0751,133717300
2010-11-10,16.32,16.71,16.08,16.63,8.3565,139738200
2010-11-11,16.54,16.66,16.2,16.61,8.3464,94746200
2010-11-12,16.46,16.53,16.04,16.3,8.1906,91657100
2010-11-15,16.81,17.41,16.68,17.0,8.5424,233268400
2010-11-16,17.19,17.42,16.36,16.51,8.2962,234481200
2010-11-17,16.76,16.9,16.52,16.68,8.3816,127748600
2010-11-18,16.77,16.87,16.05,16.12,8.1002,256937900
2010-11-19,16.02,16.38,15.83,16.28,8.1806,130323600
2010-11-22,16.26,16.54,16.11,16.2,8.1404,91288900
2010-11-23,16.01,16.16,15.62,15.7,7.8891,96689100
2010-11-24,15.95,16.06,15.81,15.95,8.0148,66727700
2010-11-26,15.81,16.18,15.75,16.1,8.0901,31557200
2010-11-29,16.12,16.12,15.86,16.06,8.07,61577500
2010-11-30,15.92,15.99,15.83,15.94,8.0097,71737400
2010-12-01,16.24,16.5,16.14,16.46,8.271,100724400
2010-12-02,16.72,16.86,16.63,16.78,8.4318,82484500
2010-12-03,16.63,16.83,16.6,16.8,8.4419,67399500
2010-12-06,16.66,16.78,16.52,16.65,8.3665,57290300
2010-12-07,16.91,16.92,16.55,16.56,8.3213,64104300
2010-12-08,16.66,16.73,16.35,16.69,8.3866,106700000
2010-12-09,16.82,16.85,16.66,16.76,8.4218,47280900
2010-12-10,16.68,16.77,16.65,16.73,8.4067,38196000
2010-12-13,16.65,16.72,16.47,16.47,8.2761,53899700
2010-12-14,16.5,16.58,16.39,16.42,8.2509,43070000
2010-12-15,16.37,16.66,16.35,16.55,8.3163,44901200
2010-12-16,16.52,16.77,16.44,16.77,8.4268,49567600
2010-12-17,16.76,16.85,16.68,16.8,8.4419,51948100
2010-12-20,16.85,16.9,16.63,16.85,8.467,41880000
2010-12-21,16.89,17.0,16.84,16.99,8.5374,35604000
2010-12-22,17.0,17.03,16.85,16.99,8.5374,31602700
2010-12-23,16.9,16.93,16.75,16.78,8.4318,25730100
2010-12-27,16.72,16.87,16.6,16.87,8.4771,27703900
2010-12-28,16.83,16.85,16.65,16.73,8.4067,28413200
2010-12-29,16.67,16.8,16.65,16.74,8.4117,25556700
2010-12-30,16.72,16.85,16.65,16.69,8.3866,24055100
2010-12-31,16.65,16.83,16.61,16.79,8.4369,22417600
2011-01-03,17.02,17.31,17.0,17.25,8.668,70794200
2011-01-04,17.39,17.66,16.96,17.38,8.7333,106477200
2011-01-05,17.31,18.09,17.22,17.89,8.9896,112378000
2011-01-06,18.03,18.29,17.95,18.22,9.1554,96284400
2011-01-07,18.42,18.42,18.08,18.27,9.1806,99029500
2011-01-10,18.43,18.49,18.16,18.31,9.2007,65348400
2011-01-11,18.48,18.49,18.13,18.28,9.1856,61312500
2011-01-12,18.36,18.75,18.29,18.71,9.4016,66841400
2011-01-13,18.81,18.97,18.55,18.68,9.3866,100459700
2011-01-14,18.61,18.75,18.58,18.65,9.3715,50279400
2011-01-18,18.66,18.77,18.61,18.7,9.3966,39737500
2011-01-19,18.71,18.72,17.77,17.9,8.9946,89216500
2011-01-20,17.77,18.0,17.35,17.78,8.9343,93501600
2011-01-21,17.99,18.11,17.87,17.95,9.0198,48717700
2011-01-24,18.03,18.03,17.75,17.93,9.0097,51698600
2011-01-25,17.86,18.02,17.66,17.89,8.9896,47155800
2011-01-26,17.97,18.43,17.9,18.37,9.2308,66834100
2011-01-27,18.52,18.88,18.33,18.79,9.4418,67711700
2011-01-28,17.79,17.88,15.98,16.27,8.1756,480879500
2011-01-31,16.56,16.64,15.45,15.95,8.0148,275198200
2011-02-01,16.14,16.24,15.85,15.89,7.9846,178894300
2011-02-02,15.91,15.98,15.31,15.4,7.7384,187008500
2011-02-03,15.38,15.78,15.1,15.76,7.9193,153131300
2011-02-04,15.91,15.95,15.64,15.72,7.8992,79198700
2011-02-07,15.84,16.36,15.8,16.11,8.0952,118132900
2011-02-08,16.17,16.26,16.02,16.24,8.1605,59674500
2011-02-09,16.13,16.3,16.02,16.09,8.0851,61896700
2011-02-10,15.99,16.11,15.9,15.95,8.0148,65334900
2011-02-11,16.06,16.51,15.99,16.38,8.2308,94736400
2011-02-14,16.38,16.39,16.02,16.09,8.0851,69632700
2011-02-15,16.03,16.16,15.95,16.1,8.0901,51612800
2011-02-16,16.16,16.18,16.0,16.05,8.065,59843600
2011-02-17,16.01,16.03,15.83,15.97,8.0248,53727600
2011-02-18,15.95,15.99,15.7,15.77,7.9243,68774000
2011-02-22,15.36,15.52,15.08,15.23,7.653,97449900
2011-02-23,15.02,15.04,14.49,14.86,7.467,159528600
2011-02-24,14.57,14.99,14.5,14.7,7.3867,120277400
2011-02-25,14.94,15.11,14.85,15.07,7.5726,78341600
2011-02-28,15.29,15.29,14.89,15.05,7.5625,54120000
2011-03-01,15.1,15.12,14.6,14.66,7.3666,74337200
2011-03-02,14.66,14.89,14.62,14.66,7.3666,67127000
2011-03-03,14.9,14.95,14.66,14.76,7.4168,66720400
2011-03-04,14.79,14.79,14.28,14.42,7.246,81593400
2011-03-07,14.34,14.42,13.98,14.01,7.0399,105389900
2011-03-08,14.02,14.55,14.01,14.47,7.2711,106699200
2011-03-09,14.59,14.6,14.25,14.29,7.1806,68046300
2011-03-10,14.1,14.28,14.01,14.06,7.0651,107127400
2011-03-11,13.9,14.46,13.87,14.36,7.2158,72249100
2011-03-14,14.47,14.64,14.2,14.3,7.1857,65056100
2011-03-15,13.8,14.8,13.75,14.67,7.3716,108919700
2011-03-16,14.73,14.79,13.89,14.18,7.1254,127862700
2011-03-17,14.56,14.58,14.18,14.26,7.1656,78683000
2011-03-18,14.58,14.67,14.43,14.49,7.2811,64541000
2011-03-21,14.7,14.72,14.48,14.59,7.3314,46486600
2011-03-22,14.52,14.57,14.32,14.34,7.2058,44731700
2011-03-23,14.26,14.45,14.02,14.31,7.1907,64431300
2011-03-24,14.4,15.12,14.39,15.04,7.5575,128201100
2011-03-25,15.2,15.2,14.9,15.01,7.5424,58954600
2011-03-28,14.99,15.09,14.83,14.86,7.467,41259800
2011-03-29,14.83,14.94,14.73,14.84,7.457,33301800
2011-03-30,14.88,14.97,14.74,14.86,7.467,40889600
2011-03-31,14.82,14.95,14.71,14.91,7.4922,41909100
2011-04-01,15.03,15.42,14.92,15.16,7.6178,116247300
2011-04-04,15.39,15.74,15.39,15.55,7.8138,99116600
2011-04-05,15.65,15.81,15.55,15.79,7.9344,72322800
2011-04-06,15.91,15.98,15.61,15.73,7.9042,62315800
2011-04-07,15.71,15.82,15.45,15.53,7.8037,51295100
2011-04-08,15.65,15.68,15.16,15.33,7.7032,51126100
2011-04-11,15.27,15.4,14.74,14.86,7.467,85626200
2011-04-12,14.59,15.0,14.5,14.91,7.4922,82591000
2011-04-13,15.04,15.05,14.8,14.98,7.5273,58736600
2011-04-14,14.74,14.85,14.61,14.81,7.4419,62357700
2011-04-15,14.86,14.91,14.61,14.71,7.3917,47434700
2011-04-18,14.51,14.74,14.49,14.62,7.3465,49822500
2011-04-19,14.65,14.79,14.54,14.66,7.3666,33575500
2011-04-20,14.95,15.2,14.84,15.09,7.5826,70978900
2011-04-21,15.23,15.45,15.1,15.43,7.7535,53181900
2011-04-25,15.51,15.59,15.35,15.54,7.8087,54775800
2011-04-26,16.04,16.18,15.66,15.66,7.869,166900000
2011-04-27,15.85,15.87,15.42,15.58,7.8288,84380600
2011-04-28,15.47,15.7,15.42,15.5,7.7886,48145500
2011-04-29,15.49,15.68,15.4,15.47,7.7736,40203200
2011-05-02,15.52,15.69,15.41,15.45,7.7635,42185500
2011-05-03,15.42,15.56,15.26,15.38,7.7283,68659100
2011-05-04,15.42,15.45,14.97,15.15,7.6128,71753400
2011-05-05,14.97,15.3,14.88,15.08,7.5776,62502900
2011-05-06,15.26,15.37,15.08,15.11,7.5927,58371200
2011-05-09,15.12,15.2,15.02,15.08,7.5776,33369700
2011-05-10,15.13,15.2,15.08,15.15,7.6128,36633400
2011-05-11,15.11,15.35,15.06,15.15,7.6128,54989600
2011-05-12,15.14,15.34,15.12,15.26,7.668,48775700
2011-05-13,15.22,15.3,15.03,15.08,7.5776,43317100
2011-05-16,15.21,15.32,15.1,15.13,7.6027,51778600
2011-05-17,15.06,15.18,14.82,14.97,7.5223,65261100
2011-05-18,15.01,15.16,14.87,15.12,7.5977,41278000
2011-05-19,15.1,15.17,15.01,15.12,7.5977,38684200
2011-05-20,15.05,15.11,14.97,15.0,7.5374,39285300
2011-05-23,14.71,14.93,14.65,14.8,7.4369,49529300
2011-05-24,14.84,14.85,14.56,14.66,7.3666,48890300
2011-05-25,14.54,14.66,14.35,14.58,7.3263,93969200
2011-05-26,14.51,14.6,14.4,14.56,7.3163,45961100
2011-05-27,14.55,14.64,14.46,14.6,7.3364,35654200
2011-05-31,14.75,14.92,14.64,14.92,7.4972,66438900
2011-06-01,14.78,14.9,14.2,14.23,7.1505,91509400
2011-06-02,14.26,14.37,14.09,14.18,7.1254,58588100
2011-06-03,13.88,14.22,13.81,14.01,7.0399,57295900
2011-06-06,13.99,14.12,13.86,13.91,6.9897,54183600
2011-06-07,14.17,14.19,13.94,13.95,7.0098,73208000
2011-06-08,13.96,14.01,13.65,13.7,6.8842,77161700
2011-06-09,13.74,13.87,13.58,13.8,6.9344,55365400
2011-06-10,13.68,13.74,13.33,13.35,6.7083,96684000
2011-06-13,13.14,13.26,12.78,13.14,6.6028,110748300
2011-06-14,13.29,13.56,13.25,13.43,6.7485,61363200
2011-06-15,13.3,13.36,13.05,13.15,6.6078,88736600
2011-06-16,13.05,13.18,12.68,12.83,6.447,91842200
2011-06-17,12.94,12.95,12.68,12.77,6.4168,75778900
2011-06-20,12.66,13.03,12.65,12.94,6.5023,51392800
2011-06-21,13.08,13.53,13.04,13.32,6.6932,72508100
2011-06-22,13.39,13.5,13.33,13.36,6.7133,42578600
2011-06-23,13.12,13.5,13.06,13.47,6.7686,59361900
2011-06-24,13.52,13.6,13.14,13.24,6.653,82743600
2011-06-27,13.35,13.55,13.09,13.46,6.7636,50005900
2011-06-28,13.55,13.55,13.25,13.33,6.6982,54013200
2011-06-29,13.41,13.51,13.32,13.42,6.7435,54105500
2011-06-30,13.46,13.97,13.36,13.79,6.9294,74076900
2011-07-01,13.92,14.13,13.73,14.02,7.045,66304800
2011-07-05,14.07,14.18,13.91,14.1,7.0852,47019400
2011-07-06,14.13,14.13,13.89,13.96,7.0148,46233600
2011-07-07,14.13,14.22,13.9,14.12,7.0952,66182800
2011-07-08,13.86,13.9,13.61,13.88,6.9746,68539000
2011-07-11,13.64,13.69,13.26,13.32,6.6932,61376200
2011-07-12,13.13,13.38,13.12,13.12,6.5927,57768900
2011-07-13,13.3,13.43,13.23,13.27,6.6681,44328200
2011-07-14,13.33,13.4,13.04,13.09,6.5776,45989000
2011-07-15,13.14,13.2,13.0,13.09,6.5776,41208600
2011-07-18,13.02,13.06,12.63,12.9,6.4822,66084800
2011-07-19,13.0,13.18,12.86,13.09,6.5776,53892600
2011-07-20,13.19,13.19,12.92,13.08,6.5726,33450700
2011-07-21,13.16,13.32,13.08,13.28,6.6731,43705600
2011-07-22,13.29,13.34,13.15,13.31,6.6882,26480600
2011-07-25,13.04,13.24,13.01,13.17,6.6178,45334300
2011-07-26,13.3,13.44,12.85,12.94,6.5023,109165800
2011-07-27,12.8,12.85,12.3,12.37,6.2158,113808600
2011-07-28,12.4,12.65,12.3,12.32,6.1907,69884600
2011-07-29,12.11,12.42,12.0,12.21,6.1354,68621600
2011-08-01,12.75,12.81,12.21,12.35,6.2058,73771800
2011-08-02,12.28,12.35,11.82,11.85,5.9545,97171100
2011-08-03,11.92,11.92,11.36,11.65,5.854,127291500
2011-08-04,11.49,11.51,10.77,10.86,5.4571,153368800
2011-08-05,11.05,11.23,10.32,10.84,5.447,139254200
2011-08-08,10.02,10.42,9.87,9.93,4.9898,202155900
2011-08-09,10.5,10.95,10.13,10.91,5.4822,177330900
2011-08-10,10.82,10.87,10.32,10.41,5.231,119877300
2011-08-11,10.48,11.12,10.43,10.94,5.4973,114926800
2011-08-12,11.29,11.31,11.0,11.06,5.5576,79279300
2011-08-15,11.29,11.37,11.17,11.35,5.7033,46283800
2011-08-16,11.23,11.45,11.05,11.22,5.638,53398200
2011-08-17,11.34,11.4,10.92,11.11,5.5827,52262000
2011-08-18,10.67,10.7,10.22,10.38,5.2159,87073500
2011-08-19,10.05,10.45,9.9,9.99,5.0199,87207200
2011-08-22,10.39,10.39,9.81,10.01,5.03,73424500
2011-08-23,10.16,10.32,10.01,10.31,5.1807,52107600
2011-08-24,10.31,10.46,10.13,10.45,5.2511,53035500
2011-08-25,10.53,10.72,10.22,10.28,5.1656,50166000
2011-08-26,10.18,10.53,10.06,10.4,5.2259,59398700
2011-08-29,10.64,10.95,10.61,10.93,5.4922,48857900
2011-08-30,10.87,10.96,10.64,10.87,5.4621,50345100
2011-08-31,11.03,11.3,10.98,11.12,5.5877,69283600
2011-09-01,11.14,11.27,10.81,10.85,5.4521,64031000
2011-09-02,10.53,10.68,10.26,10.42,5.236,62021000
2011-09-06,10.02,10.27,10.0,10.22,5.1355,65558100
2011-09-07,10.44,10.58,10.32,10.56,5.3063,45052800
2011-09-08,10.49,10.64,10.27,10.34,5.1958,45105500
2011-09-09,10.11,10.29,9.98,10.05,5.0501,69911300
2011-09-12,9.86,10.14,9.85,10.11,5.0802,58352000
2011-09-13,10.16,10.23,10.0,10.17,5.1104,44205300
2011-09-14,10.25,10.5,10.04,10.32,5.1857,70810200
2011-09-15,10.45,10.64,10.32,10.63,5.3415,53843200
2011-09-16,10.62,10.69,10.36,10.62,5.3365,46858900
2011-09-19,10.34,10.62,10.3,10.54,5.2963,41663900
2011-09-20,10.61,10.65,10.41,10.42,5.236,37706900
2011-09-21,10.4,10.51,9.97,9.97,5.0099,62227400
2011-09-22,9.79,10.14,9.43,9.62,4.834,115851100
2011-09-23,9.46,9.98,9.32,9.86,4.9546,70702600
2011-09-26,9.96,10.09,9.7,10.08,5.0651,54424800
2011-09-27,10.32,10.35,10.09,10.12,5.0852,65062200
2011-09-28,10.18,10.22,9.9,9.93,4.9898,43567700
2011-09-29,10.14,10.15,9.75,10.0,5.0249,52634800
2011-09-30,9.89,10.01,9.65,9.67,4.8591,56697200
2011-10-03,9.66,9.92,9.36,9.37,4.7084,72828100
2011-10-04,9.22,10.13,9.05,10.08,5.0651,103900000
2011-10-05,10.07,10.59,9.83,10.56,5.3063,96318100
2011-10-06,10.61,11.0,10.56,10.99,5.5224,86277500
2011-10-07,11.04,11.2,10.63,10.69,5.3717,87812400
2011-10-10,10.93,11.23,10.9,11.21,5.633,57668200
2011-10-11,11.17,11.29,11.02,11.24,5.648,61332000
2011-10-12,11.4,11.8,11.38,11.38,5.7184,82907500
2011-10-13,11.39,11.46,11.04,11.34,5.6983,60021300
2011-10-14,11.58,11.67,11.34,11.56,5.8088,54535700
2011-10-17,11.71,11.76,11.32,11.4,5.7284,53715600
2011-10-18,11.41,11.93,11.27,11.78,5.9194,66804200
2011-10-19,11.77,11.92,11.46,11.56,5.8088,69510100
2011-10-20,11.66,11.75,11.47,11.7,5.8792,62145700
2011-10-21,11.86,12.32,11.84,12.26,6.1606,86636000
2011-10-24,12.31,12.65,12.3,12.51,6.2862,68986900
2011-10-25,12.58,12.59,12.14,12.43,6.246,77049100
2011-10-26,12.09,12.2,11.54,11.87,5.9646,159678600
2011-10-27,12.29,12.29,11.71,12.08,6.0701,132526600
2011-10-28,11.97,12.07,11.86,12.0,6.0299,60363200
2011-10-31,11.8,11.91,11.68,11.68,5.8691,41740400
2011-11-01,11.33,11.39,11.03,11.08,5.5676,108235700
2011-11-02,11.26,11.28,11.04,11.15,5.6028,52759200
2011-11-03,11.29,11.39,11.02,11.32,5.6882,57802200
2011-11-04,11.28,11.39,11.12,11.27,5.6631,43133100
2011-11-07,11.2,11.3,11.06,11.22,5.638,39924300
2011-11-08,11.27,11.68,11.18,11.61,5.8339,60893400
2011-11-09,11.2,11.38,10.98,11.04,5.5475,72026000
2011-11-10,11.17,11.19,10.9,10.99,5.5224,50555200
2011-11-11,11.15,11.18,11.05,11.14,5.5978,32872400
2011-11-14,11.12,11.17,10.98,11.02,5.5375,30530100
2011-11-15,10.93,11.0,10.82,10.87,5.4621,43972900
2011-11-16,10.8,10.82,10.5,10.56,5.3063,49001300
2011-11-17,10.54,10.56,10.07,10.17,5.1104,69670700
2011-11-18,10.28,10.3,10.07,10.1,5.0752,44422000
2011-11-21,9.99,10.12,9.8,10.05,5.0501,60890100
2011-11-22,10.02,10.15,9.9,10.09,5.0702,43750700
2011-11-23,9.97,10.04,9.83,9.83,4.9395,44958400
2011-11-25,9.81,9.95,9.75,9.75,4.8993,20118500
2011-11-28,10.15,10.19,9.9,10.0,5.0249,57953300
2011-11-29,10.03,10.13,9.92,9.99,5.0199,40443800
2011-11-30,10.33,10.6,10.17,10.6,5.3264,66922300
2011-12-01,10.51,10.81,10.41,10.59,5.3214,61397000
2011-12-02,10.79,11.1,10.75,10.9,5.4772,67252600
2011-12-05,11.16,11.42,11.02,11.11,5.5827,65924700
2011-12-06,11.1,11.19,11.0,11.05,5.5525,39786100
2011-12-07,11.0,11.15,10.88,11.08,5.5676,45168800
2011-12-08,10.96,11.11,9.84,10.75,5.4018,82552300
2011-12-09,10.94,11.11,10.87,11.03,5.5425,48326600
2011-12-12,10.87,10.89,10.68,10.85,5.4521,40777500
2011-12-13,10.92,11.04,10.36,10.48,5.2661,67905600
2011-12-14,10.33,10.41,10.1,10.15,5.1003,53224300
2011-12-15,10.31,10.42,10.19,10.25,5.1506,46636200
2011-12-16,10.32,10.4,10.16,10.25,5.1506,45962300
2011-12-19,10.25,10.39,9.99,10.02,5.035,45068200
2011-12-20,10.21,10.38,10.18,10.33,5.1908,45235100
2011-12-21,10.38,10.74,10.33,10.66,5.3566,56203100
2011-12-22,10.78,10.98,10.66,10.94,5.4973,43983100
2011-12-23,10.99,11.0,10.79,10.95,5.5023,26953000
2011-12-27,10.87,10.98,10.76,10.81,5.432,25444800
2011-12-28,10.82,10.84,10.43,10.52,5.2862,33445100
2011-12-29,10.56,10.75,10.5,10.68,5.3666,34317000
2011-12-30,10.64,10.79,10.6,10.76,5.4068,26815800
2012-01-03,11.0,11.25,10.99,11.13,5.5927,45709900
2012-01-04,11.15,11.53,11.07,11.3,5.6782,79725200
2012-01-05,11.33,11.63,11.24,11.59,5.8239,67877500
2012-01-06,11.74,11.8,11.52,11.71,5.8842,59840700
2012-01-09,11.83,11.95,11.7,11.8,5.9294,53981500
2012-01-10,12.0,12.05,11.63,11.8,5.9294,121750600
2012-01-11,11.74,12.18,11.65,12.07,6.0651,63806000
2012-01-12,12.16,12.18,11.89,12.14,6.1003,48687700
2012-01-13,12.01,12.08,11.84,12.04,6.05,46366700
2012-01-17,12.2,12.26,11.96,12.02,6.04,44398400
2012-01-18,12.03,12.37,12.0,12.34,6.2008,47102700
2012-01-19,12.48,12.72,12.43,12.61,6.3364,70894200
2012-01-20,12.55,12.64,12.45,12.59,6.3264,43705700
2012-01-23,12.69,12.84,12.55,12.66,6.3616,49379700
2012-01-24,12.56,12.86,12.46,12.82,6.442,45768400
2012-01-25,12.8,12.98,12.7,12.93,6.4972,54021600
2012-01-26,13.03,13.05,12.66,12.79,6.4269,75470700
2012-01-27,11.96,12.53,11.79,12.21,6.1595,142155300
2012-01-30,12.06,12.44,12.0,12.29,6.1999,57752600
2012-01-31,12.47,12.51,12.2,12.42,6.2655,46412100
2012-02-01,12.73,12.75,12.29,12.33,6.2201,71669000
2012-02-02,12.4,12.43,12.2,12.26,6.1847,48347600
2012-02-03,12.47,12.84,12.39,12.79,6.4521,78851200
2012-02-06,12.85,13.0,12.71,12.96,6.5379,46363300
2012-02-07,12.93,12.97,12.83,12.88,6.4975,39413500
2012-02-08,12.91,12.96,12.8,12.84,6.4773,35352500
2012-02-09,12.89,12.9,12.67,12.69,6.4017,52290500
2012-02-10,12.52,12.66,12.37,12.44,6.2755,52505500
2012-02-13,12.74,12.74,12.51,12.54,6.326,34474400
2012-02-14,12.46,12.58,12.34,12.48,6.2957,39627900
2012-02-15,12.47,12.57,12.33,12.38,6.2453,38174800
2012-02-16,12.38,12.77,12.38,12.74,6.4269,49164400
2012-02-17,12.84,12.88,12.71,12.75,6.4319,30778000
2012-02-21,12.74,12.76,12.46,12.53,6.3209,38409800
2012-02-22,12.49,12.51,12.22,12.28,6.1948,43326000
2012-02-23,12.27,12.44,12.16,12.4,6.2554,36747600
2012-02-24,12.43,12.46,12.19,12.23,6.1696,31399300
2012-02-27,12.11,12.36,11.99,12.3,6.2049,38703400
2012-02-28,12.34,12.35,12.2,12.25,6.1797,30789000
2012-02-29,12.28,12.55,12.25,12.38,6.2453,62093700
2012-03-01,12.48,12.77,12.45,12.66,6.3865,68262000
2012-03-02,12.74,12.94,12.68,12.72,6.4168,49063500
2012-03-05,12.67,12.68,12.41,12.46,6.2856,28433700
2012-03-06,12.23,12.25,12.0,12.09,6.099,57374500
2012-03-07,12.21,12.3,12.15,12.24,6.1747,28440900
2012-03-08,12.41,12.55,12.32,12.46,6.2856,37099100
2012-03-09,12.53,12.73,12.48,12.58,6.3462,36159300
2012-03-12,12.57,12.59,12.37,12.43,6.2705,30275700
2012-03-13,12.48,12.72,12.4,12.7,6.4067,42783600
2012-03-14,12.64,12.9,12.63,12.88,6.4975,47578500
2012-03-15,12.9,13.04,12.83,12.9,6.5076,55286600
2012-03-16,12.86,12.9,12.51,12.51,6.3109,77119600
2012-03-19,12.52,12.68,12.48,12.63,6.3714,52445700
2012-03-20,12.48,12.61,12.39,12.54,6.326,40214400
2012-03-21,12.59,12.67,12.55,12.57,6.3411,27521400
2012-03-22,12.48,12.54,12.24,12.32,6.215,50117100
2012-03-23,12.31,12.37,12.18,12.32,6.215,44755000
2012-03-26,12.45,12.5,12.39,12.48,6.2957,26692200
2012-03-27,12.51,12.61,12.3,12.32,6.215,35070700
2012-03-28,12.35,12.36,12.18,12.32,6.215,41051700
2012-03-29,12.33,12.52,12.24,12.5,6.3058,51039700
2012-03-30,12.55,12.58,12.4,12.48,6.2957,36381000
2012-04-02,12.5,12.65,12.44,12.62,6.3664,43966900
2012-04-03,12.71,12.95,12.46,12.64,6.3764,97034200
2012-04-04,12.46,12.52,12.32,12.51,6.3109,51505000
2012-04-05,12.38,12.58,12.38,12.47,6.2907,37939500
2012-04-09,12.26,12.29,12.11,12.22,6.1646,42515300
2012-04-10,12.19,12.28,11.65,11.79,5.9476,77370300
2012-04-11,11.99,12.02,11.88,11.91,6.0082,34724400
2012-04-12,11.94,12.13,11.86,12.07,6.0889,26988800
2012-04-13,11.98,12.03,11.84,11.92,6.0132,39675000
2012-04-16,12.01,12.05,11.83,11.88,5.993,31903500
2012-04-17,11.98,12.0,11.88,11.91,6.0082,35981200
2012-04-18,11.81,11.85,11.72,11.79,5.9476,32314000
2012-04-19,11.81,11.88,11.58,11.66,5.8821,48169200
2012-04-20,11.71,11.72,11.39,11.41,5.756,52631000
2012-04-23,11.15,11.4,11.15,11.35,5.7257,31269200
2012-04-24,11.61,11.61,11.36,11.39,5.7459,38615200
2012-04-25,11.51,11.75,11.43,11.73,5.9174,45185400
2012-04-26,11.71,11.93,11.67,11.87,5.988,40889300
2012-04-27,12.03,12.04,11.52,11.6,5.8518,83070300
2012-04-30,11.42,11.47,11.15,11.28,5.715,46156300
2012-05-01,11.25,11.34,11.11,11.23,5.6897,43959200
2012-05-02,11.16,11.17,11.0,11.1,5.6238,48572900
2012-05-03,11.13,11.15,10.85,10.92,5.5326,40238400
2012-05-04,10.84,10.87,10.63,10.67,5.4059,53268400
2012-05-07,10.53,10.79,10.52,10.66,5.4009,33235200
2012-05-08,10.6,10.64,10.4,10.61,5.3755,46174500
2012-05-09,10.48,10.81,10.41,10.69,5.4161,54501200
2012-05-10,10.83,10.86,10.66,10.71,5.4262,42526100
2012-05-11,10.61,10.83,10.56,10.58,5.3603,36561300
2012-05-14,10.41,10.53,10.3,10.32,5.2286,50225200
2012-05-15,10.34,10.34,10.1,10.15,5.1425,41886500
2012-05-16,10.23,10.43,10.15,10.16,5.1476,44321300
2012-05-17,10.16,10.25,10.01,10.01,5.0716,49648900
2012-05-18,10.08,10.18,9.96,10.01,5.0716,50572000
2012-05-21,10.02,10.23,10.0,10.2,5.1678,38134900
2012-05-22,10.25,10.4,10.15,10.19,5.1628,44295700
2012-05-23,10.32,10.45,10.22,10.41,5.2742,75647800
2012-05-24,10.5,10.62,10.38,10.59,5.3654,45334100
2012-05-25,10.61,10.68,10.51,10.6,5.3705,30430800
2012-05-29,10.69,10.88,10.68,10.84,5.4921,43760600
2012-05-30,10.73,10.75,10.52,10.66,5.4009,44592100
2012-05-31,10.62,10.68,10.4,10.56,5.3502,54297000
2012-06-01,10.33,10.37,10.06,10.12,5.1273,68237000
2012-06-04,10.15,10.18,9.91,10.04,5.0868,57305600
2012-06-05,10.01,10.24,9.97,10.19,5.1628,38326200
2012-06-06,10.29,10.58,10.27,10.57,5.3553,50458000
2012-06-07,10.73,10.78,10.52,10.55,5.3451,33846100
2012-06-08,10.48,10.68,10.38,10.66,5.4009,30811600
2012-06-11,10.77,10.8,10.45,10.45,5.2945,35811400
2012-06-12,10.47,10.55,10.31,10.5,5.3198,35130800
2012-06-13,10.39,10.49,10.22,10.3,5.2185,41384200
2012-06-14,10.27,10.45,10.21,10.41,5.2742,37531800
2012-06-15,10.4,10.42,10.26,10.35,5.2438,39442000
2012-06-18,10.35,10.4,10.26,10.34,5.2388,27361000
2012-06-19,10.37,10.64,10.35,10.56,5.3502,37155900
2012-06-20,10.58,10.74,10.52,10.65,5.3958,40810100
2012-06-21,10.65,10.68,10.25,10.27,5.2033,40062800
2012-06-22,10.35,10.4,10.18,10.19,5.1628,56427300
2012-06-25,10.13,10.18,9.95,10.01,5.0716,44297600
2012-06-26,10.06,10.08,9.96,10.01,5.0716,31871900
2012-06-27,10.05,10.1,9.97,10.02,5.0766,33278900
2012-06-28,9.93,10.09,9.93,10.09,5.1121,38648400
2012-06-29,9.95,9.98,9.46,9.59,4.8588,138138600
2012-07-02,9.5,9.6,9.3,9.39,4.7574,63388600
2012-07-03,9.53,9.79,9.49,9.6,4.8638,49629300
2012-07-05,9.67,9.74,9.53,9.57,4.8486,31783900
2012-07-06,9.47,9.52,9.4,9.5,4.8132,30355400
2012-07-09,9.46,9.47,9.31,9.45,4.7878,37441600
2012-07-10,9.5,9.55,9.28,9.35,4.7372,33516600
2012-07-11,9.33,9.38,9.26,9.33,4.727,32028700
2012-07-12,9.26,9.28,9.12,9.13,4.6257,55111000
2012-07-13,9.16,9.32,9.14,9.27,4.6966,30248300
2012-07-16,9.22,9.32,9.15,9.26,4.6916,28838200
2012-07-17,9.28,9.35,9.12,9.34,4.7321,29510000
2012-07-18,9.38,9.52,9.34,9.38,4.7524,31010000
2012-07-19,9.45,9.5,9.33,9.35,4.7372,33615000
2012-07-20,9.28,9.35,9.18,9.21,4.6662,27968300
2012-07-23,9.08,9.21,9.05,9.17,4.646,33773800
2012-07-24,9.17,9.24,8.95,9.06,4.5902,53519200
2012-07-25,9.17,9.2,8.91,8.97,4.5446,44338200
2012-07-26,9.05,9.11,8.83,8.96,4.5396,51798900
2012-07-27,8.99,9.1,8.88,9.0,4.5598,67986800
2012-07-30,9.04,9.18,9.01,9.1,4.6105,40958300
2012-07-31,9.13,9.28,9.12,9.24,4.6814,41360900
2012-08-01,9.29,9.42,8.99,9.04,4.605,65973000
2012-08-02,8.99,9.03,8.82,8.92,4.5439,45326500
2012-08-03,9.02,9.15,8.96,9.09,4.6305,38631400
2012-08-06,9.13,9.21,9.09,9.15,4.6611,23819100
2012-08-07,9.18,9.39,9.18,9.31,4.7426,43574500
2012-08-08,9.25,9.38,9.24,9.35,4.7629,22630300
2012-08-09,9.31,9.46,9.3,9.34,4.7578,30909800
2012-08-10,9.3,9.36,9.23,9.35,4.7629,19618800
2012-08-13,9.35,9.42,9.25,9.4,4.7884,21122000
2012-08-14,9.45,9.66,9.42,9.44,4.8088,21129500
2012-08-15,9.44,9.54,9.41,9.49,4.8343,21308300
2012-08-16,9.5,9.67,9.49,9.59,4.8852,34323700
2012-08-17,9.65,9.66,9.6,9.63,4.9056,34533900
2012-08-20,9.58,9.64,9.51,9.63,4.9056,38923800
2012-08-21,9.65,9.7,9.52,9.53,4.8546,26281100
2012-08-22,9.5,9.56,9.4,9.49,4.8343,26965500
2012-08-23,9.45,9.54,9.42,9.45,4.8139,23537700
2012-08-24,9.42,9.52,9.41,9.49,4.8343,19574600
2012-08-27,9.51,9.52,9.38,9.39,4.7833,22754200
2012-08-28,9.37,9.44,9.31,9.34,4.7578,23084400
2012-08-29,9.33,9.4,9.29,9.32,4.7477,26115700
2012-08-30,9.3,9.34,9.25,9.31,4.7426,16459400
2012-08-31,9.39,9.43,9.31,9.34,4.7578,28029200
2012-09-04,9.37,9.47,9.35,9.41,4.7935,37965000
2012-09-05,9.45,9.62,9.39,9.57,4.875,40608800
2012-09-06,9.66,9.96,9.66,9.92,5.0533,67996400
2012-09-07,9.95,10.23,9.93,10.14,5.1654,60617000
2012-09-10,10.08,10.28,10.06,10.11,5.1501,43381300
2012-09-11,10.18,10.25,10.13,10.15,5.1705,28165300
2012-09-12,10.25,10.3,10.17,10.21,5.201,28046500
2012-09-13,10.2,10.38,10.12,10.34,5.2673,50920200
2012-09-14,10.41,10.57,10.39,10.53,5.364,55934300
2012-09-17,10.27,10.42,10.26,10.39,5.2927,31922200
2012-09-18,10.3,10.45,10.28,10.42,5.308,34937000
2012-09-19,10.49,10.66,10.45,10.59,5.3946,42403000
2012-09-20,10.48,10.52,10.35,10.44,5.3182,28755100
2012-09-21,10.53,10.54,10.36,10.4,5.2978,35459800
2012-09-24,10.3,10.4,10.26,10.32,5.2571,28557900
2012-09-25,10.35,10.37,10.06,10.09,5.1399,36866300
2012-09-26,9.98,10.12,9.86,10.01,5.0992,44362600
2012-09-27,10.13,10.18,10.02,10.02,5.1042,25740900
2012-09-28,9.99,10.0,9.81,9.86,5.0227,44586300
2012-10-01,9.89,10.08,9.88,9.93,5.0584,33445600
2012-10-02,10.01,10.05,9.71,9.79,4.9871,63630000
2012-10-03,9.82,10.02,9.76,9.94,5.0635,51023800
2012-10-04,10.06,10.15,9.96,10.11,5.1501,46855500
2012-10-05,10.17,10.28,10.13,10.16,5.1756,40693900
2012-10-08,10.06,10.12,9.99,10.05,5.1195,25473900
2012-10-09,10.21,10.25,10.02,10.1,5.145,38235700
2012-10-10,10.12,10.12,9.95,9.98,5.0839,33951600
2012-10-11,10.06,10.26,10.05,10.14,5.1654,39328700
2012-10-12,10.14,10.25,10.09,10.12,5.1552,24108500
2012-10-15,10.11,10.25,10.09,10.22,5.2061,26466500
2012-10-16,10.26,10.32,10.22,10.3,5.2469,32788400
2012-10-17,10.31,10.41,10.26,10.41,5.3029,29346300
2012-10-18,10.36,10.57,10.33,10.43,5.3131,44041700
2012-10-19,10.42,10.43,10.13,10.18,5.1858,40493000
2012-10-22,10.14,10.24,10.03,10.17,5.1807,39149700
2012-10-23,10.02,10.11,9.97,10.0,5.0941,32476500
2012-10-24,10.08,10.29,10.01,10.17,5.1807,49339800
2012-10-25,10.42,10.49,10.28,10.39,5.2927,59290900
2012-10-26,10.35,10.42,10.22,10.36,5.2774,43485500
2012-10-31,10.7,11.17,10.6,11.16,5.7125,137960900
2012-11-01,11.19,11.3,10.88,11.25,5.7586,88770100
2012-11-02,11.31,11.38,11.15,11.17,5.7177,53399000
2012-11-05,11.15,11.35,11.13,11.25,5.7586,37995000
2012-11-06,11.33,11.59,11.26,11.42,5.8456,51232200
2012-11-07,11.25,11.34,11.04,11.06,5.6613,56674900
2012-11-08,11.07,11.23,10.89,10.9,5.5795,45948800
2012-11-09,10.76,11.1,10.71,10.93,5.5948,40703600
2012-11-12,11.03,11.16,10.96,10.97,5.6153,25723100
2012-11-13,10.89,11.1,10.86,11.0,5.6306,33342900
2012-11-14,11.02,11.05,10.62,10.67,5.4617,45664700
2012-11-15,10.57,10.8,10.46,10.57,5.4105,48879800
2012-11-16,10.58,10.64,10.38,10.5,5.3747,45346200
2012-11-19,10.65,10.9,10.65,10.83,5.5436,39359100
2012-11-20,10.85,11.02,10.76,10.85,5.5539,34739800
2012-11-21,10.84,11.0,10.8,10.92,5.5897,21181700
2012-11-23,10.98,11.1,10.96,11.1,5.6818,16032200
2012-11-26,11.05,11.14,10.97,11.11,5.6869,26831700
2012-11-27,11.1,11.27,11.1,11.1,5.6818,37610000
2012-11-28,11.05,11.26,10.98,11.25,5.7586,38496900
2012-11-29,11.32,11.53,11.32,11.53,5.9019,57289300
2012-11-30,11.52,11.6,11.33,11.45,5.861,41329600
2012-12-03,11.56,11.7,11.4,11.41,5.8405,47746300
2012-12-04,11.4,11.44,11.23,11.31,5.7893,37760200
2012-12-05,11.32,11.4,11.18,11.31,5.7893,33152400
2012-12-06,11.26,11.31,11.19,11.24,5.7535,31065800
2012-12-07,11.27,11.5,11.26,11.48,5.8763,38404500
2012-12-10,11.41,11.53,11.41,11.47,5.8712,26025200
2012-12-11,11.51,11.58,11.4,11.49,5.8815,36326900
2012-12-12,11.52,11.56,11.43,11.47,5.8712,31099900
2012-12-13,11.46,11.5,11.21,11.27,5.7688,35443200
2012-12-14,11.27,11.27,11.03,11.1,5.6818,36933500
2012-12-17,11.16,11.41,11.14,11.39,5.8303,46983300
2012-12-18,11.48,11.68,11.4,11.67,5.9736,61810400
2012-12-19,11.79,11.85,11.62,11.73,6.0043,54884700
2012-12-20,11.74,11.8,11.58,11.77,6.0248,47750100
2012-12-21,11.55,11.86,11.47,11.86,6.0708,94489300
2012-12-24,11.67,12.4,11.67,12.4,6.3473,91734900
2012-12-26,12.31,12.79,12.31,12.79,6.5469,140331900
2012-12-27,12.79,12.81,12.36,12.76,6.5315,108315100
2012-12-28,12.55,12.88,12.52,12.87,6.5878,95668600
2012-12-31,12.88,13.08,12.76,12.95,6.6288,106908900
2013-01-02,13.23,13.28,13.0,13.2,6.7568,75274700
2013-01-03,13.24,13.7,13.05,13.46,6.8899,121284700
2013-01-04,13.51,13.61,13.35,13.57,6.9462,54669900
2013-01-07,13.52,13.58,13.35,13.43,6.8745,43482400
2013-01-08,13.38,13.43,13.2,13.35,6.8335,46336200
2013-01-09,13.4,13.6,13.39,13.47,6.895,36973900
2013-01-10,13.78,13.94,13.68,13.83,7.0792,84884300
2013-01-11,14.0,14.07,13.9,14.0,7.1663,67641200
2013-01-14,14.04,14.08,13.86,13.99,7.1611,46224800
2013-01-15,13.91,14.3,13.89,14.3,7.3198,55425000
2013-01-16,14.16,14.25,14.01,14.22,7.2789,51453400
2013-01-17,14.27,14.3,14.07,14.22,7.2789,44299300
2013-01-18,14.1,14.13,13.97,14.11,7.2226,45716100
2013-01-22,14.06,14.19,14.0,14.17,7.2533,35467900
2013-01-23,14.0,14.02,13.79,13.88,7.1048,58122200
2013-01-24,13.82,13.98,13.81,13.87,7.0997,42532700
2013-01-25,13.83,13.84,13.64,13.68,7.0025,53405400
2013-01-28,13.49,13.82,13.42,13.78,7.1056,51189300
2013-01-29,13.56,13.61,12.89,13.14,6.7756,131146500
2013-01-30,13.01,13.2,12.89,12.93,6.6673,59595900
2013-01-31,12.86,13.02,12.67,12.95,6.6776,65844000
2013-02-01,13.1,13.13,12.94,13.02,6.7137,45222500
2013-02-04,12.94,13.0,12.86,12.88,6.6415,32702200
2013-02-05,12.97,13.25,12.94,13.18,6.7962,39116500
2013-02-06,13.13,13.27,13.05,13.2,6.8065,33520400
2013-02-07,13.26,13.31,13.0,13.07,6.7395,33987500
2013-02-08,13.1,13.16,13.05,13.1,6.755,18613300
2013-02-11,13.06,13.2,13.02,13.11,6.7601,17688900
2013-02-12,13.12,13.2,13.05,13.08,6.7446,26243300
2013-02-13,13.11,13.14,12.99,13.04,6.724,24503600
2013-02-14,13.0,13.17,12.96,13.11,6.7601,33489000
2013-02-15,13.14,13.14,13.01,13.02,6.7137,32418700
2013-02-19,13.04,13.09,12.9,12.99,6.6982,31089900
2013-02-20,12.95,12.98,12.57,12.6,6.4971,50381800
2013-02-21,12.51,12.51,12.3,12.39,6.3888,43703700
2013-02-22,12.44,12.5,12.31,12.48,6.4353,23866400
2013-02-25,12.53,12.57,12.1,12.13,6.2548,38627200
2013-02-26,12.24,12.35,12.11,12.34,6.3631,29191400
2013-02-27,12.35,12.85,12.35,12.76,6.5796,51569900
2013-02-28,12.78,12.87,12.6,12.61,6.5023,37659400
2013-03-01,12.56,12.75,12.38,12.61,6.5023,38806100
2013-03-04,12.55,12.75,12.53,12.75,6.5745,24337100
2013-03-05,12.87,12.98,12.79,12.87,6.6364,26863200
2013-03-06,12.97,13.0,12.85,12.89,6.6467,28953400
2013-03-07,12.89,12.91,12.77,12.83,6.6157,27702800
2013-03-08,12.94,12.99,12.81,12.98,6.6931,24715100
2013-03-11,12.97,13.4,12.9,13.34,6.8787,48696900
2013-03-12,13.37,13.47,13.17,13.39,6.9045,46047600
2013-03-13,13.37,13.45,13.35,13.4,6.9097,26467800
2013-03-14,13.43,13.45,13.37,13.43,6.9251,31653300
2013-03-15,13.31,13.45,13.26,13.45,6.9354,62961000
2013-03-18,13.16,13.39,12.8,13.26,6.8375,36877600
2013-03-19,13.27,13.35,13.09,13.16,6.7859,37639900
2013-03-20,13.22,13.4,13.18,13.36,6.889,32690500
2013-03-21,13.25,13.42,13.23,13.26,6.8375,29740300
2013-03-22,13.24,13.31,13.2,13.26,6.8375,21423900
2013-03-25,13.31,13.4,13.26,13.29,6.8529,27238000
2013-03-26,13.35,13.37,13.24,13.31,6.8632,24236700
2013-03-27,13.23,13.25,13.1,13.22,6.8168,26240600
2013-03-28,13.24,13.24,13.1,13.15,6.7807,25472400
2013-04-01,13.01,13.15,12.9,12.9,6.6518,32961500
2013-04-02,13.0,13.19,12.96,13.01,6.7085,35189300
2013-04-03,13.05,13.05,12.59,12.68,6.5384,45189000
2013-04-04,12.68,12.78,12.45,12.65,6.5229,29803800
2013-04-05,12.43,12.5,12.15,12.44,6.4146,42605700
2013-04-08,12.46,12.83,12.4,12.78,6.59,23884700
2013-04-09,12.85,12.96,12.75,12.8,6.6003,29826000
2013-04-10,12.87,13.13,12.82,13.12,6.7653,31089600
2013-04-11,13.15,13.58,13.13,13.55,6.987,51493300
2013-04-12,13.43,13.55,13.26,13.53,6.9767,37955000
2013-04-15,13.36,13.46,12.91,12.95,6.6776,55885900
2013-04-16,13.17,13.24,13.0,13.12,6.7653,36338200
2013-04-17,12.97,13.05,12.8,12.93,6.6673,44583600
2013-04-18,12.94,12.98,12.65,12.75,6.5745,34877900
2013-04-19,12.88,12.97,12.75,12.93,6.6673,26971400
2013-04-22,12.97,13.08,12.8,13.06,6.7343,26082200
2013-04-23,13.12,13.45,13.11,13.36,6.889,40082600
2013-04-24,13.48,13.54,13.12,13.33,6.8736,46026300
2013-04-25,13.4,13.56,13.35,13.47,6.9457,42016000
2013-04-26,13.52,13.76,13.45,13.67,7.0489,43814900
2013-04-29,13.73,13.76,13.57,13.66,7.0437,20659200
2013-04-30,13.66,13.74,13.52,13.71,7.0695,24858800
2013-05-01,13.64,13.78,13.35,13.38,6.95,39344800
2013-05-02,13.54,13.55,13.38,13.41,6.9656,33982900
2013-05-03,13.58,13.83,13.57,13.83,7.1838,45933600
2013-05-06,13.86,14.15,13.83,14.09,7.3188,53821400
2013-05-07,14.2,14.25,14.09,14.19,7.3708,42070400
2013-05-08,14.15,14.24,14.1,14.21,7.3812,33334600
2013-05-09,14.19,14.26,14.16,14.2,7.376,30575000
2013-05-10,14.21,14.23,14.02,14.11,7.3292,30885100
2013-05-13,14.1,14.12,13.92,14.01,7.2773,22758500
2013-05-14,14.0,14.3,13.98,14.27,7.4123,32390700
2013-05-15,14.28,14.77,14.27,14.67,7.6201,56875000
2013-05-16,14.77,14.85,14.6,14.64,7.6045,40924300
2013-05-17,14.79,15.15,14.75,15.08,7.8331,59729800
2013-05-20,15.01,15.23,15.0,15.05,7.8175,34580000
2013-05-21,15.07,15.22,14.75,14.95,7.7655,61840300
2013-05-22,15.08,15.32,14.86,14.97,7.7759,67147900
2013-05-23,14.5,14.94,14.37,14.81,7.6928,49128700
2013-05-24,14.71,14.88,14.66,14.79,7.6824,25287100
2013-05-28,15.22,15.35,15.1,15.28,7.937,59250500
2013-05-29,15.27,15.72,15.24,15.63,8.1188,65167400
2013-05-30,15.76,16.02,15.74,15.9,8.259,61805000
2013-05-31,15.88,16.04,15.68,15.68,8.1447,52117500
2013-06-03,15.93,16.08,15.51,15.89,8.2538,59017900
2013-06-04,15.98,16.09,15.63,15.78,8.1967,50273400
2013-06-05,15.7,15.71,15.18,15.25,7.9214,64862400
2013-06-06,15.25,15.48,15.06,15.44,8.0201,54819200
2013-06-07,15.58,15.76,15.46,15.73,8.1707,37099500
2013-06-10,15.86,15.9,15.6,15.71,8.1603,29589300
2013-06-11,15.52,15.68,15.4,15.51,8.0564,35360600
2013-06-12,15.63,15.71,15.31,15.37,7.9837,36207400
2013-06-13,15.31,15.6,15.18,15.58,8.0928,34327500
2013-06-14,15.52,15.57,15.35,15.37,7.9837,27186000
2013-06-17,15.53,15.72,15.44,15.55,8.0772,31340000
2013-06-18,15.54,15.71,15.44,15.65,8.1291,25950200
2013-06-19,15.6,15.62,15.31,15.32,7.9577,35997500
2013-06-20,15.19,15.28,14.75,14.82,7.698,57313900
2013-06-21,15.02,15.06,14.59,15.0,7.7915,48218100
2013-06-24,14.67,14.83,14.3,14.67,7.6201,58598000
2013-06-25,14.85,15.0,14.84,14.97,7.7759,34031900
2013-06-26,15.16,15.31,15.1,15.29,7.9421,39595100
2013-06-27,15.43,15.7,15.39,15.65,8.1291,35859600
2013-06-28,15.56,15.65,15.44,15.47,8.0356,45034700
2013-07-01,15.61,15.79,15.56,15.74,8.1759,36012200
2013-07-02,15.76,16.21,15.69,16.18,8.4044,70275900
2013-07-03,16.15,16.45,16.14,16.43,8.5343,38114000
2013-07-05,16.53,16.74,16.48,16.7,8.6746,44728400
2013-07-08,16.85,16.93,16.75,16.81,8.7317,42019600
2013-07-09,16.86,16.94,16.72,16.84,8.7473,33762200
2013-07-10,16.76,16.88,16.65,16.72,8.6849,38162900
2013-07-11,16.95,16.99,16.86,16.98,8.82,34601800
2013-07-12,16.98,17.11,16.97,17.11,8.8875,27297500
2013-07-15,17.24,17.29,17.1,17.12,8.8927,26663500
2013-07-16,16.95,16.95,16.41,16.6,8.6226,63282600
2013-07-17,16.64,16.83,16.62,16.78,8.7161,27888100
2013-07-18,16.82,16.98,16.78,16.93,8.794,24606400
2013-07-19,16.89,16.89,16.65,16.76,8.7057,29592500
2013-07-22,16.87,17.04,16.83,17.04,8.8512,28745600
2013-07-23,17.16,17.17,16.82,16.94,8.7992,35016900
2013-07-24,17.48,17.68,17.25,17.37,9.0226,78608500
2013-07-25,17.26,17.27,16.88,16.96,8.8096,51510200
2013-07-26,16.92,17.13,16.9,17.02,8.8408,30356000
2013-07-29,17.08,17.19,17.05,17.08,8.8719,27823400
2013-07-30,17.19,17.25,17.06,17.08,8.8719,25879200
2013-07-31,17.09,17.15,16.84,16.88,8.8197,42156300
2013-08-01,17.04,17.21,16.95,17.19,8.9817,39519600
2013-08-02,17.15,17.5,17.12,17.5,9.1436,32233600
2013-08-05,17.44,17.5,17.11,17.19,8.9817,53813000
2013-08-06,17.18,17.23,17.0,17.03,8.8981,29014000
2013-08-07,16.95,16.96,16.72,16.77,8.7622,33058100
2013-08-08,16.94,17.03,16.87,16.98,8.8719,26626200
2013-08-09,16.95,17.11,16.94,17.02,8.8928,25625300
2013-08-12,16.91,17.14,16.89,17.07,8.919,23170600
2013-08-13,17.15,17.21,16.96,17.06,8.9137,22372000
2013-08-14,17.04,17.06,16.85,16.89,8.8249,29255700
2013-08-15,16.71,16.73,16.22,16.43,8.5846,55905300
2013-08-16,16.45,16.6,16.22,16.3,8.5166,30477300
2013-08-19,16.29,16.31,16.11,16.12,8.4226,28013600
2013-08-20,16.06,16.36,15.82,16.31,8.5219,42599300
2013-08-21,16.31,16.42,16.11,16.25,8.4905,34926600
2013-08-22,16.29,16.49,16.25,16.41,8.5741,16464700
2013-08-23,16.47,16.52,16.35,16.45,8.595,21547100
2013-08-26,16.44,16.62,16.38,16.41,8.5741,24792600
2013-08-27,16.16,16.18,15.85,15.88,8.2972,44005000
2013-08-28,15.86,16.15,15.71,16.02,8.3703,37027600
2013-08-29,16.21,16.66,16.15,16.5,8.6211,47714900
2013-08-30,16.58,16.59,16.12,16.19,8.4592,40290600
2013-09-03,16.42,16.54,16.21,16.34,8.5375,33457700
2013-09-04,16.38,17.02,16.37,16.91,8.8354,69533900
2013-09-05,17.1,17.35,17.03,17.3,9.0391,55979000
2013-09-06,17.33,17.34,16.82,17.0,8.8824,61718600
2013-09-09,17.11,17.41,17.1,17.31,9.0444,38517000
2013-09-10,17.49,17.68,17.37,17.55,9.1698,45850700
2013-09-11,17.5,17.58,17.39,17.54,9.1645,32902300
2013-09-12,17.55,17.56,17.31,17.39,9.0862,26855400
2013-09-13,17.45,17.49,17.28,17.35,9.0653,21572800
2013-09-16,17.53,17.59,17.3,17.35,9.0653,26976600
2013-09-17,17.35,17.45,17.3,17.44,9.1123,23176300
2013-09-18,17.36,17.77,17.34,17.63,9.2116,45114100
2013-09-19,17.75,17.77,17.51,17.66,9.2272,30748200
2013-09-20,17.71,17.71,17.3,17.39,9.0862,47887900
2013-09-23,17.27,17.35,16.98,17.2,8.9869,42733400
2013-09-24,17.23,17.4,17.08,17.26,9.0182,33787600
2013-09-25,17.25,17.4,17.16,17.19,8.9817,31630300
2013-09-26,17.26,17.38,17.12,17.27,9.0235,32360900
2013-09-27,17.17,17.2,17.0,17.05,8.9085,34022600
2013-09-30,16.77,17.01,16.69,16.87,8.8145,36511300
2013-10-01,16.93,17.34,16.92,17.19,8.9817,41817000
2013-10-02,17.09,17.22,16.95,17.21,8.9921,29527300
2013-10-03,17.11,17.17,16.76,16.95,8.8563,36628800
2013-10-04,16.97,17.14,16.94,17.09,8.9294,24991600
2013-10-07,16.86,16.95,16.81,16.81,8.7831,30339600
2013-10-08,16.83,16.85,16.45,16.5,8.6211,45491300
2013-10-09,16.51,16.74,16.35,16.62,8.6838,50838200
2013-10-10,16.87,17.0,16.83,16.93,8.8458,46955700
2013-10-11,17.02,17.12,16.88,17.11,8.9399,30814200
2013-10-14,16.93,17.25,16.92,17.18,8.9764,31229600
2013-10-15,17.18,17.21,16.95,16.97,8.8667,39294100
2013-10-16,17.08,17.29,17.03,17.29,9.0339,33098300
2013-10-17,17.24,17.49,17.24,17.46,9.1227,26889400
2013-10-18,17.52,17.55,17.43,17.53,9.1593,23022100
2013-10-21,17.59,17.6,17.41,17.5,9.1436,22159700
2013-10-22,17.55,17.68,17.44,17.6,9.1959,30226500
2013-10-23,17.66,17.71,17.39,17.52,9.1541,45496200
2013-10-24,18.01,18.02,17.64,17.76,9.2795,71402500
2013-10-25,17.84,17.85,17.42,17.6,9.1959,47515700
2013-10-28,17.66,17.72,17.52,17.57,9.1802,37323000
2013-10-29,17.57,17.62,17.41,17.61,9.2011,36931500
2013-10-30,17.62,17.64,17.25,17.34,9.1118,39898500
2013-10-31,17.29,17.33,17.1,17.11,8.9909,38742700
2013-11-01,17.24,17.24,16.76,16.89,8.8753,52493000
2013-11-04,16.97,17.01,16.78,17.0,8.9331,33974700
2013-11-05,16.89,17.14,16.83,17.09,8.9804,43517500
2013-11-06,17.16,17.2,16.85,16.91,8.8858,37052400
2013-11-07,16.91,16.92,16.53,16.55,8.6966,47526900
2013-11-08,16.66,16.87,16.61,16.85,8.8543,38987300
2013-11-11,16.87,17.14,16.73,16.89,8.8753,29561200
2013-11-12,16.8,16.85,16.66,16.72,8.786,31432300
2013-11-13,16.66,17.1,16.64,17.1,8.9857,39160000
2013-11-14,17.12,17.2,17.01,17.09,8.9804,35559900
2013-11-15,17.13,17.15,17.0,17.07,8.9699,33100600
2013-11-18,17.07,17.18,16.92,16.98,8.9226,31231300
2013-11-19,16.99,17.03,16.82,16.87,8.8648,26841800
2013-11-20,16.89,17.08,16.84,16.92,8.8911,31077800
2013-11-21,17.01,17.15,16.98,17.09,8.9804,33042300
2013-11-22,17.12,17.14,17.0,17.01,8.9384,29789000
2013-11-25,17.1,17.14,16.93,16.94,8.9016,25125300
2013-11-26,17.05,17.05,16.85,16.87,8.8648,26440600
2013-11-27,16.86,17.09,16.81,17.03,8.9489,31559700
2013-11-29,17.06,17.18,17.04,17.08,8.9752,14918800
2013-12-02,17.12,17.2,17.03,17.06,8.9646,27749600
2013-12-03,17.05,17.2,16.42,16.56,8.7019,74867000
2013-12-04,16.61,16.76,16.49,16.62,8.7334,40104000
2013-12-05,16.66,16.86,16.52,16.74,8.7965,44793800
2013-12-06,16.92,16.95,16.61,16.7,8.7755,33254500
2013-12-09,16.68,16.79,16.5,16.56,8.7019,34369700
2013-12-10,16.54,16.69,16.51,16.53,8.6861,30523600
2013-12-11,16.54,16.61,16.33,16.41,8.6231,37848800
2013-12-12,16.36,16.46,16.2,16.39,8.6126,30945400
2013-12-13,16.47,16.79,16.46,16.59,8.7177,48535500
2013-12-16,16.72,16.94,16.71,16.86,8.8595,38001800
2013-12-17,16.86,16.99,16.66,16.7,8.7755,40555800
2013-12-18,15.99,16.0,15.17,15.65,8.2237,220363000
2013-12-19,15.46,15.5,15.25,15.3,8.0398,84636000
2013-12-20,15.35,15.5,15.32,15.42,8.1029,61508000
2013-12-23,15.49,15.5,15.12,15.15,7.961,59222000
2013-12-24,15.2,15.23,15.1,15.19,7.982,22642200
2013-12-26,15.23,15.34,15.22,15.33,8.0556,24966000
2013-12-27,15.35,15.35,15.25,15.3,8.0398,21842000
2013-12-30,15.36,15.42,15.25,15.28,8.0293,32832800
2013-12-31,15.29,15.43,15.26,15.43,8.1081,27829000
2014-01-02,15.42,15.45,15.28,15.44,8.1134,31528500
2014-01-03,15.52,15.64,15.3,15.51,8.1502,46122300
2014-01-06,15.72,15.76,15.52,15.58,8.1869,42657600
2014-01-07,15.73,15.74,15.35,15.38,8.0818,54476300
2014-01-08,15.6,15.71,15.51,15.54,8.1659,48448300
2014-01-09,15.83,16.02,15.77,15.84,8.3236,67836500
2014-01-10,16.01,16.11,15.94,16.07,8.4444,44984000
2014-01-13,16.37,16.53,16.08,16.11,8.4654,57566400
2014-01-14,16.31,16.43,16.17,16.4,8.6178,44039200
2014-01-15,16.37,16.73,16.35,16.7,8.7755,64118200
2014-01-16,16.67,16.76,16.56,16.73,8.7912,38410800
2014-01-17,16.78,16.78,16.45,16.52,8.6809,37152100
2014-01-21,16.64,16.68,16.36,16.41,8.6231,35597200
2014-01-22,16.44,16.62,16.37,16.55,8.6966,28741900
2014-01-23,16.49,16.53,16.31,16.43,8.6336,37860800
2014-01-24,16.19,16.21,15.78,15.83,8.3183,66023500
2014-01-27,15.9,15.91,15.52,15.71,8.2552,51218700
2014-01-28,15.97,16.01,15.51,15.72,8.2605,57677500
2014-01-29,15.48,15.53,15.2,15.26,8.0831,52241500
2014-01-30,15.43,15.45,15.18,15.25,8.0778,32654100
2014-01-31,15.09,15.1,14.9,14.96,7.9242,64132600
2014-02-03,15.0,15.0,14.4,14.55,7.707,92427200
2014-02-04,14.57,14.93,14.45,14.87,7.8765,55397500
2014-02-05,14.93,14.93,14.5,14.73,7.8023,45466500
2014-02-06,14.57,14.85,14.53,14.85,7.8659,47527100
2014-02-07,14.94,15.13,14.94,14.97,7.9294,38410500
2014-02-10,15.05,15.06,14.78,14.84,7.8606,36217700
2014-02-11,14.91,15.01,14.82,14.96,7.9242,43482100
2014-02-12,15.09,15.12,14.99,15.0,7.9453,30519400
2014-02-13,14.9,15.09,14.88,15.08,7.9877,27008800
2014-02-14,15.12,15.36,15.03,15.24,8.0725,34282200
2014-02-18,15.38,15.45,15.28,15.39,8.1519,32167900
2014-02-19,15.31,15.49,15.21,15.25,8.0778,26262500
2014-02-20,15.27,15.3,15.15,15.27,8.0884,20647300
2014-02-21,15.27,15.31,15.11,15.16,8.0301,29967600
2014-02-24,15.18,15.36,15.12,15.18,8.0407,30412900
2014-02-25,15.21,15.29,15.11,15.15,8.0248,26401400
2014-02-26,15.14,15.46,15.07,15.26,8.0831,34682200
2014-02-27,15.22,15.43,15.16,15.39,8.1519,25727700
2014-02-28,15.33,15.41,15.23,15.39,8.1519,35687900
2014-03-03,15.2,15.32,15.03,15.2,8.0513,42824000
2014-03-04,15.33,15.39,15.27,15.37,8.1413,33071700
2014-03-05,15.38,15.67,15.36,15.63,8.279,32955900
2014-03-06,15.72,15.83,15.66,15.67,8.3002,26630800
2014-03-07,15.72,15.8,15.54,15.62,8.2737,23666900
2014-03-10,15.5,15.64,15.45,15.51,8.2155,30496600
2014-03-11,15.49,15.52,15.17,15.3,8.1042,34612800
2014-03-12,15.24,15.42,15.15,15.4,8.1572,31250500
2014-03-13,15.46,15.46,15.1,15.18,8.0407,34344100
2014-03-14,15.18,15.25,15.06,15.08,7.9877,26943300
2014-03-17,15.18,15.33,15.16,15.28,8.0936,26929100
2014-03-18,15.29,15.57,15.28,15.49,8.2049,28324200
2014-03-19,15.51,15.55,15.35,15.48,8.1996,24374300
2014-03-20,15.45,15.55,15.37,15.55,8.2367,21203100
2014-03-21,15.73,15.74,15.45,15.47,8.1943,31678500
2014-03-24,15.48,15.54,15.3,15.39,8.1519,27033600
2014-03-25,15.42,15.46,15.29,15.33,8.1201,24656700
2014-03-26,15.38,15.44,15.23,15.25,8.0778,24444100
2014-03-27,15.25,15.38,15.17,15.25,8.0778,28244800
2014-03-28,15.32,15.58,15.31,15.45,8.1837,36615100
2014-03-31,15.6,15.63,15.48,15.6,8.2632,27054500
2014-04-01,15.67,16.45,15.67,16.32,8.6445,84938900
2014-04-02,16.25,16.49,16.15,16.46,8.7187,39927100
2014-04-03,16.46,16.49,16.34,16.39,8.6816,26108300
2014-04-04,16.49,16.49,16.11,16.13,8.5439,30524900
2014-04-07,16.08,16.17,15.86,15.94,8.4432,28112900
2014-04-08,15.99,16.16,15.92,16.1,8.528,26836400
2014-04-09,16.0,16.09,15.75,15.84,8.3903,36882800
2014-04-10,15.9,15.91,15.59,15.63,8.279,31254900
2014-04-11,15.8,15.93,15.6,15.63,8.279,39337200
2014-04-14,15.73,15.77,15.53,15.7,8.3161,20414700
2014-04-15,15.77,15.88,15.66,15.84,8.3903,28666200
2014-04-16,15.94,16.07,15.9,16.07,8.5121,21853800
2014-04-17,15.99,16.1,15.99,16.0,8.475,17657900
2014-04-21,16.01,16.08,15.9,15.98,8.4644,24911800
2014-04-22,15.96,16.18,15.93,16.1,8.528,18916800
2014-04-23,16.08,16.32,16.08,16.23,8.5969,19808700
2014-04-24,16.41,16.44,16.2,16.32,8.6445,27453200
2014-04-25,15.81,15.9,15.71,15.78,8.3585,53874200
2014-04-28,15.94,16.05,15.75,15.97,8.4591,33030100
2014-04-29,16.0,16.15,15.91,16.12,8.5386,27163700
2014-04-30,16.03,16.18,15.92,16.15,8.6213,26525000
2014-05-01,16.15,16.2,15.85,15.91,8.4932,30722100
2014-05-02,15.95,15.98,15.8,15.9,8.4879,22173000
2014-05-05,15.81,15.87,15.71,15.74,8.4025,25120400
2014-05-06,15.74,15.76,15.53,15.56,8.3064,23289100
2014-05-07,15.63,15.63,15.43,15.46,8.253,32181800
2014-05-08,15.54,15.95,15.51,15.81,8.4398,36793400
2014-05-09,15.73,15.9,15.73,15.77,8.4185,25172600
2014-05-12,15.81,15.9,15.78,15.84,8.4558,17441400
2014-05-13,15.85,15.9,15.75,15.86,8.4665,16509300
2014-05-14,15.85,15.89,15.75,15.75,8.4078,15087900
2014-05-15,15.74,15.75,15.55,15.69,8.3758,27244300
2014-05-16,15.7,15.86,15.56,15.76,8.4131,25639200
2014-05-19,15.72,15.94,15.72,15.92,8.4986,17368300
2014-05-20,15.9,15.93,15.74,15.77,8.4185,20348900
2014-05-21,15.82,15.98,15.8,15.91,8.4932,17809700
2014-05-22,15.85,16.03,15.85,15.91,8.4932,24843700
2014-05-23,15.91,16.03,15.9,16.02,8.5519,17004400
2014-05-27,16.09,16.2,16.05,16.16,8.6267,21034700
2014-05-28,16.17,16.36,16.15,16.31,8.7067,23241400
2014-05-29,16.4,16.56,16.37,16.54,8.8295,42832500
2014-05-30,16.4,16.54,16.37,16.44,8.7761,23065400
2014-06-02,16.51,16.51,16.38,16.44,8.7761,17975100
2014-06-03,16.46,16.72,16.45,16.55,8.8349,32579900
2014-06-04,16.55,16.85,16.46,16.79,8.963,33699600
2014-06-05,16.82,16.89,16.6,16.68,8.9043,34824800
2014-06-06,16.67,17.08,16.67,17.08,9.1178,38583400
2014-06-09,17.01,17.12,17.0,17.0,9.0751,23144300
2014-06-10,17.01,17.08,16.99,17.01,9.0804,21980100
2014-06-11,16.97,17.01,16.88,16.9,9.0217,21409200
2014-06-12,16.89,16.93,16.5,16.52,8.8188,28544500
2014-06-13,16.53,16.65,16.5,16.56,8.8402,20323400
2014-06-16,16.47,16.68,16.38,16.63,8.8776,22219600
2014-06-17,16.58,16.8,16.53,16.79,8.963,17785400
2014-06-18,16.79,16.85,16.63,16.83,8.9843,22925800
2014-06-19,16.87,16.87,16.76,16.78,8.9576,16728500
2014-06-20,16.87,16.87,16.65,16.67,8.8989,29981400
2014-06-23,16.7,16.92,16.68,16.88,9.011,23084400
2014-06-24,16.84,17.2,16.83,16.97,9.0591,37736500
2014-06-25,16.95,17.26,16.92,17.2,9.1819,37496700
2014-06-26,17.27,17.27,17.05,17.2,9.1819,22189100
2014-06-27,17.18,17.29,17.15,17.28,9.2246,31415200
2014-06-30,17.3,17.35,17.2,17.24,9.2032,24073800
2014-07-01,17.34,17.4,17.07,17.21,9.1872,36171500
2014-07-02,17.19,17.3,17.17,17.22,9.1925,17001400
2014-07-03,17.23,17.34,17.22,17.32,9.2459,13581200
2014-07-07,17.19,17.4,17.19,17.32,9.2459,20271600
2014-07-08,17.22,17.24,17.05,17.11,9.1338,23323400
2014-07-09,17.16,17.45,17.14,17.43,9.3046,27037000
2014-07-10,17.2,17.39,17.17,17.3,9.2352,20164400
2014-07-11,17.31,17.49,17.29,17.47,9.326,20150000
2014-07-14,17.51,17.6,17.45,17.55,9.3687,20446700
2014-07-15,17.55,17.65,17.45,17.54,9.3634,22626400
2014-07-16,17.66,17.87,17.62,17.8,9.5022,36063400
2014-07-17,17.66,18.08,17.64,17.74,9.4701,47287300
2014-07-18,17.8,17.84,17.65,17.72,9.4594,24838800
2014-07-21,17.65,17.9,17.65,17.7,9.4488,19197700
2014-07-22,17.77,17.86,17.67,17.82,9.5128,24546100
2014-07-23,17.83,17.95,17.78,17.78,9.4915,30932500
2014-07-24,18.01,18.12,17.68,17.84,9.5235,53838000
2014-07-25,17.9,17.92,17.51,17.62,9.4061,34499800
2014-07-28,17.62,17.71,17.47,17.64,9.4167,29662100
2014-07-29,17.65,17.85,17.54,17.57,9.3794,32972800
2014-07-30,17.52,17.6,17.32,17.46,9.3874,30169700
2014-07-31,17.3,17.33,17.01,17.02,9.1509,34170600
2014-08-01,17.05,17.18,16.72,16.81,9.038,33678000
2014-08-04,16.96,17.14,16.94,17.02,9.1509,24871300
2014-08-05,16.94,17.14,16.78,16.87,9.0702,24843500
2014-08-06,16.74,17.08,16.74,16.98,9.1294,21872900
2014-08-07,17.04,17.1,16.77,16.82,9.0433,19997700
2014-08-08,16.8,17.12,16.75,17.09,9.1885,29370400
2014-08-11,17.17,17.25,17.11,17.17,9.2315,17814900
2014-08-12,17.15,17.41,17.14,17.21,9.253,25514800
2014-08-13,17.48,17.48,17.32,17.42,9.3659,26177800
2014-08-14,17.4,17.48,17.23,17.43,9.3713,19733500
2014-08-15,17.49,17.49,17.17,17.31,9.3068,20958100
2014-08-18,17.38,17.52,17.38,17.43,9.3713,17174900
2014-08-19,17.51,17.52,17.32,17.36,9.3337,15899400
2014-08-20,17.35,17.43,17.25,17.41,9.3606,14204600
2014-08-21,17.43,17.49,17.37,17.4,9.3552,15051300
2014-08-22,17.32,17.39,17.15,17.17,9.2315,20294800
2014-08-25,17.21,17.29,17.2,17.23,9.2638,10770300
2014-08-26,17.26,17.35,17.19,17.19,9.2423,12167200
2014-08-27,17.23,17.4,17.21,17.36,9.3337,18221100
2014-08-28,17.27,17.45,17.21,17.42,9.3659,16855000
2014-08-29,17.47,17.49,17.39,17.41,9.3606,15373400
2014-09-02,17.48,17.62,17.48,17.6,9.4627,18538300
2014-09-03,17.71,17.87,17.44,17.47,9.3928,25723900
2014-09-04,17.46,17.63,17.19,17.27,9.2853,20733700
2014-09-05,17.3,17.3,16.94,17.14,9.2154,29801700
2014-09-08,16.74,16.87,16.71,16.8,9.0326,47565300
2014-09-09,16.79,16.82,16.59,16.63,8.9412,26656600
2014-09-10,16.65,16.72,16.61,16.63,8.9412,16644400
2014-09-11,16.59,16.67,16.51,16.66,8.9573,14658900
2014-09-12,16.64,16.68,16.5,16.59,8.9197,16470100
2014-09-15,16.56,16.62,16.42,16.47,8.8552,23691600
2014-09-16,16.38,16.53,16.16,16.52,8.882,23772600
2014-09-17,16.59,16.7,16.52,16.53,8.8874,25366300
2014-09-18,16.54,16.65,16.5,16.58,8.9143,19453000
2014-09-19,16.68,16.77,16.58,16.65,8.9519,35006900
2014-09-22,16.58,16.61,16.34,16.36,8.796,23800300
2014-09-23,16.31,16.35,16.14,16.17,8.6939,28285100
2014-09-24,16.24,16.45,16.24,16.41,8.8229,22021600
2014-09-25,16.4,16.4,16.17,16.2,8.71,19054900
2014-09-26,16.23,16.33,16.18,16.33,8.7799,20432100
2014-09-29,16.15,16.4,14.83,15.11,8.1239,82938700
2014-09-30,15.01,15.15,14.49,14.79,7.9519,115056700
2014-10-01,14.77,14.83,14.56,14.59,7.8444,55948300
2014-10-02,14.66,14.67,14.44,14.56,7.8282,37781800
2014-10-03,14.66,14.69,14.5,14.59,7.8444,38177500
2014-10-06,14.66,14.7,14.5,14.52,7.8067,23974300
2014-10-07,14.47,14.49,14.08,14.1,7.5809,42850700
2014-10-08,14.07,14.24,13.62,14.21,7.6401,50319300
2014-10-09,14.21,14.22,13.8,13.84,7.4411,31768500
2014-10-10,13.71,13.92,13.52,13.79,7.4142,41079500
2014-10-13,13.78,13.88,13.52,13.54,7.2798,37691700
2014-10-14,13.6,14.04,13.54,13.78,7.4089,43392900
2014-10-15,13.59,13.77,13.26,13.62,7.3228,46497000
2014-10-16,13.39,14.06,13.36,13.98,7.5164,41375500
2014-10-17,14.2,14.25,13.97,14.02,7.5379,31548000
2014-10-20,14.04,14.18,13.95,14.17,7.6186,18972600
2014-10-21,14.26,14.28,14.1,14.26,7.6669,29926800
2014-10-22,14.29,14.33,14.08,14.13,7.597,24285200
2014-10-23,14.3,14.49,14.28,14.4,7.7422,30418400
2014-10-24,14.41,14.44,13.65,13.78,7.4089,91944000
2014-10-27,13.87,13.89,13.68,13.82,7.4304,61472200
2014-10-28,13.89,14.16,13.86,14.16,7.6132,36821800
2014-10-29,14.14,14.18,13.76,13.91,7.5454,31263900
2014-10-30,13.88,13.97,13.68,13.95,7.5671,25506000
2014-10-31,14.13,14.15,14.04,14.09,7.643,37277800
2014-11-03,14.1,14.17,13.94,13.99,7.5888,31620700
2014-11-04,13.94,14.0,13.86,13.95,7.5671,19695700
2014-11-05,14.03,14.05,13.87,13.94,7.5616,26042800
2014-11-06,13.92,14.22,13.92,14.19,7.6973,36431700
2014-11-07,14.22,14.27,14.13,14.17,7.6864,30254700
2014-11-10,14.19,14.2,13.95,14.0,7.5942,36413300
2014-11-11,14.05,14.43,14.0,14.37,7.7949,35345600
2014-11-12,14.32,14.63,14.26,14.58,7.9088,36221100
2014-11-13,14.71,15.17,14.7,14.93,8.0987,50292300
2014-11-14,15.01,15.27,14.99,15.14,8.2126,37093200
2014-11-17,15.35,15.6,15.2,15.54,8.4296,46517300
2014-11-18,15.7,15.75,15.25,15.5,8.4079,43647800
2014-11-19,15.48,15.48,15.26,15.44,8.3753,22633500
2014-11-20,15.37,15.65,15.28,15.46,8.3862,21163200
2014-11-21,15.64,15.65,15.37,15.43,8.3699,25609600
2014-11-24,15.51,15.69,15.5,15.67,8.5001,32797900
2014-11-25,15.74,15.84,15.61,15.68,8.5055,32253500
2014-11-26,15.65,15.68,15.52,15.61,8.4675,20003200
2014-11-28,15.65,15.73,15.47,15.73,8.5326,18620300
2014-12-01,15.78,15.89,15.7,15.77,8.5543,30022000
2014-12-02,15.86,15.95,15.61,15.9,8.6248,32313000
2014-12-03,15.88,16.13,15.88,16.01,8.6845,37561100
2014-12-04,16.0,16.03,15.75,15.81,8.576,23264600
2014-12-05,15.9,15.94,15.63,15.7,8.5163,29700300
2014-12-08,15.68,15.75,15.38,15.43,8.3699,25519100
2014-12-09,15.05,15.43,14.75,15.43,8.3699,23382800
2014-12-10,15.43,15.43,15.15,15.16,8.2234,24615500
2014-12-11,15.17,15.49,15.03,15.28,8.2885,30359300
2014-12-12,15.2,15.21,14.99,14.99,8.1312,22684500
2014-12-15,14.86,14.92,14.27,14.28,7.7461,47476400
2014-12-16,14.19,14.46,13.93,14.09,7.643,43879300
2014-12-17,14.17,14.52,14.11,14.45,7.8383,29504200
2014-12-18,14.7,14.81,14.51,14.81,8.0336,35542500
2014-12-19,14.79,15.05,14.74,15.03,8.1529,40843500
2014-12-22,15.08,15.24,15.0,15.22,8.256,25366800
2014-12-23,15.21,15.45,15.21,15.33,8.3156,20828700
2014-12-24,15.37,15.38,15.25,15.3,8.2994,7128800
2014-12-26,15.3,15.49,15.26,15.45,8.3807,11666400
2014-12-29,15.37,15.68,15.34,15.52,8.4187,19137500
2014-12-30,15.48,15.6,15.45,15.5,8.4079,14795000
2014-12-31,15.51,15.64,15.47,15.5,8.4079,17930200
2015-01-02,15.59,15.65,15.18,15.36,8.3319,24777900
2015-01-05,15.12,15.13,14.69,14.76,8.0064,44079700
2015-01-06,14.88,14.9,14.38,14.62,7.9305,32981600
2015-01-07,14.78,15.09,14.77,15.04,8.1583,26065300
2015-01-08,15.4,15.48,15.23,15.42,8.3645,33943400
2015-01-09,15.46,15.47,15.06,15.21,8.2505,23420800
2015-01-12,15.31,15.32,15.11,15.22,8.256,22750800
2015-01-13,15.38,15.48,15.08,15.21,8.2505,26279400
2015-01-14,15.07,15.16,14.83,15.11,8.1963,36798300
2015-01-15,15.12,15.16,14.8,14.86,8.0607,24981300
2015-01-16,14.81,15.04,14.75,15.02,8.1475,32089900
2015-01-20,15.08,15.13,14.75,15.01,8.1421,28553700
2015-01-21,14.98,15.11,14.88,14.97,8.1204,23281500
2015-01-22,15.01,15.07,14.9,15.03,8.1529,23669200
2015-01-23,15.02,15.08,14.89,14.91,8.0878,21620600
2015-01-26,14.98,15.15,14.97,15.08,8.18,25237200
2015-01-27,14.96,14.99,14.72,14.85,8.0553,34609100
2015-01-28,14.83,14.83,14.42,14.46,7.9238,40579800
2015-01-29,14.62,14.96,14.3,14.85,8.1375,40731100
2015-01-30,14.75,14.89,14.63,14.71,8.0607,30439700
2015-02-02,14.75,15.3,14.74,15.27,8.3676,40371800
2015-02-03,15.47,15.79,15.44,15.65,8.5758,48335400
2015-02-04,15.68,16.02,15.65,15.87,8.6964,41179500
2015-02-05,16.01,16.02,15.75,15.85,8.6854,25713200
2015-02-06,15.84,16.0,15.77,15.86,8.6909,28187700
2015-02-09,15.76,16.03,15.72,15.92,8.7238,20286700
2015-02-10,16.05,16.14,15.91,16.09,8.817,27928500
2015-02-11,16.08,16.31,16.01,16.25,8.9046,34285300
2015-02-12,16.34,16.45,16.3,16.36,8.9649,23738800
2015-02-13,16.33,16.36,16.19,16.3,8.932,19954600
2015-02-17,16.21,16.3,16.0,16.11,8.8279,44362300
2015-02-18,16.16,16.33,16.06,16.21,8.8827,22812700
2015-02-19,16.19,16.48,16.17,16.43,9.0033,24863900
2015-02-20,16.39,16.46,16.25,16.4,8.9868,21523600
2015-02-23,16.33,16.45,16.29,16.38,8.9759,19016800
2015-02-24,16.36,16.42,16.28,16.36,8.9649,17672500
2015-02-25,16.34,16.62,16.34,16.51,9.0471,23320200
2015-02-26,16.4,16.57,16.37,16.38,8.9759,20800000
2015-02-27,16.38,16.4,16.22,16.34,8.954,20337000
2015-03-02,16.34,16.59,16.34,16.57,9.08,26341100
2015-03-03,16.07,16.3,16.06,16.17,8.8608,37689000
2015-03-04,16.09,16.14,15.93,16.03,8.7841,25659400
2015-03-05,16.09,16.23,16.09,16.11,8.8279,16548200
2015-03-06,16.04,16.2,15.91,15.93,8.7293,24420500
2015-03-09,15.98,16.1,15.93,16.03,8.7841,17132400
2015-03-10,15.94,15.95,15.69,15.72,8.6142,31687700
2015-03-11,15.77,15.85,15.7,15.75,8.6306,20638700
2015-03-12,15.88,16.23,15.86,16.17,8.8608,31172200
2015-03-13,16.16,16.25,16.0,16.2,8.8772,27877700
2015-03-16,16.26,16.5,16.24,16.49,9.0361,37731700
2015-03-17,16.39,16.49,16.36,16.39,8.9813,20917700
2015-03-18,16.31,16.51,16.11,16.46,9.0197,33748000
2015-03-19,16.42,16.46,16.28,16.34,8.954,18021500
2015-03-20,16.35,16.54,16.34,16.48,9.0307,42096800
2015-03-23,16.47,16.74,16.46,16.57,9.08,30709000
2015-03-24,16.58,16.69,16.47,16.56,9.0745,16661800
2015-03-25,16.53,16.55,16.18,16.18,8.8663,21996200
2015-03-26,16.11,16.17,15.96,16.01,8.7731,33327900
2015-03-27,16.06,16.1,15.85,15.98,8.7567,53270400
2015-03-30,16.12,16.28,16.05,16.16,8.8553,20537600
2015-03-31,16.12,16.29,16.08,16.14,8.8444,21792600
2015-04-01,16.16,16.16,15.85,15.91,8.7183,27365900
2015-04-02,15.93,16.04,15.85,16.03,8.7841,15925400
2015-04-06,15.95,16.11,15.9,16.0,8.7676,18522100
2015-04-07,15.95,15.97,15.78,15.9,8.7128,26616700
2015-04-08,15.97,16.09,15.95,15.98,8.7567,25147000
2015-04-09,16.0,16.07,15.88,15.95,8.7402,23461900
2015-04-10,15.97,16.05,15.95,16.03,8.7841,17657700
2015-04-13,16.0,16.08,15.87,15.87,8.6964,22521100
2015-04-14,15.9,16.05,15.89,15.97,8.7512,21745900
2015-04-15,16.01,16.08,16.0,16.07,8.806,25503500
2015-04-16,16.04,16.09,15.93,15.94,8.7348,23494400
2015-04-17,15.88,15.88,15.71,15.76,8.6361,32149000
2015-04-20,15.89,15.92,15.82,15.91,8.7183,15250800
2015-04-21,15.92,15.98,15.76,15.82,8.669,18509500
2015-04-22,15.83,15.93,15.72,15.91,8.7183,20312100
2015-04-23,15.84,15.9,15.7,15.76,8.6361,28458000
2015-04-24,15.73,15.87,15.7,15.77,8.6416,20293300
2015-04-27,15.82,16.0,15.77,15.9,8.7128,34824900
2015-04-28,15.93,16.08,15.77,16.06,8.8005,56634200
2015-04-29,15.86,16.1,15.82,16.02,8.8614,35126900
2015-04-30,15.97,16.04,15.74,15.8,8.7397,30269300
2015-05-01,15.9,15.94,15.7,15.81,8.7452,20602200
2015-05-04,15.81,15.88,15.75,15.78,8.7286,15078700
2015-05-05,15.77,15.82,15.52,15.53,8.5903,32248900
2015-05-06,15.61,15.66,15.4,15.48,8.5627,26381200
2015-05-07,15.46,15.56,15.14,15.51,8.5793,26996600
2015-05-08,15.62,15.71,15.59,15.67,8.6678,21336800
2015-05-11,15.65,15.84,15.64,15.65,8.6567,17249800
2015-05-12,15.59,15.65,15.5,15.56,8.6069,17670000
2015-05-13,15.54,15.62,15.37,15.41,8.5239,20890400
2015-05-14,15.5,15.54,15.2,15.27,8.4465,28794700
2015-05-15,15.27,15.49,15.27,15.48,8.5627,18937700
2015-05-18,15.47,15.64,15.45,15.58,8.618,19491900
2015-05-19,15.59,15.63,15.45,15.5,8.5737,15145300
2015-05-20,15.54,15.56,15.26,15.3,8.4631,22391500
2015-05-21,15.28,15.55,15.26,15.51,8.5793,23962000
2015-05-22,15.5,15.5,15.27,15.27,8.4465,24795800
2015-05-26,15.27,15.34,15.15,15.19,8.4023,25002900
2015-05-27,15.23,15.37,15.2,15.32,8.4742,18763900
2015-05-28,15.28,15.34,15.24,15.29,8.4576,13959000
2015-05-29,15.31,15.4,15.16,15.17,8.3912,19060400
2015-06-01,15.33,15.45,15.19,15.36,8.4963,26685300
2015-06-02,15.44,15.5,15.21,15.26,8.441,34974700
2015-06-03,15.29,15.32,15.12,15.2,8.4078,24311600
2015-06-04,15.13,15.17,15.01,15.05,8.3248,23428400
2015-06-05,15.02,15.02,14.78,14.78,8.1755,44736900
2015-06-08,14.83,15.01,14.8,14.9,8.2418,30240600
2015-06-09,14.92,15.01,14.84,14.88,8.2308,20454700
2015-06-10,15.01,15.08,14.95,15.03,8.3138,20961100
2015-06-11,15.11,15.35,15.08,15.28,8.452,27187100
2015-06-12,15.2,15.35,15.18,15.23,8.4244,19847300
2015-06-15,15.06,15.11,14.97,15.05,8.3248,23825400
2015-06-16,15.01,15.04,14.93,15.0,8.2972,23359500
2015-06-17,15.01,15.08,14.86,15.02,8.3082,25842100
2015-06-18,15.03,15.24,15.0,15.14,8.3746,21360500
2015-06-19,15.09,15.25,15.06,15.11,8.358,24675100
2015-06-22,15.14,15.25,15.1,15.13,8.3691,18863800
2015-06-23,15.23,15.41,15.22,15.29,8.4576,21177800
2015-06-24,15.5,15.66,15.42,15.5,8.5737,35401000
2015-06-25,15.52,15.56,15.39,15.44,8.5405,23994400
2015-06-26,15.43,15.49,15.35,15.4,8.5184,20428200
2015-06-29,15.23,15.3,14.92,15.02,8.3082,38117400
2015-06-30,15.17,15.18,14.9,15.01,8.3027,28509300
2015-07-01,15.14,15.17,14.8,14.99,8.2916,31744500
2015-07-02,15.01,15.08,14.81,14.87,8.2252,18482400
2015-07-06,14.75,14.9,14.7,14.79,8.181,22609800
2015-07-07,14.77,14.9,14.52,14.85,8.2142,28151300
2015-07-08,14.67,14.72,14.27,14.37,7.9487,42278500
2015-07-09,14.6,14.62,14.27,14.33,7.9265,29660700
2015-07-10,14.48,14.54,14.35,14.48,8.0095,20093600
2015-07-13,14.64,14.65,14.42,14.64,8.098,19864000
2015-07-14,14.71,14.86,14.59,14.81,8.1921,20830700
2015-07-15,14.83,14.86,14.61,14.75,8.1589,21892100
2015-07-16,14.74,14.79,14.45,14.57,8.0593,33938900
2015-07-17,14.51,14.69,14.48,14.69,8.1257,31718000
2015-07-20,14.71,14.75,14.53,14.57,8.0593,25428200
2015-07-21,14.53,14.55,14.45,14.51,8.0261,19334700
2015-07-22,14.49,14.51,14.35,14.42,7.9763,30909700
2015-07-23,14.75,14.87,14.59,14.61,8.0814,29440400
2015-07-24,14.72,14.73,14.32,14.39,7.9597,26050900
2015-07-27,14.35,14.6,14.23,14.55,8.0482,43857200
2015-07-28,14.96,15.0,14.6,14.83,8.2031,56398500
2015-07-29,14.83,15.3,14.81,15.21,8.4993,52125400
2015-07-30,15.21,15.3,14.96,15.1,8.4378,34980300
2015-07-31,15.18,15.19,14.73,14.83,8.2869,32654400
2015-08-03,14.97,15.04,14.85,14.94,8.3484,26702300
2015-08-04,14.94,15.0,14.84,14.91,8.3316,18845000
2015-08-05,14.99,15.04,14.72,14.8,8.2702,22490000
2015-08-06,14.8,14.88,14.62,14.83,8.2869,26811400
2015-08-07,14.85,14.92,14.75,14.8,8.2702,14279200
2015-08-10,14.86,15.0,14.81,14.99,8.3763,16804900
2015-08-11,14.8,14.8,14.61,14.7,8.2143,26971300
2015-08-12,14.55,14.71,14.37,14.68,8.2031,20864000
2015-08-13,14.64,14.85,14.59,14.71,8.2199,20560700
2015-08-14,14.73,14.83,14.68,14.78,8.259,18398900
2015-08-17,14.76,14.77,14.57,14.68,8.2031,16028300
2015-08-18,14.69,14.84,14.66,14.83,8.2869,16853800
2015-08-19,14.78,14.98,14.76,14.77,8.2534,22521900
2015-08-20,14.71,14.71,14.4,14.43,8.0634,24108500
2015-08-21,14.29,14.38,13.84,13.86,7.7449,42103400
2015-08-24,12.24,13.48,10.44,13.19,7.3705,59805900
2015-08-25,13.85,13.86,12.9,12.9,7.2085,47961800
2015-08-26,13.18,13.35,12.77,13.21,7.3817,48377900
2015-08-27,13.46,13.67,13.23,13.56,7.5773,42067900
2015-08-28,13.54,13.84,13.53,13.74,7.6779,25699000
2015-08-31,13.76,13.94,13.51,13.87,7.7505,38210300
2015-09-01,13.95,14.15,13.6,13.72,7.6667,50482900
2015-09-02,13.99,14.0,13.63,13.87,7.7505,29602800
2015-09-03,13.94,14.07,13.78,13.84,7.7337,27560400
2015-09-04,13.68,13.7,13.4,13.56,7.5773,31138400
2015-09-08,13.77,13.78,13.54,13.67,7.6387,30030100
2015-09-09,13.81,13.84,13.47,13.53,7.5605,30846300
2015-09-10,13.52,13.83,13.35,13.73,7.6723,38696300
2015-09-11,13.75,13.81,13.53,13.71,7.6611,22804500
2015-09-14,13.72,13.79,13.63,13.78,7.7002,26093500
2015-09-15,13.8,14.37,13.79,14.31,7.9964,46666700
2015-09-16,14.32,14.76,14.25,14.64,8.1808,41675000
2015-09-17,14.61,14.88,14.46,14.6,8.1584,37709000
2015-09-18,14.44,14.48,14.21,14.28,7.9796,40712200
2015-09-21,14.2,14.43,14.15,14.32,8.002,20764100
2015-09-22,14.01,14.05,13.73,13.92,7.7784,44081000
2015-09-23,13.93,13.95,13.51,13.68,7.6443,31598400
2015-09-24,13.57,13.7,13.27,13.65,7.6276,32462000
2015-09-25,13.87,13.87,13.51,13.53,7.5605,35967400
2015-09-28,13.46,13.51,13.06,13.12,7.3314,41124700
2015-09-29,13.14,13.21,13.01,13.15,7.3482,44417400
2015-09-30,13.37,13.58,13.27,13.57,7.5829,40205300
2015-10-01,13.76,13.78,13.47,13.67,7.6387,33326900
2015-10-02,13.5,14.01,13.42,13.99,7.8176,30097000
2015-10-05,14.12,14.27,13.9,14.19,7.9293,38611900
2015-10-06,14.19,14.44,14.15,14.31,7.9964,27045900
2015-10-07,14.49,14.75,14.46,14.75,8.2422,33389600
2015-10-08,14.72,15.01,14.68,14.99,8.3763,25994700
2015-10-09,15.03,15.1,14.82,14.97,8.3652,29216500
2015-10-12,14.98,15.0,14.85,14.98,8.3708,14372100
2015-10-13,14.88,15.1,14.83,14.94,8.3484,30615400
2015-10-14,14.94,15.04,14.86,15.01,8.3875,22314500
2015-10-15,15.2,15.23,14.99,15.22,8.5049,27437600
2015-10-16,15.25,15.29,15.11,15.28,8.5384,24240500
2015-10-19,15.23,15.36,15.15,15.36,8.5831,17863000
2015-10-20,15.27,15.6,15.27,15.38,8.5943,29453800
2015-10-21,15.6,15.69,15.35,15.41,8.611,34039800
2015-10-22,15.49,15.63,15.4,15.58,8.706,23484400
2015-10-23,15.71,15.75,15.49,15.67,8.7563,28592800
2015-10-26,15.73,15.84,15.57,15.68,8.7619,38062300
2015-10-27,15.01,15.15,14.8,14.89,8.3205,64579700
2015-10-28,14.78,15.0,14.67,14.97,8.4503,34485300
2015-10-29,14.94,14.96,14.61,14.73,8.3148,32247000
2015-10-30,14.74,14.95,14.63,14.81,8.36,29225800
2015-11-02,14.79,14.9,14.71,14.75,8.3261,30295900
2015-11-03,14.78,14.87,14.72,14.81,8.36,25878800
2015-11-04,14.83,14.86,14.64,14.65,8.2697,27166400
2015-11-05,14.7,14.71,14.5,14.57,8.2245,21877700
2015-11-06,14.51,14.55,14.38,14.52,8.1963,24085700
2015-11-09,14.52,14.53,14.26,14.33,8.089,25257400
2015-11-10,14.33,14.34,14.14,14.28,8.0608,22197200
2015-11-11,14.28,14.38,14.18,14.31,8.0777,16893000
2015-11-12,14.21,14.27,14.02,14.04,7.9253,20283700
2015-11-13,14.02,14.07,13.89,13.92,7.8576,25482700
2015-11-16,13.85,14.08,13.85,14.04,7.9253,22636000
2015-11-17,14.02,14.37,14.01,14.15,7.9874,25188600
2015-11-18,14.23,14.5,14.18,14.46,8.1624,26250400
2015-11-19,14.45,14.63,14.42,14.57,8.2245,23593800
2015-11-20,14.62,14.76,14.54,14.6,8.2414,18906200
2015-11-23,14.6,14.73,14.51,14.55,8.2132,18273900
2015-11-24,14.41,14.63,14.32,14.55,8.2132,21251800
2015-11-25,14.54,14.68,14.52,14.55,8.2132,12627000
2015-11-27,14.54,14.59,14.5,14.53,8.2019,7760600
2015-11-30,14.54,14.55,14.29,14.33,8.089,27860300
2015-12-01,14.32,14.56,14.29,14.56,8.2189,29142200
2015-12-02,14.6,14.62,14.24,14.26,8.0495,21398100
2015-12-03,14.31,14.34,13.93,13.98,7.8915,29847300
2015-12-04,14.08,14.26,14.0,14.2,8.0156,28354100
2015-12-07,14.19,14.2,14.02,14.12,7.9705,14530600
2015-12-08,14.03,14.1,13.88,13.97,7.8858,30356900
2015-12-09,13.91,14.14,13.8,13.89,7.8407,25196900
2015-12-10,13.91,14.09,13.89,13.96,7.8802,22039300
2015-12-11,13.84,13.92,13.58,13.64,7.6995,29576400
2015-12-14,13.66,13.74,13.4,13.62,7.6882,26825200
2015-12-15,13.74,14.0,13.72,13.87,7.8294,43728500
2015-12-16,14.0,14.36,13.99,14.36,8.106,40683800
2015-12-17,14.37,14.38,13.95,13.98,7.8915,26179800
2015-12-18,13.88,13.91,13.72,13.8,7.7899,40453000
2015-12-21,13.89,13.95,13.67,13.73,7.7503,31598000
2015-12-22,13.93,14.25,13.9,14.2,8.0156,50646600
2015-12-23,14.27,14.38,14.26,14.36,8.106,22172300
2015-12-24,14.35,14.37,14.25,14.31,8.0777,9000100
2015-12-28,14.28,14.34,14.16,14.18,8.0044,13697500
2015-12-29,14.28,14.3,14.15,14.23,8.0326,18867800
2015-12-30,14.23,14.26,14.12,14.17,7.9987,13800300
2015-12-31,14.14,14.16,14.04,14.09,7.9536,19881000
2016-01-04,13.87,14.0,13.75,13.97,7.8858,38618500
2016-01-05,13.97,14.0,13.51,13.72,7.7447,50267500
2016-01-06,13.56,13.56,13.05,13.11,7.4004,61285500
2016-01-07,12.9,13.04,12.6,12.7,7.1689,57846700
2016-01-08,13.05,13.1,12.5,12.54,7.0786,46199400
2016-01-11,12.8,12.82,12.55,12.77,7.2084,41269100
2016-01-12,13.03,13.04,12.58,12.85,7.2536,50983700
2016-01-13,12.73,12.84,12.06,12.2,6.8867,102174700
2016-01-14,12.19,12.31,11.82,12.19,6.881,62938600
2016-01-15,11.81,12.0,11.58,11.97,6.7569,69030000
2016-01-19,12.15,12.16,11.82,11.95,6.7456,41142600
2016-01-20,11.79,12.07,11.47,11.9,6.7173,59879000
2016-01-21,12.01,12.28,11.86,12.01,6.7794,48841800
2016-01-22,12.26,12.36,12.03,12.14,6.8528,44537800
2016-01-25,12.3,12.31,11.93,11.98,6.7625,96738600
2016-01-26,12.14,12.3,12.04,12.26,6.9206,45969800
2016-01-27,12.05,12.1,11.73,11.85,6.9147,42064200
2016-01-28,12.03,12.06,11.2,11.71,6.833,75699800
2016-01-29,11.83,11.94,11.65,11.94,6.9672,52137400
2016-02-01,11.92,12.14,11.73,12.07,7.0431,37301200
2016-02-02,11.95,12.08,11.45,11.51,6.7163,55649200
2016-02-03,11.67,11.68,11.02,11.46,6.6871,69454600
2016-02-04,11.37,11.69,11.26,11.53,6.728,40223100
2016-02-05,11.52,11.7,11.42,11.45,6.6813,33322200
2016-02-08,11.39,11.69,11.25,11.59,6.763,45274500
2016-02-09,11.47,11.61,11.22,11.35,6.623,48956800
2016-02-10,11.46,11.57,11.33,11.34,6.6171,38160300
2016-02-11,11.17,11.43,11.1,11.17,6.5179,45801300
2016-02-12,11.25,11.58,11.18,11.55,6.7397,28085000
2016-02-16,11.75,11.88,11.53,11.87,6.9264,41072100
2016-02-17,11.99,12.3,11.98,12.27,7.1598,37766400
2016-02-18,12.4,12.44,12.12,12.26,7.154,28784700
2016-02-19,12.19,12.22,12.01,12.1,7.0606,26479300
2016-02-22,12.1,12.56,12.1,12.56,7.329,33549700
2016-02-23,12.53,12.65,12.42,12.42,7.2473,30136700
2016-02-24,12.11,12.11,11.6,12.08,7.0489,60608400
2016-02-25,12.11,12.4,12.05,12.39,7.2298,32024800
2016-02-26,12.52,12.59,12.4,12.47,7.2765,30228800
2016-02-29,12.42,12.65,12.39,12.51,7.2998,32999100
2016-03-01,13.01,13.12,12.72,13.09,7.6383,71523900
2016-03-02,13.06,13.35,13.04,13.22,7.7141,36598200
2016-03-03,13.25,13.61,13.24,13.54,7.9009,44524500
2016-03-04,13.56,13.86,13.43,13.59,7.93,31818600
2016-03-07,13.46,13.74,13.45,13.62,7.9475,26131400
2016-03-08,13.51,13.58,13.15,13.23,7.72,34770600
2016-03-09,13.25,13.32,13.01,13.19,7.6966,34146200
2016-03-10,13.25,13.28,12.92,13.15,7.6733,39076500
2016-03-11,13.26,13.3,13.2,13.29,7.755,27583000
2016-03-14,13.28,13.37,13.18,13.27,7.7433,20609600
2016-03-15,13.12,13.24,13.05,13.23,7.72,27729900
2016-03-16,13.21,13.51,13.18,13.5,7.8775,47035000
2016-03-17,13.47,13.68,13.39,13.47,7.86,31521700
2016-03-18,13.54,13.7,13.49,13.64,7.9592,32182400
2016-03-21,13.64,13.76,13.56,13.66,7.9709,20905200
2016-03-22,13.65,13.73,13.51,13.59,7.93,26148000
2016-03-23,13.57,13.61,13.19,13.26,7.7375,31535500
2016-03-24,13.11,13.12,12.78,13.06,7.6208,36203200
2016-03-28,13.13,13.17,13.07,13.09,7.6383,18684200
2016-03-29,13.05,13.2,12.97,13.2,7.7025,26077400
2016-03-30,13.28,13.44,13.25,13.35,7.79,25322500
2016-03-31,13.34,13.52,13.34,13.5,7.8775,32943400
2016-04-01,13.28,13.33,13.05,13.1,7.6441,57914000
2016-04-04,13.11,13.12,12.76,12.8,7.4691,42406300
2016-04-05,12.73,12.85,12.52,12.77,7.4516,32425000
2016-04-06,12.75,12.87,12.65,12.82,7.4807,22597400
2016-04-07,12.77,12.79,12.39,12.52,7.3057,37688100
2016-04-08,12.62,12.78,12.51,12.55,7.3232,20015300
2016-04-11,12.61,12.8,12.58,12.66,7.3874,27744800
2016-04-12,12.72,12.84,12.66,12.81,7.4749,23417000
2016-04-13,12.87,13.12,12.85,13.06,7.6208,29331100
2016-04-14,13.09,13.18,13.02,13.09,7.6383,22453700
2016-04-15,13.1,13.12,12.85,12.94,7.5508,22986100
2016-04-18,12.98,13.28,12.95,13.25,7.7316,30137700
2016-04-19,13.35,13.5,13.28,13.44,7.8425,28808300
2016-04-20,13.42,13.72,13.4,13.64,7.9592,32199000
2016-04-21,13.81,13.88,13.56,13.65,7.9651,38126300
2016-04-22,13.63,13.78,13.51,13.61,7.9417,28846300
2016-04-25,13.59,13.65,13.47,13.58,7.9242,19494800
2016-04-26,13.66,13.82,13.63,13.75,8.0234,35214200
2016-04-27,13.64,13.71,13.59,13.66,8.0588,27151400
2016-04-28,13.79,14.22,13.71,14.09,8.3125,87588800
2016-04-29,13.93,14.03,13.53,13.56,7.9998,69695100
2016-05-02,13.67,13.79,13.6,13.62,8.0352,57955400
2016-05-03,13.5,13.55,13.15,13.43,7.9231,45594000
2016-05-04,13.29,13.38,13.14,13.31,7.8523,28895000
2016-05-05,13.35,13.43,13.22,13.32,7.8582,23838100
2016-05-06,13.26,13.48,13.24,13.44,7.929,23284500
2016-05-09,13.42,13.5,13.28,13.32,7.8582,21602000
2016-05-10,13.38,13.52,13.38,13.49,7.9585,23583400
2016-05-11,13.44,13.54,13.3,13.32,7.8582,20229600
2016-05-12,13.4,13.47,13.17,13.35,7.8759,24784300
2016-05-13,13.34,13.52,13.17,13.22,7.7992,27481900
2016-05-16,13.22,13.38,13.21,13.32,7.8582,21262700
2016-05-17,13.14,13.31,13.07,13.14,7.752,34165300
2016-05-18,13.12,13.34,13.05,13.16,7.7638,23509700
2016-05-19,13.1,13.2,13.02,13.09,7.7225,24117800
2016-05-20,13.15,13.26,13.13,13.19,7.7815,19465000
2016-05-23,13.14,13.2,13.11,13.13,7.7461,16234300
2016-05-24,13.16,13.3,13.16,13.29,7.8405,19721600
2016-05-25,13.33,13.6,13.33,13.52,7.9762,26188300
2016-05-26,13.59,13.68,13.37,13.46,7.9408,18369900
2016-05-27,13.48,13.54,13.4,13.45,7.9349,17263300
2016-05-31,13.49,13.56,13.4,13.49,7.9585,26096000
2016-06-01,13.43,13.44,12.97,13.11,7.7343,58219600
2016-06-02,13.09,13.32,13.05,13.21,7.7933,41614600
2016-06-03,13.14,13.14,12.9,13.04,7.693,39850700
2016-06-06,13.08,13.21,13.04,13.18,7.7756,25588700
2016-06-07,13.23,13.45,13.18,13.38,7.8936,27656900
2016-06-08,13.45,13.49,13.35,13.36,7.8818,18084800
2016-06-09,13.26,13.3,13.14,13.26,7.8228,19873800
2016-06-10,13.17,13.25,13.05,13.1,7.7284,27382700
2016-06-13,13.07,13.13,12.96,12.98,7.6576,20745800
2016-06-14,12.99,13.07,12.76,12.84,7.575,30546000
2016-06-15,12.91,13.16,12.88,13.01,7.6753,25829700
2016-06-16,12.93,13.14,12.85,13.12,7.7402,26581200
2016-06-17,13.16,13.4,13.15,13.26,7.8228,37364900
2016-06-20,13.39,13.55,13.39,13.42,7.9172,29666700
2016-06-21,13.44,13.44,13.18,13.22,7.7992,36721800
2016-06-22,13.23,13.31,13.15,13.18,7.7756,20666600
2016-06-23,13.29,13.41,13.28,13.4,7.9054,24579700
2016-06-24,12.79,12.91,12.45,12.52,7.3863,96887300
2016-06-27,12.43,12.43,12.0,12.16,7.1739,52731800
2016-06-28,12.42,12.44,12.21,12.39,7.3096,40640400
2016-06-29,12.49,12.58,12.36,12.55,7.404,31937900
2016-06-30,12.56,12.57,12.26,12.57,7.4157,44983800
2016-07-01,12.88,12.89,12.69,12.72,7.5042,45067800
2016-07-05,12.57,12.59,12.31,12.4,7.3155,30243300
2016-07-06,12.32,12.58,12.21,12.57,7.4157,35091200
2016-07-07,12.57,12.84,12.57,12.75,7.5219,33473000
2016-07-08,12.89,13.17,12.89,13.09,7.7225,45945200
2016-07-11,13.17,13.33,13.13,13.27,7.8287,28626300
2016-07-12,13.38,13.54,13.38,13.45,7.9349,31320100
2016-07-13,13.49,13.51,13.31,13.48,7.9526,26779800
2016-07-14,13.57,13.7,13.55,13.59,8.0175,31803000
2016-07-15,13.63,13.67,13.53,13.57,8.0057,19546300
2016-07-18,13.56,13.68,13.42,13.65,8.0529,22545800
2016-07-19,13.56,13.72,13.5,13.65,8.0529,26183400
2016-07-20,13.61,13.78,13.56,13.74,8.106,22588900
2016-07-21,13.87,14.04,13.86,13.92,8.2122,40574400
2016-07-22,13.92,13.93,13.71,13.84,8.165,25134100
2016-07-25,13.86,13.95,13.76,13.83,8.1591,26248500
2016-07-26,13.73,13.88,13.69,13.86,8.2665,28467200
2016-07-27,13.86,13.99,13.75,13.84,8.2545,34625500
2016-07-28,12.78,12.86,12.45,12.71,7.5806,142168600
2016-07-29,12.61,12.88,12.6,12.66,7.5507,59754100
2016-08-01,12.61,12.62,12.4,12.48,7.4434,51963100
2016-08-02,12.35,12.36,11.9,11.94,7.1213,101624900
2016-08-03,12.02,12.2,11.94,12.13,7.2346,47323300
2016-08-04,12.12,12.23,12.05,12.08,7.2048,38443200
2016-08-05,12.16,12.26,12.16,12.19,7.2704,31219500
2016-08-08,12.22,12.33,12.15,12.18,7.2645,33310600
2016-08-09,12.16,12.38,12.15,12.31,7.342,30097800
2016-08-10,12.3,12.36,12.23,12.25,7.3062,24555800
2016-08-11,12.31,12.37,12.26,12.31,7.342,24987300
2016-08-12,12.29,12.37,12.25,12.33,7.3539,18816900
2016-08-15,12.37,12.44,12.36,12.43,7.4136,16371100
2016-08-16,12.35,12.43,12.33,12.34,7.3599,20450100
2016-08-17,12.33,12.39,12.23,12.39,7.3897,23434500
2016-08-18,12.33,12.36,12.27,12.33,7.3539,23629500
2016-08-19,12.3,12.41,12.25,12.39,7.3897,21891400
2016-08-22,12.35,12.38,12.29,12.36,7.3718,22458400
2016-08-23,12.4,12.43,12.33,12.42,7.4076,34634100
2016-08-24,12.41,12.44,12.28,12.3,7.336,19999600
2016-08-25,12.3,12.52,12.21,12.47,7.4374,44713700
2016-08-26,12.47,12.55,12.34,12.38,7.3837,22645900
2016-08-29,12.38,12.5,12.38,12.47,7.4374,22243200
2016-08-30,12.47,12.56,12.43,12.55,7.4851,26040400
2016-08-31,12.48,12.61,12.48,12.6,7.515,26030600
2016-09-01,12.66,12.72,12.35,12.44,7.4195,40510400
2016-09-02,12.53,12.57,12.46,12.5,7.4553,21079800
2016-09-06,12.49,12.67,12.43,12.67,7.5567,36098900
2016-09-07,12.62,12.75,12.62,12.7,7.5746,22879100
2016-09-08,12.5,12.75,12.5,12.73,7.5925,34017900
2016-09-09,12.61,12.69,12.38,12.38,7.3837,35733600
2016-09-12,12.32,12.77,12.28,12.7,7.5746,42690200
2016-09-13,12.53,12.68,12.33,12.38,7.3837,56549100
2016-09-14,12.18,12.31,12.11,12.14,7.2406,62450600
2016-09-15,12.14,12.18,12.06,12.11,7.2227,57334800
2016-09-16,12.05,12.13,12.01,12.11,7.2227,26271600
2016-09-19,12.12,12.33,12.06,12.11,7.2227,41175500
2016-09-20,12.09,12.19,11.96,12.0,7.1571,37820800
2016-09-21,12.08,12.11,12.01,12.09,7.2108,32934600
2016-09-22,12.17,12.29,12.16,12.18,7.2645,36136200
2016-09-23,12.12,12.22,12.12,12.17,7.2585,18993500
2016-09-26,12.12,12.12,12.0,12.01,7.1631,26758600
2016-09-27,12.02,12.09,11.93,11.98,7.1452,28965800
2016-09-28,12.02,12.09,11.96,12.09,7.2108,29341500
2016-09-29,12.03,12.12,11.95,11.97,7.1392,23397400
2016-09-30,12.0,12.14,11.99,12.07,7.1989,34903800
2016-10-03,12.06,12.15,12.02,12.1,7.2167,20683100
2016-10-04,12.11,12.25,12.09,12.2,7.2764,23948700
2016-10-05,12.22,12.53,12.22,12.48,7.4434,55529100
2016-10-06,12.43,12.51,12.33,12.39,7.3897,25880900
2016-10-07,12.39,12.42,12.2,12.29,7.3301,22093200
2016-10-10,12.35,12.38,12.1,12.12,7.2287,24951400
2016-10-11,12.17,12.17,11.91,11.99,7.1511,40053500
2016-10-12,12.0,12.01,11.94,11.96,7.1332,20627000
2016-10-13,11.91,11.91,11.69,11.91,7.1034,39904200
2016-10-14,11.96,12.0,11.89,11.91,7.1034,25775700
2016-10-17,11.91,12.0,11.88,11.88,7.0855,19875000
2016-10-18,11.92,11.93,11.71,11.89,7.0915,39911300
2016-10-19,11.89,12.05,11.88,12.01,7.1631,26094000
2016-10-20,12.02,12.03,11.9,11.97,7.1392,18116000
2016-10-21,11.93,12.04,11.85,12.02,7.169,24364200
2016-10-24,12.06,12.2,12.06,12.19,7.2704,33733600
2016-10-25,12.05,12.1,11.76,11.85,7.1557,42486000
2016-10-26,11.8,11.93,11.76,11.88,7.1738,36219900
2016-10-27,11.81,11.83,11.6,11.74,7.0893,48402000
2016-10-28,11.74,11.85,11.63,11.72,7.0772,37142400
2016-10-31,11.75,11.81,11.69,11.74,7.0893,31898400
2016-11-01,11.78,11.84,11.5,11.61,7.0108,35613600
2016-11-02,11.51,11.56,11.36,11.4,6.884,36229400
2016-11-03,11.39,11.46,11.27,11.35,6.8538,38651500
2016-11-04,11.31,11.5,11.3,11.34,6.8477,24752400
2016-11-07,11.52,11.62,11.39,11.58,6.9926,25120700
2016-11-08,11.5,11.51,11.35,11.48,6.9323,28497900
2016-11-09,11.15,11.63,11.07,11.58,6.9926,60625700
2016-11-10,11.58,11.98,11.58,11.94,7.21,52756500
2016-11-11,11.88,12.4,11.84,12.28,7.4153,79259300
2016-11-14,12.27,12.5,12.02,12.06,7.2825,56109900
2016-11-15,12.06,12.14,11.95,12.04,7.2704,31498500
2016-11-16,12.0,12.05,11.92,12.0,7.2463,25195500
2016-11-17,11.9,11.96,11.78,11.87,7.1678,38502500
2016-11-18,11.87,11.9,11.73,11.76,7.1013,30662000
2016-11-21,11.77,11.9,11.77,11.79,7.1195,19508600
2016-11-22,11.76,11.91,11.73,11.89,7.1798,24274700
2016-11-23,11.9,12.0,11.85,11.9,7.1859,22414000
2016-11-25,11.95,12.06,11.93,12.04,7.2704,11439600
2016-11-28,12.02,12.05,11.89,11.92,7.198,24407200
2016-11-29,11.93,12.0,11.87,11.92,7.198,23690800
2016-11-30,11.97,12.14,11.92,11.96,7.2221,47646200
2016-12-01,12.23,12.8,12.18,12.43,7.5059,95143600
2016-12-02,12.58,12.58,12.15,12.24,7.3912,38689800
2016-12-05,12.31,12.5,12.29,12.44,7.512,36220000
2016-12-06,12.4,12.59,12.37,12.56,7.5844,23923900
2016-12-07,12.59,13.15,12.54,13.06,7.8864,58600400
2016-12-08,13.07,13.15,12.97,13.03,7.8682,41459500
2016-12-09,13.0,13.2,12.91,13.17,7.9528,45256100
2016-12-12,13.08,13.1,12.81,12.82,7.7414,39596800
2016-12-13,12.84,12.88,12.75,12.77,7.7112,39570500
2016-12-14,12.65,12.79,12.5,12.53,7.5663,42820100
2016-12-15,12.54,12.72,12.52,12.58,7.5965,23774800
2016-12-16,12.66,12.7,12.56,12.63,7.6267,28354900
2016-12-19,12.59,12.8,12.59,12.66,7.6448,22830000
2016-12-20,12.7,12.82,12.68,12.78,7.7173,17834000
2016-12-21,12.73,12.77,12.64,12.64,7.6327,18117100
2016-12-22,12.63,12.64,12.4,12.4,7.4878,27821100
2016-12-23,12.43,12.46,12.36,12.46,7.524,15621200
2016-12-27,12.43,12.51,12.36,12.39,7.4818,19467400
2016-12-28,12.37,12.45,12.22,12.25,7.3972,26875400
2016-12-29,12.25,12.31,12.22,12.23,7.3852,19819100
2016-12-30,12.24,12.28,12.08,12.13,7.3248,27405700
2017-01-03,12.2,12.6,12.13,12.59,7.6025,40510800
2017-01-04,12.77,13.27,12.74,13.17,7.9528,77638100
2017-01-05,13.21,13.22,12.63,12.77,7.7112,75628400
2017-01-06,12.8,12.84,12.64,12.76,7.7052,40315900
2017-01-09,12.79,12.86,12.63,12.63,7.6267,39438400
2017-01-10,12.7,13.02,12.66,12.85,7.7595,58703500
2017-01-11,12.71,12.72,12.51,12.67,7.6509,49718700
2017-01-12,12.66,12.68,12.35,12.59,7.6025,36493300
2017-01-13,12.62,12.67,12.5,12.63,7.6267,29197100
2017-01-17,12.65,12.73,12.54,12.61,7.6146,49069500
2017-01-18,12.43,12.45,12.3,12.41,7.6146,33830800
2017-01-19,12.4,12.56,12.34,12.43,7.6269,30135600
2017-01-20,12.45,12.48,12.31,12.36,7.5839,29270000
2017-01-23,12.35,12.38,12.22,12.31,7.5533,31670700
2017-01-24,12.35,12.61,12.34,12.61,7.7373,34625200
2017-01-25,12.71,12.8,12.64,12.79,7.8478,46747800
2017-01-26,12.65,12.68,12.35,12.37,7.5901,55672800
2017-01-27,12.48,12.54,12.38,12.49,7.6637,34613900
2017-01-30,12.46,12.46,12.28,12.37,7.5901,39254200
2017-01-31,12.31,12.39,12.19,12.36,7.5839,46974500
2017-02-01,12.45,12.58,12.22,12.32,7.5594,44396800
2017-02-02,12.3,12.37,12.23,12.28,7.5349,29035400
2017-02-03,12.42,12.62,12.39,12.56,7.7067,38245300
2017-02-06,12.55,12.62,12.46,12.52,7.6821,26916800
2017-02-07,12.5,12.52,12.31,12.34,7.5717,32914400
2017-02-08,12.34,12.45,12.27,12.38,7.5962,26411400
2017-02-09,12.38,12.47,12.35,12.38,7.5962,32924600
2017-02-10,12.44,12.51,12.37,12.51,7.676,32996500
2017-02-13,12.54,12.62,12.48,12.56,7.7067,24474000
2017-02-14,12.64,12.7,12.59,12.65,7.7619,28355700
2017-02-15,12.62,12.64,12.55,12.63,7.7496,25114400
2017-02-16,12.61,12.64,12.48,12.54,7.6944,22896500
2017-02-17,12.5,12.58,12.42,12.58,7.7189,26407400
2017-02-21,12.61,12.72,12.61,12.69,7.7864,29156200
2017-02-22,12.66,12.77,12.65,12.67,7.7742,24787500
2017-02-23,12.7,12.72,12.55,12.56,7.7067,22520600
2017-02-24,12.51,12.51,12.38,12.47,7.6514,40817300
2017-02-27,12.49,12.68,12.43,12.66,7.768,41713100
2017-02-28,12.63,12.66,12.45,12.53,7.6883,36089800
2017-03-01,12.66,12.75,12.65,12.69,7.7864,36178600
2017-03-02,12.72,12.75,12.58,12.66,7.768,33245100
2017-03-03,12.66,12.71,12.53,12.65,7.7619,30429200
2017-03-06,12.58,12.6,12.5,12.52,7.6821,28753600
2017-03-07,12.51,12.53,12.42,12.46,7.6453,25906900
2017-03-08,12.5,12.64,12.46,12.53,7.6883,27327800
2017-03-09,12.54,12.54,12.4,12.5,7.6698,29149100
2017-03-10,12.55,12.63,12.47,12.53,7.6883,34866100
2017-03-13,12.56,12.63,12.5,12.54,7.6944,22625800
2017-03-14,12.51,12.56,12.45,12.55,7.7005,26956700
2017-03-15,12.56,12.65,12.52,12.65,7.7619,34296200
2017-03-16,12.65,12.72,12.59,12.7,7.7926,28954700
2017-03-17,12.74,12.74,12.45,12.48,7.6576,54929100
2017-03-20,12.48,12.49,12.25,12.28,7.5349,45329700
2017-03-21,12.3,12.32,11.7,11.72,7.1912,101559900
2017-03-22,11.72,11.83,11.62,11.77,7.2219,71107900
2017-03-23,11.57,11.75,11.5,11.67,7.1606,71209300
2017-03-24,11.66,11.77,11.55,11.62,7.1299,43772400
2017-03-27,11.51,11.55,11.41,11.46,7.0317,57713400
2017-03-28,11.51,11.8,11.48,11.65,7.1483,57662800
2017-03-29,11.73,11.76,11.64,11.68,7.1667,35795700
2017-03-30,11.67,11.74,11.61,11.68,7.1667,28008200
2017-03-31,11.66,11.68,11.6,11.64,7.1422,26717500
2017-04-03,11.64,11.64,11.28,11.44,7.0194,65671100
2017-04-04,11.38,11.48,11.28,11.37,6.9765,40068200
2017-04-05,11.48,11.5,11.25,11.26,6.909,43316100
2017-04-06,11.27,11.36,11.22,11.27,6.9151,36165300
2017-04-07,11.26,11.31,11.21,11.23,6.8906,28874900
2017-04-10,11.26,11.35,11.24,11.25,6.9029,25857100
2017-04-11,11.27,11.28,11.17,11.28,6.9213,36366300
2017-04-12,11.27,11.3,11.2,11.23,6.8906,56588400
2017-04-13,11.22,11.25,11.11,11.11,6.817,32789900
2017-04-17,11.22,11.3,11.14,11.28,6.9213,44731700
2017-04-18,11.15,11.18,11.08,11.14,6.9275,35660000
2017-04-19,11.19,11.28,11.17,11.19,6.9586,37524400
2017-04-20,11.25,11.5,11.24,11.47,7.1327,49990200
2017-04-21,11.46,11.48,11.32,11.34,7.0519,26076200
2017-04-24,11.48,11.5,11.36,11.43,7.1078,41071300
2017-04-25,11.47,11.5,11.43,11.48,7.1389,35862500
2017-04-26,11.47,11.7,11.45,11.6,7.2135,51685800
2017-04-27,11.66,11.68,11.34,11.47,7.1327,50203700
2017-04-28,11.51,11.51,11.4,11.47,7.1327,41415100
2017-05-01,11.49,11.54,11.4,11.42,7.1016,32118400
2017-05-02,11.3,11.37,10.9,10.92,6.7907,99514700
2017-05-03,10.92,11.09,10.91,11.07,6.884,57290600
2017-05-04,11.09,11.11,10.96,11.0,6.8404,34639800
2017-05-05,11.01,11.16,10.98,11.14,6.9275,28926000
2017-05-08,11.18,11.24,11.09,11.13,6.9213,35561800
2017-05-09,11.14,11.26,11.1,11.16,6.9399,44142900
2017-05-10,11.16,11.2,11.03,11.04,6.8653,34989300
2017-05-11,11.04,11.07,10.97,11.01,6.8466,29276300
2017-05-12,11.0,11.03,10.9,10.92,6.7907,34264300
2017-05-15,10.96,11.03,10.92,10.94,6.8031,27359500
2017-05-16,11.06,11.07,10.9,10.94,6.8031,42130200
2017-05-17,10.94,10.95,10.67,10.76,6.6912,54670100
2017-05-18,10.73,10.82,10.7,10.79,6.7098,37890800
2017-05-19,10.81,10.94,10.79,10.87,6.7596,32431700
2017-05-22,11.11,11.13,10.98,11.1,6.9026,73335000
2017-05-23,11.16,11.17,10.97,11.05,6.8715,40816600
2017-05-24,11.06,11.06,10.87,10.96,6.8155,46638800
2017-05-25,10.96,10.97,10.76,10.86,6.7534,46269200
2017-05-26,10.85,10.95,10.81,10.93,6.7969,28176500
2017-05-30,11.0,11.12,10.99,11.08,6.8902,36082600
2017-05-31,11.12,11.13,11.0,11.12,6.915,36398700
2017-06-01,11.25,11.54,11.1,11.41,7.0954,76707200
2017-06-02,11.42,11.43,11.24,11.35,7.0581,45925000
2017-06-05,11.36,11.36,11.23,11.25,6.9959,42558600
2017-06-06,11.19,11.2,11.05,11.12,6.915,44543700
2017-06-07,11.16,11.19,11.02,11.07,6.884,37344200
2017-06-08,11.07,11.1,10.91,11.1,6.9026,40757400
2017-06-09,11.09,11.15,11.01,11.13,6.9213,30285900
2017-06-12,11.13,11.36,11.13,11.28,7.0145,38473100
2017-06-13,11.32,11.35,11.15,11.27,7.0083,29889300
2017-06-14,11.27,11.29,11.06,11.22,6.9772,44367900
2017-06-15,11.15,11.29,11.14,11.24,6.9897,28431600
2017-06-16,11.24,11.24,11.07,11.22,6.9772,54035400
2017-06-19,11.2,11.28,11.18,11.24,6.9897,30540900
2017-06-20,11.21,11.22,11.09,11.12,6.915,31971500
2017-06-21,11.15,11.15,11.0,11.04,6.8653,37002500
2017-06-22,11.02,11.18,11.0,11.13,6.9213,26972800
2017-06-23,11.1,11.13,11.0,11.04,6.8653,45190200
2017-06-26,11.06,11.2,11.06,11.18,6.9524,31316800
2017-06-27,11.17,11.2,11.06,11.08,6.8902,28491600
2017-06-28,11.11,11.17,11.07,11.09,6.8964,31820000
2017-06-29,11.13,11.2,11.07,11.17,6.9461,32917000
2017-06-30,11.18,11.28,11.16,11.19,6.9586,41075000
2017-07-03,11.36,11.69,11.25,11.56,7.1887,43949600
2017-07-05,11.51,11.56,11.26,11.3,7.027,39412200
2017-07-06,11.29,11.36,11.17,11.18,6.9524,31936000
2017-07-07,11.21,11.28,11.16,11.26,7.0021,20871800
2017-07-10,11.24,11.35,11.23,11.34,7.0519,18881300
2017-07-11,11.31,11.43,11.3,11.38,7.0767,25914300
2017-07-12,11.41,11.62,11.4,11.47,7.1327,33088200
2017-07-13,11.46,11.69,11.45,11.6,7.2135,33650800
2017-07-14,11.65,11.73,11.6,11.68,7.2633,39792200
2017-07-17,11.71,11.75,11.65,11.74,7.3006,24394200
2017-07-18,11.72,11.75,11.67,11.75,7.3068,24625200
2017-07-19,11.76,11.83,11.74,11.83,7.3566,26225900
2017-07-20,11.69,11.78,11.66,11.7,7.3692,30315100
2017-07-21,11.59,11.62,11.46,11.53,7.2621,27630600
2017-07-24,11.51,11.55,11.27,11.29,7.1109,48123400
2017-07-25,11.3,11.38,11.22,11.27,7.0983,52854300
2017-07-26,11.14,11.16,10.95,11.06,6.9661,72271700
2017-07-27,11.08,11.2,11.03,11.18,7.0416,38687500
2017-07-28,11.15,11.22,11.06,11.17,7.0353,24864100
2017-07-31,11.16,11.23,11.13,11.22,7.0668,39548600
2017-08-01,11.11,11.15,10.87,10.95,6.8968,65140100
2017-08-02,10.98,11.03,10.93,11.0,6.9283,30890500
2017-08-03,11.01,11.05,10.92,10.93,6.8842,20309300
2017-08-04,10.9,10.99,10.78,10.95,6.8968,29267600
2017-08-07,10.94,10.98,10.9,10.92,6.8779,35013000
2017-08-08,10.95,11.0,10.88,10.89,6.859,26322100
2017-08-09,10.88,10.95,10.83,10.92,6.8779,32155900
2017-08-10,10.88,10.91,10.77,10.77,6.7834,31903800
2017-08-11,10.79,10.84,10.76,10.77,6.7834,32300100
2017-08-14,10.82,10.95,10.79,10.91,6.8716,26413500
2017-08-15,10.92,11.0,10.84,10.84,6.8275,29266300
2017-08-16,10.86,10.9,10.78,10.8,6.8023,28316300
2017-08-17,10.79,10.8,10.6,10.64,6.7015,35518800
2017-08-18,10.62,10.63,10.47,10.56,6.6511,43998700
2017-08-21,10.53,10.66,10.52,10.57,6.6574,30152500
2017-08-22,10.61,10.73,10.61,10.65,6.7078,28676100
2017-08-23,10.61,10.78,10.59,10.71,6.7456,35405800
2017-08-24,10.75,10.8,10.69,10.71,6.7456,33584400
2017-08-25,10.77,10.88,10.76,10.82,6.8149,35926800
2017-08-28,10.86,10.88,10.73,10.79,6.796,22307400
2017-08-29,10.75,10.89,10.73,10.84,6.8275,29807300
2017-08-30,10.82,10.94,10.77,10.94,6.8905,23629300
2017-08-31,10.97,11.2,10.95,11.03,6.9472,54208900
2017-09-01,11.18,11.43,11.14,11.35,7.1487,64560300
2017-09-05,11.36,11.39,11.24,11.36,7.155,44000200
2017-09-06,11.39,11.53,11.39,11.5,7.2432,43279000
2017-09-07,11.52,11.52,11.33,11.4,7.1802,30271000
2017-09-08,11.34,11.39,11.29,11.36,7.155,26633900
2017-09-11,11.4,11.45,11.38,11.41,7.1865,43375000
2017-09-12,11.43,11.67,11.39,11.59,7.2999,41386700
2017-09-13,11.6,11.63,11.52,11.62,7.3188,23302200
2017-09-14,11.6,11.68,11.48,11.56,7.281,31696300
2017-09-15,11.54,11.63,11.49,11.62,7.3188,30865500
2017-09-18,11.63,11.73,11.6,11.63,7.3251,25132400
2017-09-19,11.63,11.74,11.62,11.72,7.3818,26392900
2017-09-20,11.68,11.8,11.64,11.71,7.3755,26705300
2017-09-21,11.71,11.82,11.69,11.72,7.3818,40319400
2017-09-22,11.74,11.87,11.72,11.84,7.4573,30196500
2017-09-25,11.88,12.06,11.84,11.94,7.5203,40766000
2017-09-26,11.95,12.0,11.9,11.93,7.514,30646700
2017-09-27,11.98,12.02,11.86,11.95,7.5266,28412200
2017-09-28,11.95,11.99,11.9,11.96,7.5329,23105700
2017-09-29,11.97,12.02,11.92,11.97,7.5392,31227500
2017-10-02,12.0,12.09,11.97,12.09,7.6148,36020000
2017-10-03,12.32,12.43,12.22,12.34,7.7723,65641700
2017-10-04,12.33,12.46,12.28,12.3,7.7471,52909800
2017-10-05,12.34,12.36,12.15,12.25,7.7156,48145800
2017-10-06,12.2,12.33,12.19,12.31,7.7534,35091800
2017-10-09,12.33,12.41,12.25,12.34,7.7723,28924800
2017-10-10,12.34,12.42,12.25,12.39,7.8038,40586200
2017-10-11,12.38,12.43,12.31,12.38,7.7975,34953400
2017-10-12,12.3,12.32,12.11,12.12,7.6337,45924400
2017-10-13,12.06,12.17,11.87,12.05,7.5896,44597300
2017-10-16,11.99,12.15,11.96,12.12,7.6337,32349700
2017-10-17,12.13,12.31,12.12,12.27,7.7282,55273200
2017-10-18,12.28,12.35,12.17,12.19,7.6778,30783700
2017-10-19,12.14,12.25,12.05,12.23,7.703,29678200
2017-10-20,12.12,12.14,12.0,12.1,7.7157,28171700
2017-10-23,12.11,12.19,12.04,12.04,7.6775,21504800
2017-10-24,12.11,12.26,12.09,12.19,7.7731,34651200
2017-10-25,12.15,12.15,11.97,12.04,7.6775,47674800
2017-10-26,12.2,12.34,12.06,12.27,7.8241,49003100
2017-10-27,12.23,12.24,12.01,12.06,7.6902,33925400
2017-10-30,12.01,12.15,11.95,12.1,7.7157,36457400
2017-10-31,12.15,12.3,12.13,12.27,7.8241,42010200
2017-11-01,12.4,12.47,12.28,12.35,7.8751,43495800
2017-11-02,12.33,12.43,12.26,12.42,7.9198,40923400
2017-11-03,12.41,12.46,12.32,12.36,7.8815,33220300
2017-11-06,12.36,12.43,12.3,12.33,7.8624,20178500
2017-11-07,12.35,12.38,12.11,12.16,7.754,41536300
2017-11-08,12.14,12.16,12.01,12.06,7.6902,34127500
2017-11-09,12.01,12.05,11.93,12.04,7.6775,26257300
2017-11-10,12.0,12.09,11.98,12.01,7.6583,35298400
2017-11-13,12.01,12.22,11.97,12.16,7.754,30415900
2017-11-14,12.1,12.16,11.99,12.02,7.6647,25893400
2017-11-15,11.97,12.03,11.87,12.0,7.652,28441300
2017-11-16,12.0,12.05,11.93,12.04,7.6775,28269000
2017-11-17,12.02,12.06,11.99,12.01,7.6583,31117700
2017-11-20,12.03,12.15,12.02,12.13,7.7349,32352000
2017-11-21,12.14,12.23,12.12,12.12,7.7285,28510300
2017-11-22,12.11,12.15,12.05,12.07,7.6966,36184000
2017-11-24,12.1,12.15,12.03,12.1,7.7157,9549600
2017-11-27,12.09,12.19,12.06,12.11,7.7221,28525200
2017-11-28,12.15,12.24,12.08,12.21,7.7859,33199300
2017-11-29,12.24,12.57,12.23,12.56,8.0091,64866000
2017-11-30,12.53,12.65,12.42,12.52,7.9836,49224200
2017-12-01,12.62,12.7,12.35,12.58,8.0218,52458700
2017-12-04,12.65,12.81,12.59,12.63,8.0537,39558900
2017-12-05,12.42,12.62,12.4,12.43,7.9262,45527200
2017-12-06,12.37,12.43,12.28,12.38,7.8943,28453800
2017-12-07,12.58,12.59,12.33,12.53,7.9899,25417100
2017-12-08,12.53,12.61,12.43,12.61,8.0409,21981900
2017-12-11,12.57,12.63,12.51,12.58,8.0218,44194600
2017-12-12,12.56,12.64,12.51,12.6,8.0346,54370600
2017-12-13,12.61,12.73,12.59,12.63,8.0537,31859000
2017-12-14,12.65,12.69,12.41,12.46,7.9453,37074000
2017-12-15,12.51,12.66,12.5,12.58,8.0218,48655500
2017-12-18,12.66,12.75,12.61,12.66,8.0728,25022700
2017-12-19,12.71,12.78,12.66,12.69,8.092,23056900
2017-12-20,12.72,12.75,12.65,12.72,8.1111,18989400
2017-12-21,12.74,12.77,12.63,12.63,8.0537,21004700
2017-12-22,12.66,12.66,12.56,12.58,8.0218,17876200
2017-12-26,12.57,12.65,12.55,12.6,8.0346,11664600
2017-12-27,12.57,12.58,12.45,12.5,7.9708,17005600
2017-12-28,12.48,12.58,12.47,12.58,8.0218,14793500
2017-12-29,12.58,12.61,12.49,12.49,7.9644,18362500
2018-01-02,12.52,12.66,12.5,12.66,8.0728,20773300
2018-01-03,12.68,12.8,12.67,12.76,8.1366,29765600
2018-01-04,12.78,13.04,12.77,12.98,8.2769,37478200
2018-01-05,13.06,13.22,13.04,13.2,8.4172,46121900
2018-01-08,13.21,13.22,13.11,13.15,8.3853,33828300
2018-01-09,13.18,13.22,13.08,13.08,8.3406,27924100
2018-01-10,13.06,13.14,12.96,13.03,8.3088,56517100
2018-01-11,13.02,13.2,13.0,13.16,8.3917,28342300
2018-01-12,13.1,13.29,13.1,13.23,8.4363,56979200
2018-01-16,13.31,13.48,13.01,13.1,8.3534,53961400
2018-01-17,12.58,12.58,12.1,12.18,7.7667,132412500
2018-01-18,12.18,12.2,12.02,12.07,7.6966,66541700
2018-01-19,12.12,12.12,11.91,12.0,7.652,51303700
2018-01-22,12.02,12.08,11.9,12.02,7.6647,52851900
2018-01-23,12.03,12.03,11.9,11.96,7.6265,51831000
2018-01-24,12.0,12.09,11.92,12.05,7.6838,63300500
2018-01-25,11.93,11.93,11.44,11.57,7.3778,114886800
2018-01-26,11.59,11.7,11.5,11.65,7.4288,52496000
2018-01-29,11.42,11.47,11.11,11.12,7.2654,55114000
2018-01-30,11.09,11.23,11.05,11.06,7.2262,52068200
2018-01-31,11.09,11.12,10.9,10.97,7.1674,57644600
2018-02-01,10.95,11.0,10.85,10.92,7.1348,41352200
2018-02-02,10.88,10.88,10.62,10.71,6.9976,72312900
2018-02-05,10.78,10.8,10.24,10.24,6.6905,96757000
2018-02-06,10.27,10.79,10.19,10.76,7.0302,139938100
2018-02-07,10.75,11.04,10.7,10.76,7.0302,68041800
2018-02-08,10.79,10.86,10.42,10.43,6.8146,73990700
2018-02-09,10.57,10.64,10.24,10.53,6.88,72103600
2018-02-12,10.67,10.82,10.54,10.7,6.991,49068900
2018-02-13,10.63,10.69,10.53,10.59,6.9192,36884500
2018-02-14,10.55,10.75,10.5,10.74,7.0172,27844300
2018-02-15,10.8,10.8,10.64,10.76,7.0302,28208300
2018-02-16,10.7,10.82,10.52,10.61,6.9322,41041800
2018-02-20,10.58,10.67,10.55,10.63,6.9453,27617900
2018-02-21,10.65,10.75,10.59,10.6,6.9257,36037700
2018-02-22,10.6,10.73,10.56,10.63,6.9453,25409600
2018-02-23,10.67,10.71,10.62,10.7,6.991,21786800
2018-02-26,10.74,10.95,10.7,10.89,7.1152,27157800
2018-02-27,10.93,10.99,10.6,10.61,6.9322,43502000
2018-02-28,10.68,10.79,10.57,10.61,6.9322,41321400
2018-03-01,10.65,10.69,10.2,10.29,6.7231,75841400
2018-03-02,10.24,10.42,10.14,10.4,6.795,60491900
2018-03-05,10.31,10.63,10.3,10.58,6.9126,44021300
2018-03-06,10.65,10.68,10.47,10.63,6.9453,30978900
2018-03-07,10.51,10.64,10.43,10.63,6.9453,30046600
2018-03-08,10.65,10.68,10.48,10.61,6.9322,26948000
2018-03-09,10.63,10.73,10.57,10.73,7.0106,26684400
2018-03-12,10.69,10.85,10.68,10.81,7.0629,33800900
2018-03-13,10.84,10.98,10.73,10.78,7.0433,44456800
2018-03-14,11.25,11.44,11.01,11.02,7.2001,91985300
2018-03-15,11.05,11.25,10.95,11.07,7.2328,47645300
2018-03-16,11.12,11.22,11.06,11.15,7.285,80684200
2018-03-19,11.15,11.17,10.87,11.01,7.1936,63122500
2018-03-20,11.05,11.13,10.97,10.99,7.1805,45612800
2018-03-21,11.0,11.19,10.93,11.1,7.2524,38551000
2018-03-22,11.0,11.06,10.73,10.75,7.0237,51280900
2018-03-23,10.79,10.81,10.51,10.56,6.8996,39950900
2018-03-26,10.74,10.87,10.68,10.83,7.076,52325500
2018-03-27,10.85,10.92,10.72,10.83,7.076,40677300
2018-03-28,10.83,10.95,10.73,10.86,7.0956,42263700
2018-03-29,10.93,11.13,10.92,11.08,7.2393,39864000
2018-04-02,11.06,11.09,10.7,10.86,7.0956,43598100
2018-04-03,11.01,11.18,10.9,11.15,7.285,42523900
2018-04-04,10.87,11.36,10.8,11.33,7.4027,44834600
2018-04-05,11.34,11.38,11.23,11.35,7.4157,28755600
2018-04-06,11.28,11.35,11.07,11.18,7.3046,31920700
2018-04-09,11.25,11.38,11.2,11.25,7.3504,36462700
2018-04-10,11.44,11.55,11.41,11.45,7.4811,43144300
2018-04-11,11.38,11.49,11.3,11.43,7.468,32979000
2018-04-12,11.5,11.54,11.25,11.31,7.3896,47133700
2018-04-13,11.35,11.39,11.23,11.28,7.37,34598800
2018-04-16,11.36,11.45,11.27,11.38,7.4353,32803300
2018-04-17,11.43,11.45,11.3,11.38,7.4353,30906800
2018-04-18,11.38,11.48,11.3,11.33,7.4027,46226100
2018-04-19,11.18,11.25,10.85,10.96,7.257,49154200
2018-04-20,11.01,11.03,10.78,10.82,7.1643,44930000
2018-04-23,10.84,11.04,10.83,11.04,7.31,31936500
2018-04-24,11.05,11.17,10.93,10.96,7.257,39625000
2018-04-25,10.96,11.16,10.87,11.11,7.3563,40356100
2018-04-26,11.42,11.53,11.29,11.43,7.5682,80676800
2018-04-27,11.4,11.56,11.38,11.49,7.6079,33375900
2018-04-30,11.53,11.73,11.22,11.24,7.4424,66090900
2018-05-01,11.25,11.35,11.1,11.26,7.4556,61430400
2018-05-02,11.26,11.27,11.12,11.21,7.4225,41899500
2018-05-03,11.17,11.21,10.97,11.2,7.4159,38907400
2018-05-04,11.16,11.41,11.09,11.36,7.5218,32043500
2018-05-07,11.36,11.44,11.31,11.34,7.5086,27510300
2018-05-08,11.32,11.37,11.24,11.27,7.4622,25754100
2018-05-09,11.21,11.28,11.02,11.06,7.3232,43732000
2018-05-10,11.04,11.25,11.02,11.21,7.4225,32023800
2018-05-11,11.22,11.25,11.16,11.19,7.4093,19837700
2018-05-14,11.23,11.29,11.17,11.18,7.4026,27903100
2018-05-15,11.1,11.25,11.06,11.22,7.4291,26950100
2018-05-16,11.21,11.4,11.2,11.4,7.5483,28976700
2018-05-17,11.4,11.48,11.38,11.46,7.588,20741100
2018-05-18,11.44,11.47,11.3,11.33,7.502,23893700
2018-05-21,11.42,11.55,11.39,11.51,7.6212,31011900
2018-05-22,11.58,11.64,11.51,11.52,7.6278,22360900
2018-05-23,11.5,11.55,11.33,11.44,7.5748,23595000
2018-05-24,11.45,11.65,11.44,11.62,7.694,34876300
2018-05-25,11.56,11.61,11.47,11.51,7.6212,19337500
2018-05-29,11.6,11.62,11.36,11.44,7.5748,31324300
2018-05-30,11.53,11.61,11.47,11.55,7.6476,25554600
2018-05-31,11.65,11.74,11.36,11.55,7.6476,61563200
2018-06-01,11.67,11.77,11.61,11.71,7.7536,35406200
2018-06-04,11.74,11.79,11.69,11.74,7.7734,25141300
2018-06-05,11.74,11.87,11.68,11.83,7.833,31036700
2018-06-06,11.87,12.0,11.82,11.97,7.9257,31110500
2018-06-07,11.97,12.15,11.96,12.03,7.9655,47314100
2018-06-08,12.04,12.12,12.0,12.1,8.0118,28371900
2018-06-11,12.1,12.15,12.02,12.03,7.9655,30398100
2018-06-12,12.07,12.15,12.03,12.11,8.0184,51395400
2018-06-13,12.1,12.1,11.96,12.02,7.9588,28406700
2018-06-14,12.0,12.01,11.84,11.89,7.8728,34523000
2018-06-15,11.84,12.03,11.8,11.88,7.8661,56326800
2018-06-18,11.82,12.04,11.81,11.99,7.939,32706500
2018-06-19,11.82,11.89,11.67,11.89,7.8728,40064800
2018-06-20,11.97,12.05,11.83,11.87,7.8595,31964800
2018-06-21,11.8,11.83,11.64,11.71,7.7536,33316700
2018-06-22,11.75,11.87,11.62,11.65,7.7139,36703500
2018-06-25,11.63,11.67,11.38,11.5,7.6145,36101900
2018-06-26,11.56,11.63,11.49,11.52,7.6278,36627700
2018-06-27,11.54,11.64,11.4,11.42,7.5616,27242000
2018-06-28,11.37,11.4,11.15,11.28,7.4689,43836400
2018-06-29,11.32,11.37,11.03,11.07,7.3298,44718500
2018-07-02,11.02,11.11,10.91,11.1,7.3497,37892800
2018-07-03,11.1,11.15,10.94,10.99,7.2768,16544800
2018-07-05,11.1,11.14,11.02,11.05,7.3166,32008500
2018-07-06,11.04,11.1,10.92,11.06,7.3232,25646700
2018-07-09,11.1,11.26,11.03,11.2,7.4159,23916800
2018-07-10,11.2,11.26,11.17,11.25,7.449,21231500
2018-07-11,11.15,11.17,11.05,11.07,7.3298,30030100
2018-07-12,11.1,11.14,11.0,11.05,7.3166,27025200
2018-07-13,11.02,11.05,10.91,10.98,7.2702,36561500
2018-07-16,10.95,10.97,10.76,10.85,7.1841,46156800
2018-07-17,10.8,10.9,10.8,10.86,7.1908,37584300
2018-07-18,10.85,10.9,10.81,10.87,7.1974,36420000
2018-07-19,10.89,10.9,10.77,10.82,7.1643,40308800
2018-07-20,10.68,10.72,10.51,10.56,7.0904,41531200
2018-07-23,10.56,10.57,10.42,10.47,7.03,34942000
2018-07-24,10.51,10.74,10.5,10.57,7.0971,47303000
2018-07-25,10.32,10.57,10.12,10.52,7.0636,92497700
2018-07-26,10.14,10.16,9.84,9.89,6.6406,103893000
2018-07-27,9.96,10.05,9.91,9.93,6.6674,46171100
2018-07-30,9.96,10.1,9.93,10.07,6.7614,35877000
2018-07-31,10.11,10.11,10.0,10.04,6.7413,38026900
2018-08-01,10.06,10.08,9.82,9.9,6.6473,44126700
2018-08-02,9.9,9.98,9.84,9.92,6.6607,40318900
2018-08-03,9.93,10.06,9.93,10.04,6.7413,25925100
2018-08-06,10.0,10.05,9.97,10.03,6.7346,22247900
2018-08-07,10.04,10.1,10.02,10.08,6.7681,27961200
2018-08-08,10.05,10.1,10.04,10.05,6.748,22600900
2018-08-09,10.06,10.07,9.9,9.91,6.654,35682600
2018-08-10,9.91,9.91,9.72,9.74,6.5398,39180500
2018-08-13,9.74,9.75,9.42,9.46,6.3518,66586200
2018-08-14,9.51,9.62,9.45,9.5,6.3787,37657400
2018-08-15,9.46,9.5,9.35,9.45,6.3451,36298600
2018-08-16,9.5,9.6,9.49,9.51,6.3854,28857700
2018-08-17,9.53,9.6,9.46,9.55,6.4123,32742900
2018-08-20,9.56,9.74,9.56,9.72,6.5264,25252500
2018-08-21,9.77,9.9,9.69,9.86,6.6204,46413900
2018-08-22,9.79,9.82,9.68,9.69,6.5063,30803700
2018-08-23,9.67,9.69,9.58,9.63,6.466,31511800
2018-08-24,9.65,9.7,9.61,9.68,6.4996,18380000
2018-08-27,9.75,10.04,9.73,9.99,6.7077,49769300
2018-08-28,10.08,10.09,9.95,10.01,6.7211,33845500
2018-08-29,10.01,10.02,9.9,9.97,6.6943,37336400
2018-08-30,9.87,9.91,9.67,9.7,6.513,48539300
2018-08-31,9.64,9.68,9.4,9.48,6.3653,76424900
2018-09-04,9.53,9.58,9.36,9.47,6.3586,54111100
2018-09-05,9.47,9.55,9.32,9.49,6.372,44561900
2018-09-06,9.48,9.55,9.4,9.43,6.3317,29519100
2018-09-07,9.41,9.49,9.25,9.27,6.2243,51229900
2018-09-10,9.31,9.49,9.3,9.38,6.2981,30421700
2018-09-11,9.35,9.36,9.22,9.31,6.2511,27158400
2018-09-12,9.31,9.42,9.28,9.34,6.2713,25450000
2018-09-13,9.38,9.41,9.31,9.37,6.2914,29315700
2018-09-14,9.38,9.48,9.36,9.45,6.3451,30013300
2018-09-17,9.44,9.6,9.43,9.55,6.4123,29544400
2018-09-18,9.54,9.61,9.48,9.58,6.4324,57055400
2018-09-19,9.61,9.83,9.61,9.78,6.5667,40111500
2018-09-20,9.83,9.93,9.71,9.81,6.5868,46314400
2018-09-21,9.84,9.94,9.78,9.85,6.6137,74488600
2018-09-24,9.78,9.85,9.52,9.59,6.4391,43170800
2018-09-25,9.53,9.56,9.37,9.39,6.3048,44406100
2018-09-26,9.38,9.41,9.27,9.27,6.2243,58597500
2018-09-27,9.3,9.33,9.2,9.23,6.1974,57272200
2018-09-28,9.22,9.28,9.09,9.25,6.2108,30987200
2018-10-01,9.43,9.44,9.3,9.32,6.2578,44864700
2018-10-02,9.27,9.34,9.18,9.2,6.1773,41806400
2018-10-03,9.27,9.31,9.13,9.13,6.1303,47023100
2018-10-04,9.13,9.22,9.09,9.15,6.1437,38889600
2018-10-05,9.15,9.22,9.1,9.12,6.1235,36952200
2018-10-08,9.1,9.28,9.09,9.26,6.2175,43657700
2018-10-09,9.23,9.31,8.95,8.95,6.0094,58356900
2018-10-10,8.95,8.98,8.81,8.82,5.9221,54104100
2018-10-11,8.82,8.99,8.76,8.81,5.9154,66170800
2018-10-12,8.95,8.95,8.55,8.64,5.8013,59308500
2018-10-15,8.67,8.85,8.66,8.81,5.9154,40183200
2018-10-16,8.87,8.89,8.73,8.8,5.9087,36772000
2018-10-17,8.8,8.86,8.64,8.76,5.8818,48795100
2018-10-18,8.74,8.76,8.5,8.51,5.714,59669200
2018-10-19,8.32,8.53,8.19,8.5,5.7073,59831100
2018-10-22,8.38,8.45,8.27,8.41,5.7483,39803500
2018-10-23,8.3,8.64,8.23,8.59,5.8713,55443300
2018-10-24,8.5,8.6,8.17,8.18,5.5911,58895100
2018-10-25,8.52,9.0,8.46,8.99,6.1447,90399200
2018-10-26,8.96,9.06,8.86,8.98,6.1379,100639800
2018-10-29,9.36,9.59,9.17,9.28,6.3429,92275100
2018-10-30,9.31,9.56,9.27,9.46,6.4659,58062000
2018-10-31,9.62,9.67,9.43,9.55,6.5275,68507100
2018-11-01,9.54,9.55,9.26,9.29,6.3497,59794400
2018-11-02,9.36,9.45,9.26,9.38,6.4113,48499200
2018-11-05,9.38,9.57,9.35,9.53,6.5138,41274300
2018-11-06,9.46,9.57,9.41,9.54,6.5206,40928600
2018-11-07,9.6,9.6,9.45,9.6,6.5616,37347400
2018-11-08,9.58,9.65,9.44,9.46,6.4659,55810100
2018-11-09,9.38,9.8,9.27,9.38,6.4113,52203600
2018-11-12,9.38,9.58,9.37,9.49,6.4864,36317200
2018-11-13,9.53,9.67,9.47,9.54,6.5206,33098000
2018-11-14,9.63,9.67,9.43,9.54,6.5206,46677600
2018-11-15,9.5,9.53,9.12,9.31,6.3634,57170100
2018-11-16,9.28,9.31,8.98,9.05,6.1857,54582500
2018-11-19,9.02,9.36,8.96,9.25,6.3224,56292500
2018-11-20,9.1,9.22,9.01,9.06,6.1925,35159900
2018-11-21,9.05,9.2,8.98,9.11,6.2267,25882700
2018-11-23,9.07,9.22,9.03,9.13,6.2404,13520800
2018-11-26,9.23,9.53,9.17,9.4,6.4249,46304400
2018-11-27,9.37,9.43,9.25,9.28,6.3429,34283200
2018-11-28,9.27,9.44,9.17,9.41,6.4318,33199500
2018-11-29,9.37,9.44,9.26,9.37,6.4044,29207600
2018-11-30,9.37,9.48,9.36,9.41,6.4318,36269500
2018-12-03,9.71,9.85,9.6,9.6,6.5616,64668600
2018-12-04,9.55,9.6,9.18,9.18,6.2746,57930300
2018-12-06,9.12,9.12,8.92,9.02,6.1652,53963600
2018-12-07,9.02,9.13,8.8,8.82,6.0285,43534800
2018-12-10,8.83,8.85,8.38,8.52,5.8234,56499700
2018-12-11,8.72,8.8,8.5,8.54,5.8371,42294500
2018-12-12,8.64,8.73,8.59,8.64,5.9055,40602700
2018-12-13,8.67,8.7,8.46,8.5,5.8098,34200400
2018-12-14,8.52,8.68,8.46,8.52,5.8234,35613300
2018-12-17,8.48,8.72,8.41,8.5,5.8098,44469900
2018-12-18,8.55,8.68,8.41,8.47,5.7893,38263000
2018-12-19,8.46,8.65,8.27,8.32,5.6867,75272900
2018-12-20,8.33,8.42,8.18,8.26,5.6457,58926200
2018-12-21,8.22,8.4,8.04,8.05,5.5022,57542300
2018-12-24,8.01,8.01,7.61,7.63,5.2151,38709500
2018-12-26,7.73,7.86,7.41,7.85,5.3655,58810000
2018-12-27,7.82,7.85,7.53,7.85,5.3655,49813000
2018-12-28,7.83,8.04,7.76,7.81,5.3382,47331700
2018-12-31,7.85,7.86,7.5,7.65,5.2288,57816000
2019-01-02,7.53,8.02,7.48,7.9,5.3997,47494400
2019-01-03,7.97,7.99,7.78,7.78,5.3177,39172400
2019-01-04,7.91,8.12,7.85,8.08,5.5227,43039800
2019-01-07,8.11,8.37,8.03,8.29,5.6662,40729400
2019-01-08,8.42,8.54,8.35,8.37,5.7209,45644000
2019-01-09,8.45,8.77,8.36,8.72,5.9602,48404900
2019-01-10,8.71,8.77,8.45,8.67,5.926,39490400
2019-01-11,8.77,8.93,8.7,8.82,6.0285,41559900
2019-01-14,8.8,9.06,8.76,8.99,6.1447,44833800
2019-01-15,9.02,9.03,8.75,8.84,6.0422,65311700
2019-01-16,8.68,8.77,8.26,8.29,5.6662,73869900
2019-01-17,8.27,8.44,8.21,8.36,5.7141,56722600
2019-01-18,8.39,8.6,8.33,8.58,5.8645,51127900
2019-01-22,8.54,8.61,8.46,8.5,5.8098,47182600
2019-01-23,8.54,8.54,8.28,8.34,5.7004,45196900
2019-01-24,8.32,8.68,8.22,8.6,5.8781,79516400
2019-01-25,8.74,8.96,8.73,8.86,6.0558,53098800
2019-01-28,8.8,8.8,8.58,8.66,5.9191,42116300
2019-01-29,8.71,8.79,8.62,8.76,5.9875,30485000
2019-01-30,8.66,8.72,8.52,8.71,6.057,29906100
2019-01-31,8.62,8.82,8.6,8.8,6.1196,39389100
2019-02-01,8.77,8.81,8.62,8.72,6.064,34124000
2019-02-04,8.7,8.7,8.59,8.7,6.0501,28855600
2019-02-05,8.68,8.76,8.65,8.75,6.0848,26166800
2019-02-06,8.79,8.9,8.68,8.72,6.064,32644300
2019-02-07,8.62,8.62,8.29,8.31,5.7789,55161800
2019-02-08,8.29,8.41,8.16,8.39,5.8345,38650100
2019-02-11,8.41,8.44,8.29,8.33,5.7928,27403500
2019-02-12,8.38,8.47,8.38,8.46,5.8832,26235100
2019-02-13,8.45,8.66,8.39,8.41,5.8484,27182900
2019-02-14,8.38,8.47,8.32,8.42,5.8554,23569900
2019-02-15,8.49,8.56,8.41,8.54,5.9388,58080300
2019-02-19,8.53,8.85,8.53,8.83,6.1405,37929200
2019-02-20,8.83,8.98,8.82,8.94,6.217,55316900
2019-02-21,8.94,8.96,8.7,8.71,6.057,44730400
2019-02-22,8.73,8.75,8.56,8.71,6.057,40947500
2019-02-25,8.77,8.85,8.75,8.76,6.0918,56615400
2019-02-26,8.75,8.94,8.72,8.88,6.1753,38348800
2019-02-27,8.83,8.91,8.78,8.78,6.1057,34093300
2019-02-28,8.77,8.79,8.6,8.77,6.0988,43960500
2019-03-01,8.85,8.89,8.71,8.79,6.1127,37699500
2019-03-04,8.83,8.97,8.76,8.81,6.1266,46196900
2019-03-05,8.8,8.81,8.7,8.77,6.0988,40852600
2019-03-06,8.75,8.78,8.56,8.58,5.9666,50378600
2019-03-07,8.56,8.57,8.35,8.48,5.8971,54286000
2019-03-08,8.4,8.47,8.34,8.42,5.8554,43766800
2019-03-11,8.46,8.63,8.45,8.61,5.9875,36875300
2019-03-12,8.65,8.7,8.55,8.57,5.9597,37805000
2019-03-13,8.59,8.65,8.5,8.53,5.9319,49018700
2019-03-14,8.52,8.55,8.4,8.41,5.8484,36307900
2019-03-15,8.42,8.47,8.37,8.43,5.8623,66555500
2019-03-18,8.45,8.57,8.42,8.57,5.9597,37198300
2019-03-19,8.61,8.87,8.61,8.7,6.0501,57293600
2019-03-20,8.67,8.67,8.48,8.51,5.9179,54539700
2019-03-21,8.5,8.69,8.49,8.69,6.0431,46843100
2019-03-22,8.63,8.67,8.52,8.54,5.9388,41964000
2019-03-25,8.56,8.65,8.47,8.51,5.9179,45849500
2019-03-26,8.54,8.76,8.54,8.76,6.0918,47852100
2019-03-27,8.75,8.86,8.62,8.62,5.9944,39895800
2019-03-28,8.65,8.83,8.64,8.77,6.0988,38914700
2019-03-29,8.8,8.89,8.71,8.78,6.1057,33962800
2019-04-01,8.86,9.0,8.86,8.98,6.2448,45653100
2019-04-02,8.95,9.03,8.91,9.01,6.2657,30699400
2019-04-03,9.07,9.27,9.06,9.13,6.3491,56663600
2019-04-04,9.21,9.3,9.18,9.24,6.4256,39483100
2019-04-05,9.17,9.27,9.08,9.25,6.4326,37854700
2019-04-08,9.18,9.32,9.17,9.3,6.4673,26221100
2019-04-09,9.27,9.36,9.17,9.21,6.4047,29879100
2019-04-10,9.23,9.35,9.2,9.33,6.4882,28469500
2019-04-11,9.35,9.41,9.33,9.39,6.5299,26488100
2019-04-12,9.47,9.6,9.44,9.45,6.5716,38646000
2019-04-15,9.48,9.5,9.26,9.33,6.4882,41206700
2019-04-16,9.32,9.4,9.24,9.36,6.509,40950000
2019-04-17,9.4,9.58,9.39,9.5,6.6064,30688300
2019-04-18,9.52,9.62,9.48,9.55,6.6412,29843000
2019-04-22,9.58,9.58,9.46,9.5,6.6064,38718500
2019-04-23,9.36,9.51,9.3,9.5,6.7124,39493700
2019-04-24,9.45,9.61,9.4,9.57,6.7619,39796300
2019-04-25,9.52,9.53,9.34,9.4,6.6417,52596700
2019-04-26,10.03,10.45,9.95,10.41,7.3554,156136700
2019-04-29,10.36,10.39,10.07,10.32,7.2918,62500500
2019-04-30,10.29,10.5,10.27,10.45,7.3836,46079300
2019-05-01,10.48,10.5,10.29,10.3,7.2776,41805500
2019-05-02,10.3,10.35,10.2,10.34,7.3059,34508400
2019-05-03,10.37,10.45,10.3,10.41,7.3554,36291200
2019-05-06,10.12,10.42,10.12,10.37,7.3271,28640600
2019-05-07,10.33,10.41,10.3,10.38,7.3342,41154500
2019-05-08,10.38,10.45,10.31,10.34,7.3059,33472200
2019-05-09,10.26,10.3,10.07,10.2,7.207,43621300
2019-05-10,10.32,10.41,10.2,10.38,7.3342,37629500
2019-05-13,10.17,10.26,10.04,10.08,7.1222,51102100
2019-05-14,10.15,10.29,10.13,10.24,7.2353,31297200
2019-05-15,10.21,10.4,10.04,10.36,7.32,44050200
2019-05-16,10.3,10.44,10.3,10.4,7.3483,32697000
2019-05-17,10.32,10.44,10.24,10.29,7.2706,34565400
2019-05-20,10.3,10.3,10.2,10.28,7.2635,29535900
2019-05-21,10.31,10.31,10.15,10.24,7.2353,30099300
2019-05-22,10.17,10.21,9.93,9.97,7.0445,51407200
2019-05-23,9.85,9.85,9.67,9.85,6.9597,43153800
2019-05-24,9.92,9.95,9.8,9.83,6.9456,22131500
2019-05-28,9.87,9.9,9.77,9.78,6.9102,27656200
2019-05-29,9.69,9.75,9.55,9.71,6.8608,32262600
2019-05-30,9.74,9.84,9.68,9.74,6.882,24759600
2019-05-31,9.48,9.54,9.32,9.52,6.7265,48250400
2019-06-03,9.62,9.65,9.46,9.61,6.7901,39446800
2019-06-04,9.73,9.95,9.72,9.92,7.0091,37324100
2019-06-05,9.87,9.92,9.65,9.78,6.9102,42464800
2019-06-06,9.72,9.82,9.66,9.75,6.889,28291100
2019-06-07,9.76,9.82,9.7,9.76,6.8961,18848700
2019-06-10,9.89,10.03,9.76,9.82,6.9385,33883400
2019-06-11,9.87,9.98,9.79,9.92,7.0091,26434200
2019-06-12,9.9,9.93,9.84,9.85,6.9597,21746700
2019-06-13,9.87,10.06,9.8,10.06,7.1081,25555900
2019-06-14,10.01,10.04,9.94,9.98,7.0515,21553200
2019-06-17,9.99,10.09,9.94,10.05,7.101,19383800
2019-06-18,10.08,10.2,10.05,10.1,7.1363,32591700
2019-06-19,10.15,10.18,10.03,10.04,7.0939,29051300
2019-06-20,10.13,10.15,9.95,10.04,7.0939,32086500
2019-06-21,10.03,10.05,9.91,9.99,7.0586,47904000
2019-06-24,9.95,10.02,9.93,9.95,7.0303,28091200
2019-06-25,9.97,9.99,9.83,9.84,6.9526,28682000
2019-06-26,9.87,9.96,9.82,9.91,7.0021,33739100
2019-06-27,10.04,10.24,10.0,10.2,7.207,42954600
2019-06-28,10.2,10.31,10.2,10.23,7.2282,37551600
2019-07-01,10.34,10.43,10.07,10.15,7.1717,38452600
2019-07-02,10.15,10.21,10.04,10.12,7.1505,29708000
2019-07-03,10.18,10.3,10.13,10.2,7.207,19326600
2019-07-05,10.18,10.27,10.09,10.2,7.207,21397900
2019-07-08,10.2,10.26,10.18,10.2,7.207,23244100
2019-07-09,10.17,10.19,10.1,10.14,7.1646,25140600
2019-07-10,10.19,10.26,10.11,10.11,7.1434,29082200
2019-07-11,10.15,10.2,10.11,10.19,7.1999,27667500
2019-07-12,10.24,10.5,10.24,10.49,7.4119,40761600
2019-07-15,10.49,10.56,10.34,10.42,7.3624,33753500
2019-07-16,10.37,10.51,10.29,10.51,7.426,29530500
2019-07-17,10.48,10.5,10.31,10.33,7.2988,25204400
2019-07-18,10.3,10.31,10.18,10.26,7.2494,25810600
2019-07-19,10.3,10.32,10.2,10.2,7.207,38505600
2019-07-22,10.13,10.17,10.0,10.02,7.1855,36238600
2019-07-23,10.13,10.22,10.06,10.17,7.293,74624800
2019-07-24,10.18,10.35,10.14,10.33,7.4078,61107500
2019-07-25,9.75,9.78,9.4,9.56,6.8556,133898600
2019-07-26,9.58,9.65,9.51,9.57,6.8628,47710200
2019-07-29,9.6,9.68,9.52,9.6,6.8843,36487800
2019-07-30,9.56,9.58,9.48,9.55,6.8484,36944700
2019-07-31,9.57,9.58,9.4,9.53,6.8341,56715500
2019-08-01,9.53,9.59,9.28,9.31,6.6763,58060800
2019-08-02,9.26,9.34,9.21,9.28,6.6548,41495200
2019-08-05,9.18,9.27,9.06,9.23,6.619,47963400
2019-08-06,9.42,9.51,9.36,9.48,6.7982,51856100
2019-08-07,9.43,9.56,9.32,9.53,6.8341,43042400
2019-08-08,9.56,9.62,9.51,9.56,6.8556,25469000
2019-08-09,9.54,9.58,9.39,9.45,6.7767,38739700
2019-08-12,9.39,9.43,9.28,9.29,6.662,23050400
2019-08-13,9.29,9.42,9.18,9.26,6.6405,28231500
2019-08-14,9.13,9.15,8.96,9.0,6.454,45967400
2019-08-15,9.06,9.06,8.78,8.86,6.3536,40682800
2019-08-16,8.92,9.0,8.81,8.96,6.4253,27369900
2019-08-19,9.05,9.1,9.02,9.03,6.4755,21844000
2019-08-20,9.0,9.07,8.93,8.96,6.4253,25108600
2019-08-21,9.02,9.05,8.97,9.04,6.4827,20434800
2019-08-22,9.05,9.14,9.02,9.04,6.4827,20974700
2019-08-23,8.9,8.99,8.73,8.77,6.2891,44982300
2019-08-26,8.88,8.91,8.79,8.82,6.3249,31888200
2019-08-27,8.89,8.91,8.75,8.76,6.2819,23024400
2019-08-28,8.72,9.04,8.7,9.0,6.454,35147300
2019-08-29,9.1,9.14,9.03,9.12,6.5401,22011000
2019-08-30,9.16,9.23,9.1,9.17,6.5759,32057900
2019-09-03,9.18,9.2,9.04,9.1,6.5257,26331000
2019-09-04,9.17,9.23,9.07,9.2,6.5974,27406400
2019-09-05,9.25,9.4,9.25,9.34,6.6978,36626800
2019-09-06,9.37,9.41,9.2,9.34,6.6978,29210100
2019-09-09,9.39,9.65,9.39,9.54,6.8413,48059400
2019-09-10,9.08,9.42,9.04,9.42,6.7552,70567300
2019-09-11,9.29,9.43,9.29,9.42,6.7552,34190300
2019-09-12,9.36,9.48,9.32,9.41,6.748,35687700
2019-09-13,9.47,9.59,9.44,9.45,6.7767,27161300
2019-09-16,9.36,9.45,9.24,9.3,6.6692,50052600
2019-09-17,9.27,9.31,9.18,9.28,6.6548,27391200
2019-09-18,9.26,9.36,9.22,9.25,6.6333,24309400
2019-09-19,9.31,9.33,9.1,9.1,6.5257,28780700
2019-09-20,9.13,9.3,9.11,9.17,6.5759,37491300
2019-09-23,9.13,9.23,9.08,9.16,6.5688,22051100
2019-09-24,9.19,9.23,9.05,9.11,6.5329,33092500
2019-09-25,9.1,9.23,9.09,9.2,6.5974,20510300
2019-09-26,9.23,9.23,9.07,9.14,6.5544,26556300
2019-09-27,9.14,9.6,9.06,9.08,6.5114,32459500
2019-09-30,9.11,9.21,9.1,9.16,6.5688,21510000
2019-10-01,9.19,9.24,8.87,8.9,6.3823,39559500
2019-10-02,8.85,8.86,8.44,8.61,6.1743,68137000
2019-10-03,8.55,8.71,8.45,8.71,6.2461,40827900
2019-10-04,8.72,8.76,8.66,8.74,6.2676,27827400
2019-10-07,8.7,8.79,8.61,8.68,6.2245,29340400
2019-10-08,8.65,8.66,8.5,8.54,6.1241,31091200
2019-10-09,8.61,8.64,8.56,8.56,6.1385,16898500
2019-10-10,8.58,8.65,8.52,8.62,6.1815,28069600
2019-10-11,8.73,8.87,8.73,8.78,6.2963,34175700
2019-10-14,8.82,8.84,8.76,8.82,6.3249,24794500
2019-10-15,8.84,9.1,8.78,9.07,6.5042,29771700
2019-10-16,9.11,9.19,9.06,9.07,6.5042,27190300
2019-10-17,9.12,9.14,9.03,9.11,6.5329,28361200
2019-10-18,9.09,9.32,9.09,9.29,6.662,42422900
2019-10-21,9.19,9.24,9.01,9.03,6.5818,33610200
2019-10-22,9.01,9.14,8.96,9.07,6.611,35878500
2019-10-23,9.01,9.21,8.97,9.21,6.713,44770400
2019-10-24,8.87,8.89,8.55,8.6,6.2684,120395200
2019-10-25,8.67,8.75,8.62,8.72,6.3559,51373600
2019-10-28,8.76,8.76,8.58,8.61,6.2757,39635300
2019-10-29,8.59,8.71,8.59,8.64,6.2975,36771800
2019-10-30,8.64,8.64,8.52,8.54,6.2247,28685300
2019-10-31,8.58,8.6,8.5,8.59,6.2611,29124100
2019-11-01,8.64,8.93,8.64,8.89,6.4798,55354900
2019-11-04,8.93,9.05,8.93,9.0,6.5599,46716500
2019-11-05,9.02,9.15,9.0,9.02,6.5745,37569700
2019-11-06,9.05,9.05,8.89,8.92,6.5016,39497700
2019-11-07,8.96,9.01,8.88,8.89,6.4798,32640400
2019-11-08,8.9,9.04,8.82,9.04,6.5891,29476800
2019-11-11,8.95,9.1,8.94,9.08,6.6182,24846600
2019-11-12,9.06,9.13,9.04,9.04,6.5891,28703900
2019-11-13,9.0,9.0,8.8,8.81,6.4215,34491200
2019-11-14,8.85,8.91,8.78,8.79,6.4069,26527800
2019-11-15,8.85,8.96,8.85,8.95,6.5235,26416300
2019-11-18,9.05,9.05,8.89,8.95,6.5235,38291400
2019-11-19,8.99,9.0,8.87,8.9,6.4871,31168900
2019-11-20,8.88,8.89,8.68,8.73,6.3631,38271500
2019-11-21,8.77,8.79,8.67,8.71,6.3486,33161400
2019-11-22,8.8,8.9,8.77,8.89,6.4798,34966700
2019-11-25,8.9,9.01,8.87,9.0,6.5599,30580900
2019-11-26,8.98,9.02,8.91,9.01,6.5672,30093800
2019-11-27,9.03,9.15,9.02,9.1,6.6328,37396100
2019-11-29,9.04,9.1,9.03,9.06,6.6037,13096200
2019-12-02,9.08,9.14,9.0,9.01,6.5672,37232700
2019-12-03,8.95,8.95,8.8,8.89,6.4798,40653100
2019-12-04,8.95,9.03,8.94,8.95,6.5235,29982900
2019-12-05,8.97,9.0,8.88,8.93,6.5089,25768600
2019-12-06,8.96,9.07,8.95,9.02,6.5745,31086900
2019-12-09,8.97,9.07,8.96,9.01,6.5672,21772900
2019-12-10,9.02,9.1,8.96,9.07,6.611,34217700
2019-12-11,9.06,9.14,9.06,9.11,6.6401,33204200
2019-12-12,9.11,9.36,9.11,9.32,6.7932,48390900
2019-12-13,9.32,9.39,9.19,9.23,6.7276,35334500
2019-12-16,9.24,9.39,9.22,9.39,6.8442,42337600
2019-12-17,9.38,9.41,9.31,9.39,6.8442,35503900
2019-12-18,9.39,9.57,9.36,9.54,6.9535,45905300
2019-12-19,9.55,9.57,9.38,9.41,6.8588,42236000
2019-12-20,9.5,9.54,9.44,9.48,6.9098,50191200
2019-12-23,9.5,9.57,9.4,9.44,6.8806,54784400
2019-12-24,9.44,9.49,9.43,9.47,6.9025,11881600
2019-12-26,9.47,9.49,9.43,9.45,6.8879,28961300
2019-12-27,9.45,9.46,9.35,9.36,6.8223,28272800
2019-12-30,9.34,9.35,9.23,9.25,6.7422,36074900
2019-12-31,9.25,9.33,9.25,9.3,6.7786,32342100
2020-01-02,9.29,9.42,9.19,9.42,6.8661,43425700
2020-01-03,9.31,9.37,9.15,9.21,6.713,45040800
2020-01-06,9.1,9.17,9.06,9.16,6.6766,43372300
2020-01-07,9.2,9.25,9.12,9.25,6.7422,44984100
2020-01-08,9.23,9.3,9.17,9.25,6.7422,45994900
2020-01-09,9.3,9.31,9.18,9.26,6.7494,51817400
2020-01-10,9.27,9.36,9.25,9.25,6.7422,39796300
2020-01-13,9.25,9.26,9.11,9.24,6.7349,48553700
2020-01-14,9.22,9.33,9.21,9.29,6.7713,42935600
2020-01-15,9.27,9.3,9.18,9.19,6.6984,55923900
2020-01-16,9.23,9.28,9.15,9.17,6.6838,44310400
2020-01-17,9.19,9.23,9.13,9.16,6.6766,41644900
2020-01-21,9.15,9.22,9.1,9.21,6.713,49556400
2020-01-22,9.22,9.25,9.15,9.16,6.6766,39914800
2020-01-23,9.14,9.16,8.93,9.14,6.662,75848700
2020-01-24,9.11,9.12,8.96,9.0,6.5599,68100900
2020-01-27,8.88,8.96,8.78,8.89,6.4798,60769300
2020-01-28,8.94,9.0,8.86,8.97,6.5381,85163400
2020-01-29,8.85,8.96,8.84,8.86,6.5677,59057400
2020-01-30,8.81,8.84,8.73,8.84,6.5529,42827800
2020-01-31,8.78,8.84,8.74,8.82,6.5381,59813700
2020-02-03,8.85,9.14,8.85,8.98,6.6567,71405400
2020-02-04,9.08,9.24,9.07,9.18,6.8049,86196400
2020-02-05,8.41,8.48,8.26,8.31,6.16,145792500
2020-02-06,8.37,8.38,8.25,8.25,6.1155,68823400
2020-02-07,8.21,8.21,8.02,8.11,6.0118,98256500
2020-02-10,8.15,8.15,8.05,8.06,5.9747,71834900
2020-02-11,8.1,8.15,8.08,8.1,6.0044,80164500
2020-02-12,8.14,8.33,8.13,8.24,6.1081,111536800
2020-02-13,8.21,8.36,8.21,8.25,6.1155,67648800
2020-02-14,8.27,8.27,8.08,8.1,6.0044,46359700
2020-02-18,8.12,8.15,8.02,8.06,5.9747,65094800
2020-02-19,8.06,8.1,8.0,8.0,5.9302,69668200
2020-02-20,8.0,8.07,7.99,8.03,5.9525,52318200
2020-02-21,8.02,8.03,7.89,7.89,5.8487,58326300
2020-02-24,7.7,7.72,7.55,7.57,5.6115,110048200
2020-02-25,7.68,7.68,7.22,7.23,5.3594,108888300
2020-02-26,7.3,7.46,7.21,7.21,5.3446,92469500
2020-02-27,7.13,7.28,6.92,6.97,5.1667,118642400
2020-02-28,6.84,6.96,6.67,6.96,5.1593,116490700
2020-03-02,7.11,7.23,6.88,7.2,5.3372,96766000
2020-03-03,7.29,7.34,6.89,6.97,5.1667,97457800
2020-03-04,7.09,7.09,6.92,7.08,5.2482,70588100
2020-03-05,6.96,6.97,6.71,6.74,4.9962,78070900
2020-03-06,6.6,6.68,6.4,6.49,4.8109,109932200
2020-03-09,5.97,6.14,5.87,5.9,4.3735,103901700
2020-03-10,6.26,6.29,5.8,6.26,4.6404,101873600
2020-03-11,6.06,6.11,5.88,5.9,4.3735,98587100
2020-03-12,5.38,5.69,5.2,5.35,3.9658,89453100
2020-03-13,5.87,5.9,5.12,5.63,4.1734,125375300
2020-03-16,5.04,5.22,5.0,5.01,3.7138,110310900
2020-03-17,5.08,5.14,4.7,5.01,3.7138,104233500
2020-03-18,4.75,4.84,4.1,4.5,3.3358,125954700
2020-03-19,4.33,4.58,4.1,4.47,3.3135,126603800
2020-03-20,4.54,4.75,4.25,4.33,3.2097,129378600
2020-03-23,4.27,4.52,3.96,4.01,2.9725,134925000
2020-03-24,4.47,4.99,4.26,4.95,3.6693,146192100
2020-03-25,5.77,5.87,5.12,5.39,3.9955,198999400
2020-03-26,5.36,5.65,5.16,5.25,3.8917,138227600
2020-03-27,5.07,5.3,4.91,5.19,3.8472,106324000
2020-03-30,5.11,5.12,4.93,5.03,3.7286,97879700
2020-03-31,5.03,5.19,4.75,4.83,3.5804,231800800
2020-04-01,4.63,4.77,4.36,4.4,3.2616,119174500
2020-04-02,4.39,4.57,4.25,4.36,3.232,90891700
2020-04-03,4.4,4.42,4.17,4.24,3.143,85659900
2020-04-06,4.54,4.67,4.41,4.53,3.358,102205300
2020-04-07,4.85,5.03,4.63,4.71,3.4914,115150400
2020-04-08,4.86,5.09,4.8,5.03,3.7286,117022200
2020-04-09,5.51,5.75,5.24,5.37,3.9807,175681700
2020-04-13,5.43,5.43,5.02,5.16,3.825,99320000
2020-04-14,5.27,5.44,5.16,5.29,3.9214,74877000
2020-04-15,5.06,5.14,4.95,5.03,3.7286,74727700
2020-04-16,5.06,5.07,4.89,4.94,3.6619,58951200
2020-04-17,5.17,5.28,5.03,5.12,3.7953,91989300
2020-04-20,5.01,5.09,4.91,4.98,3.6916,71079400
2020-04-21,4.89,4.92,4.72,4.77,3.5359,82400200
2020-04-22,4.87,4.89,4.75,4.77,3.5359,62237200
2020-04-23,4.8,4.98,4.77,4.89,3.6248,61959800
2020-04-24,4.93,4.96,4.8,4.87,3.61,54320400
2020-04-27,4.91,5.19,4.88,5.17,3.8324,91082800
2020-04-28,5.49,5.54,5.22,5.38,3.9881,106222800
2020-04-29,5.33,5.5,5.21,5.26,3.8991,126393000
2020-04-30,5.16,5.24,5.06,5.09,3.7731,93437900
2020-05-01,5.02,5.05,4.9,4.92,3.6471,82660100
2020-05-04,4.88,4.97,4.77,4.86,3.6026,84214700
2020-05-05,4.99,5.09,4.94,4.97,3.6842,96301300
2020-05-06,5.05,5.09,4.82,4.87,3.61,89390400
2020-05-07,4.9,4.98,4.85,4.87,3.61,67222900
2020-05-08,4.96,5.25,4.95,5.24,3.8843,101207100
2020-05-11,5.18,5.19,5.05,5.12,3.7953,75734000
2020-05-12,5.15,5.22,4.97,4.98,3.6916,70965200
2020-05-13,5.0,5.01,4.66,4.72,3.4988,100192300
2020-05-14,4.64,4.92,4.52,4.89,3.6248,108061100
2020-05-15,4.8,4.94,4.75,4.9,3.6323,80544700
2020-05-18,5.12,5.33,5.12,5.31,3.9362,136157700
2020-05-19,5.27,5.45,5.15,5.3,3.9288,94836300
2020-05-20,5.38,5.54,5.37,5.49,4.0696,87685400
2020-05-21,5.45,5.69,5.44,5.63,4.1734,87098200
2020-05-22,5.68,5.73,5.5,5.65,4.1882,76656500
2020-05-26,5.92,5.99,5.82,5.84,4.3291,86046300
2020-05-27,6.01,6.09,5.84,6.03,4.4699,110413900
2020-05-28,6.05,6.07,5.81,5.85,4.3365,76930200
2020-05-29,5.75,5.8,5.57,5.71,4.2327,92936300
2020-06-01,5.73,5.88,5.67,5.87,4.3513,61879700
2020-06-02,5.96,6.0,5.83,5.9,4.3735,80046000
2020-06-03,5.99,6.27,5.92,6.19,4.5885,98876600
2020-06-04,6.2,6.58,6.12,6.57,4.8702,115798600
2020-06-05,7.24,7.5,7.02,7.34,5.441,208648200
2020-06-08,7.53,7.74,7.37,7.53,5.5818,113169300
2020-06-09,7.22,7.44,7.05,7.24,5.3669,115749600
2020-06-10,7.33,7.34,6.77,6.81,5.0481,147327100
2020-06-11,6.07,6.46,6.04,6.13,4.544,116184700
2020-06-12,6.56,6.63,6.3,6.46,4.7887,88778000
2020-06-15,6.18,6.58,6.11,6.5,4.8183,104742600
2020-06-16,6.87,6.87,6.44,6.55,4.8554,109535200
2020-06-17,6.56,6.56,6.31,6.33,4.6923,67831400
2020-06-18,6.26,6.45,6.19,6.33,4.6923,61301800
2020-06-19,6.64,6.69,6.23,6.23,4.6182,126127800
2020-06-22,6.27,6.28,6.13,6.28,4.6552,71724300
2020-06-23,6.33,6.38,6.14,6.15,4.5589,86672800
2020-06-24,6.06,6.12,5.86,5.95,4.4106,75536300
2020-06-25,5.86,6.05,5.8,6.03,4.4699,73612700
2020-06-26,6.04,6.07,5.81,5.91,4.381,118435400
2020-06-29,5.91,6.07,5.81,6.01,4.4551,58208400
2020-06-30,5.98,6.1,5.9,6.08,4.507,61909300
2020-07-01,6.1,6.18,5.95,5.98,4.4328,62454700
2020-07-02,6.1,6.17,6.0,6.05,4.4847,67270500
2020-07-06,6.14,6.2,6.11,6.19,4.5885,63921800
2020-07-07,6.14,6.2,6.09,6.12,4.5366,56652000
2020-07-08,6.13,6.18,6.05,6.09,4.5144,60928600
2020-07-09,6.09,6.1,5.82,5.84,4.3291,82693000
2020-07-10,5.8,6.1,5.74,6.1,4.5218,73710700
2020-07-13,6.15,6.22,6.05,6.06,4.4921,80190700
2020-07-14,6.18,6.39,6.08,6.36,4.7145,106131800
2020-07-15,6.54,6.78,6.52,6.74,4.9962,101648700
2020-07-16,6.66,6.9,6.63,6.86,5.0852,93498500
2020-07-17,6.9,6.91,6.73,6.8,5.0407,80769000
2020-07-20,6.8,6.85,6.58,6.66,4.9369,71361700
2020-07-21,6.71,6.81,6.64,6.68,4.9517,63285100
2020-07-22,6.64,6.88,6.61,6.84,5.0703,75629600
2020-07-23,6.87,7.06,6.8,6.98,5.1741,88652600
2020-07-24,6.9,7.01,6.86,6.88,5.1,62292000
2020-07-27,6.92,6.94,6.77,6.93,5.1371,60370200
2020-07-28,6.9,7.05,6.9,7.01,5.1964,56312500
2020-07-29,7.05,7.06,6.83,6.92,5.1296,59437200
2020-07-30,6.74,6.83,6.67,6.74,4.9962,58991000
2020-07-31,6.89,6.9,6.52,6.61,4.8998,115301700
2020-08-03,6.65,6.72,6.53,6.69,4.9591,53845900
2020-08-04,6.91,6.91,6.73,6.86,5.0852,69377600
2020-08-05,6.86,7.03,6.86,6.96,5.1593,81728400
2020-08-06,6.93,7.0,6.89,6.93,5.1371,48668500
2020-08-07,6.87,6.92,6.79,6.86,5.0852,47480100
2020-08-10,6.91,7.13,6.91,7.09,5.2557,57229000
2020-08-11,7.21,7.38,7.19,7.23,5.3594,74016400
2020-08-12,7.33,7.37,7.06,7.11,5.2705,59161400
2020-08-13,7.03,7.18,7.0,7.03,5.2112,50066800
2020-08-14,6.97,7.11,6.93,7.04,5.2186,43517700
2020-08-17,7.05,7.06,6.87,6.98,5.1741,64555200
2020-08-18,6.98,7.01,6.89,6.89,5.1074,40444200
2020-08-19,6.89,7.02,6.86,6.87,5.0926,44158100
2020-08-20,6.77,6.89,6.73,6.84,5.0703,41824500
2020-08-21,6.78,6.85,6.65,6.66,4.9369,39158900
2020-08-24,6.73,7.0,6.69,6.98,5.1741,64974700
2020-08-25,7.01,7.1,6.86,6.94,5.1445,49550000
2020-08-26,6.94,6.97,6.77,6.82,5.0555,48600100
2020-08-27,6.83,6.98,6.83,6.91,5.1222,45740900
2020-08-28,6.93,6.95,6.86,6.94,5.1445,39936900
2020-08-31,6.9,6.93,6.79,6.82,5.0555,50089500
2020-09-01,6.77,6.87,6.72,6.83,5.0629,48189900
2020-09-02,6.81,6.97,6.77,6.95,5.1519,59008900
2020-09-03,6.92,7.09,6.76,6.82,5.0555,78130900
2020-09-04,6.86,6.95,6.75,6.9,5.1148,70017500
2020-09-08,6.83,7.17,6.81,7.03,5.2112,84749300
2020-09-09,7.07,7.1,6.93,6.97,5.1667,56501400
2020-09-10,6.99,7.04,6.87,6.91,5.1222,69228600
2020-09-11,6.94,7.0,6.85,7.0,5.1889,55080600
2020-09-14,7.01,7.18,6.98,7.12,5.2779,58704300
2020-09-15,7.16,7.18,7.0,7.04,5.2186,65198500
2020-09-16,7.05,7.12,6.99,7.02,5.2038,46245800
2020-09-17,7.04,7.34,6.98,7.28,5.3965,84850100
2020-09-18,7.31,7.4,7.22,7.23,5.3594,71929400
2020-09-21,7.09,7.09,6.81,6.87,5.0926,72850300
2020-09-22,6.89,6.99,6.77,6.78,5.0259,55865500
2020-09-23,6.81,6.93,6.63,6.64,4.9221,52588600
2020-09-24,6.6,6.76,6.41,6.66,4.9369,59822900
2020-09-25,6.61,6.71,6.5,6.51,4.8257,53761800
2020-09-28,6.59,6.77,6.58,6.69,4.9591,47582600
2020-09-29,6.69,6.7,6.54,6.6,4.8924,38987300
2020-09-30,6.61,6.75,6.59,6.66,4.9369,55944600
2020-10-01,6.71,6.77,6.63,6.75,5.0036,58340600
2020-10-02,6.62,6.93,6.6,6.89,5.1074,60798400
2020-10-05,6.95,7.05,6.95,7.02,5.2038,42359400
2020-10-06,7.06,7.25,6.96,6.98,5.1741,78203800
2020-10-07,7.11,7.25,7.06,7.23,5.3594,50664100
2020-10-08,7.29,7.35,7.2,7.35,5.4484,54513300
2020-10-09,7.36,7.44,7.23,7.25,5.3743,50977900
2020-10-12,7.36,7.87,7.33,7.67,5.6856,97692900
2020-10-13,7.82,7.88,7.63,7.76,5.7523,74562600
2020-10-14,7.73,7.75,7.55,7.57,5.6115,57752100
2020-10-15,7.42,7.62,7.37,7.62,5.6485,49336200
2020-10-16,7.71,7.75,7.61,7.67,5.6856,47509400
2020-10-19,7.68,7.72,7.57,7.59,5.6263,38960700
2020-10-20,7.62,7.85,7.58,7.74,5.7375,63447000
2020-10-21,7.77,7.88,7.73,7.85,5.819,51981100
2020-10-22,7.93,8.22,7.89,8.21,6.0859,74008500
2020-10-23,8.3,8.35,8.09,8.16,6.0488,62249000
2020-10-26,8.04,8.07,7.94,8.03,5.9525,62131000
2020-10-27,8.01,8.09,7.9,7.92,5.8709,64154500
2020-10-28,7.68,7.88,7.63,7.7,5.7078,82938300
2020-10-29,8.17,8.24,7.85,7.9,5.8561,118999900
2020-10-30,7.85,7.91,7.61,7.73,5.7301,79345600
2020-11-02,7.83,7.86,7.68,7.71,5.7153,59962900
2020-11-03,7.76,7.93,7.73,7.88,5.8413,65108800
2020-11-04,7.86,7.87,7.63,7.64,5.6634,67326800
2020-11-05,7.76,7.99,7.71,7.99,5.9228,61442600
2020-11-06,8.01,8.02,7.75,7.79,5.7746,50912100
2020-11-09,8.11,8.38,8.08,8.2,6.0785,110511300
2020-11-10,8.23,8.59,8.18,8.38,6.2119,87468400
2020-11-11,8.6,8.6,8.29,8.33,6.1748,75644400
2020-11-12,8.26,8.29,8.1,8.21,6.0859,81064900
2020-11-13,8.23,8.57,8.23,8.54,6.3305,79475100
2020-11-16,8.74,8.85,8.61,8.8,6.5232,84853900
2020-11-17,8.66,8.85,8.63,8.75,6.4862,46754500
2020-11-18,8.82,9.05,8.78,8.82,6.5381,77759300
2020-11-19,8.88,8.88,8.74,8.82,6.5381,56672700
2020-11-20,8.81,8.82,8.68,8.74,6.4788,57024300
2020-11-23,8.82,8.98,8.78,8.86,6.5677,71537100
2020-11-24,9.15,9.5,9.14,9.45,7.0051,99520500
2020-11-25,9.2,9.25,9.0,9.08,6.7308,95217800
2020-11-27,9.12,9.14,9.03,9.09,6.7382,27853900
2020-11-30,9.23,9.23,8.98,9.08,6.7308,77970100
2020-12-01,9.16,9.4,9.16,9.24,6.8494,68863000
2020-12-02,9.16,9.24,9.08,9.2,6.8198,48345000
2020-12-03,9.26,9.32,9.15,9.21,6.8272,50302100
2020-12-04,9.26,9.44,9.24,9.34,6.9235,48775500
2020-12-07,9.31,9.33,9.15,9.22,6.8346,58305200
2020-12-08,9.19,9.33,9.17,9.25,6.8568,56296700
2020-12-09,9.31,9.49,9.29,9.45,7.0051,60780300
2020-12-10,9.31,9.32,9.1,9.12,6.7605,83372800
2020-12-11,9.19,9.19,9.01,9.02,6.6863,73438200
2020-12-14,9.13,9.18,8.88,8.91,6.6048,76826000
2020-12-15,9.03,9.15,8.94,9.15,6.7827,69606100
2020-12-16,9.17,9.18,8.97,9.04,6.7012,55274500
2020-12-17,9.09,9.13,9.0,9.08,6.7308,49301600
2020-12-18,9.09,9.09,8.91,8.95,6.6344,78764600
2020-12-21,8.87,9.01,8.79,8.93,6.6196,63908100
2020-12-22,8.98,8.99,8.75,8.79,6.5158,59031200
2020-12-23,8.82,9.03,8.8,8.99,6.6641,54086700
2020-12-24,9.01,9.02,8.8,8.86,6.5677,27927000
2020-12-28,8.92,8.98,8.86,8.89,6.59,38068400
2020-12-29,8.93,8.93,8.78,8.82,6.5381,37537900
2020-12-30,8.83,8.92,8.81,8.86,6.5677,38461900
2020-12-31,8.84,8.86,8.78,8.79,6.5158,40176500
2021-01-04,8.81,8.84,8.43,8.52,6.3157,85043100
2021-01-05,8.47,8.72,8.46,8.65,6.4121,70127800
2021-01-06,8.79,8.94,8.68,8.84,6.5529,72590200
2021-01-07,8.94,9.08,8.88,9.06,6.716,77117100
2021-01-08,9.1,9.14,8.89,9.0,6.6715,59162200
2021-01-11,8.87,9.32,8.82,9.3,6.8939,95968300
2021-01-12,9.3,9.82,9.29,9.78,7.2497,124808500
2021-01-13,9.91,9.92,9.64,9.78,7.2497,89549300
2021-01-14,9.81,10.2,9.79,10.17,7.5388,112695300
2021-01-15,10.04,10.05,9.82,9.83,7.2868,99985000
2021-01-19,10.06,10.21,9.97,10.02,7.4276,78732800
2021-01-20,10.23,10.87,10.19,10.86,8.0503,125033200
2021-01-21,11.28,12.15,11.12,11.53,8.5469,282394100
2021-01-22,11.66,11.69,11.34,11.52,8.5395,130866600
2021-01-25,11.49,11.52,10.88,11.29,8.369,118954500
2021-01-26,11.31,11.53,11.12,11.19,8.2949,66267500
2021-01-27,11.02,11.17,10.7,10.79,7.9984,82863000
2021-01-28,10.84,11.05,10.71,10.72,7.9465,77388700
2021-01-29,10.59,10.84,10.45,10.53,7.8057,73925800
2021-02-01,10.65,11.44,10.36,10.83,8.028,157114400
2021-02-02,11.14,11.2,10.71,10.86,8.0503,80440700
2021-02-03,10.92,11.36,10.84,11.2,8.3023,82968600
2021-02-04,11.4,11.62,11.17,11.37,8.4283,106845000
2021-02-05,11.8,11.9,11.3,11.51,8.5321,113402100
2021-02-08,11.52,11.58,11.31,11.56,8.5692,75756700
2021-02-09,11.54,12.04,11.49,11.93,8.8434,102250800
2021-02-10,12.0,12.02,11.53,11.76,8.7174,76282500
2021-02-11,11.66,11.74,11.31,11.45,8.4876,55762900
2021-02-12,11.42,11.62,11.37,11.45,8.4876,44401200
2021-02-16,11.5,11.7,11.38,11.54,8.5543,48392100
2021-02-17,11.61,11.61,11.37,11.48,8.5099,49554000
2021-02-18,11.37,11.48,11.3,11.43,8.4728,37777100
2021-02-19,11.52,11.59,11.46,11.58,8.584,48615600
2021-02-22,11.52,11.94,11.5,11.7,8.673,62183000
2021-02-23,11.59,11.65,11.13,11.62,8.6137,72904500
2021-02-24,11.67,12.4,11.64,12.27,9.0955,95152800
2021-02-25,12.22,12.4,11.72,11.76,8.7174,75249400
2021-02-26,11.89,11.98,11.54,11.7,8.673,69614500
2021-03-01,11.87,12.08,11.78,11.98,8.8805,43172800
2021-03-02,12.04,12.8,11.94,12.55,9.303,104789000
2021-03-03,12.61,12.61,12.14,12.17,9.0214,80169700
2021-03-04,12.24,12.46,11.63,11.93,8.8434,88339600
2021-03-05,12.06,12.29,11.67,12.27,9.0955,79345700
2021-03-08,12.39,12.88,12.3,12.65,9.3772,86129700
2021-03-09,12.76,12.76,12.38,12.57,9.3179,61568700
2021-03-10,12.72,12.98,12.62,12.91,9.5699,62111200
2021-03-11,12.94,13.06,12.75,12.81,9.4958,56536500
2021-03-12,12.78,13.43,12.77,13.37,9.9109,87160100
2021-03-15,13.39,13.62,13.05,13.2,9.7849,64476000
2021-03-16,13.06,13.15,12.43,12.49,9.2586,125425300
2021-03-17,12.34,12.7,12.22,12.69,9.4068,109324400
2021-03-18,12.7,13.01,12.44,12.49,9.2586,76733300
2021-03-19,12.85,12.95,12.55,12.83,9.5106,90885200
2021-03-22,12.85,12.93,12.51,12.85,9.5254,81362100
2021-03-23,12.57,12.68,12.12,12.21,9.051,73020200
2021-03-24,12.36,12.53,12.12,12.14,8.9991,54534400
2021-03-25,11.94,12.35,11.72,12.32,9.1325,54201800
2021-03-26,12.43,12.49,12.06,12.3,9.1177,49239800
2021-03-29,12.2,12.36,12.07,12.15,9.0065,44747900
2021-03-30,12.16,12.48,12.11,12.46,9.2363,49762300
2021-03-31,12.46,12.54,12.21,12.25,9.0807,60456900
2021-04-01,12.28,12.29,12.02,12.17,9.0214,61907500
2021-04-05,12.39,12.78,12.33,12.7,9.4142,82332700
2021-04-06,12.7,12.99,12.64,12.92,9.5773,67499400
2021-04-07,12.87,12.93,12.66,12.73,9.4365,42264000
2021-04-08,12.67,12.76,12.43,12.51,9.2734,52622000
2021-04-09,12.49,12.62,12.39,12.51,9.2734,40555400
2021-04-12,12.5,12.55,12.32,12.38,9.177,40422800
2021-04-13,12.39,12.45,12.1,12.2,9.0436,51556000
2021-04-14,12.2,12.49,12.2,12.24,9.0732,49877500
2021-04-15,12.3,12.32,12.13,12.24,9.0732,38209300
2021-04-16,12.32,12.36,12.19,12.23,9.0658,33132900
2021-04-19,12.22,12.25,12.02,12.11,8.9769,39063500
2021-04-20,12.06,12.06,11.35,11.45,8.4876,83170800
2021-04-21,11.36,11.74,11.18,11.73,8.6952,49641100
2021-04-22,12.06,12.15,11.83,11.94,8.8509,73064400
2021-04-23,11.97,12.24,11.87,12.22,9.0584,51833300
2021-04-26,12.28,12.44,12.23,12.27,9.0955,40863800
2021-04-27,12.29,12.5,12.27,12.49,9.2586,42037800
2021-04-28,12.6,12.6,12.39,12.43,9.2141,68023400
2021-04-29,11.91,11.91,11.14,11.26,8.3468,230430600
2021-04-30,11.36,11.54,11.33,11.54,8.5543,90786500
2021-05-03,11.56,11.68,11.43,11.63,8.6211,61987300
2021-05-04,11.53,11.55,11.23,11.41,8.458,71007700
2021-05-05,11.5,11.64,11.4,11.61,8.6062,64495500
2021-05-06,11.55,11.76,11.48,11.74,8.7026,50032800
2021-05-07,11.65,11.83,11.52,11.82,8.7619,41525800
2021-05-10,11.78,11.93,11.7,11.71,8.6804,51703500
2021-05-11,11.45,11.76,11.42,11.58,8.584,56882600
2021-05-12,11.54,11.68,11.28,11.33,8.3987,55663100
2021-05-13,11.36,11.68,11.35,11.55,8.5618,56598500
2021-05-14,11.65,11.87,11.62,11.84,8.7767,48619200
2021-05-17,11.82,12.18,11.79,12.15,9.0065,52201700
2021-05-18,12.29,12.53,12.13,12.14,8.9991,72472900
2021-05-19,12.03,12.21,11.85,12.11,8.9769,70220800
2021-05-20,12.52,12.69,12.3,12.49,9.2586,106243900
2021-05-21,12.7,13.47,12.57,13.33,9.8812,200958600
2021-05-24,13.38,13.38,12.92,13.06,9.6811,111374300
2021-05-25,13.13,13.43,12.8,12.81,9.4958,113383400
2021-05-26,13.16,13.95,13.1,13.9,10.3038,227538700
2021-05-27,14.38,15.05,14.12,14.88,11.0302,278939100
2021-05-28,15.01,15.05,14.41,14.53,10.7708,152105300
2021-06-01,14.72,14.84,14.46,14.81,10.9783,89071000
2021-06-02,14.9,15.02,14.68,14.91,11.0525,77517200
2021-06-03,15.15,16.06,14.99,15.99,11.853,179671400
2021-06-04,16.33,16.45,15.8,15.97,11.8382,151788000
2021-06-07,16.01,16.2,15.65,15.88,11.7715,90915300
2021-06-08,15.76,15.8,15.33,15.63,11.5862,93891100
2021-06-09,15.6,15.62,15.39,15.48,11.475,60079100
2021-06-10,15.59,15.78,15.08,15.11,11.2007,78147500
2021-06-11,15.3,15.43,15.17,15.28,11.3267,50613500
2021-06-14,15.23,15.3,14.82,14.87,11.0228,82666000
2021-06-15,14.91,15.16,14.76,15.0,11.1192,62612700
2021-06-16,15.1,15.29,14.88,15.02,11.134,69112900
2021-06-17,15.3,15.4,14.58,14.77,10.9487,126653100
2021-06-18,14.54,14.77,14.44,14.52,10.7634,76319700
2021-06-21,14.63,14.9,14.55,14.78,10.9561,63385000
2021-06-22,15.02,15.11,14.82,14.91,11.0525,65545900
2021-06-23,15.14,15.53,15.03,15.42,11.4305,94985700
2021-06-24,15.54,15.55,15.15,15.26,11.3119,79859800
2021-06-25,15.24,15.52,15.18,15.19,11.26,111760500
2021-06-28,15.2,15.21,14.83,14.96,11.0895,79477400
2021-06-29,15.05,15.2,14.88,15.01,11.1266,68208200
2021-06-30,14.95,15.11,14.81,14.86,11.0154,72213500
2021-07-01,14.91,14.97,14.84,14.91,11.0525,51112200
2021-07-02,14.96,15.04,14.83,14.93,11.0673,43652000
2021-07-06,14.87,14.88,14.39,14.5,10.7485,73990600
2021-07-07,14.41,14.46,14.02,14.23,10.5484,72992500
2021-07-08,13.96,14.23,13.74,14.06,10.4224,62706800
2021-07-09,14.45,14.58,14.27,14.48,10.7337,65981200
2021-07-12,14.36,14.74,14.24,14.61,10.8301,49205200
2021-07-13,14.5,14.63,14.3,14.42,10.6892,45360600
2021-07-14,14.43,14.63,14.2,14.25,10.5632,39056200
2021-07-15,14.15,14.3,13.94,14.01,10.3853,44952300
2021-07-16,14.12,14.14,13.58,13.61,10.0888,48065200
2021-07-19,13.25,13.32,12.79,13.28,9.8442,99949200
2021-07-20,13.37,13.96,13.28,13.91,10.3112,70731800
2021-07-21,14.05,14.34,14.03,14.19,10.5187,53817500
2021-07-22,14.08,14.14,13.78,13.91,10.3112,40440100
2021-07-23,13.97,14.04,13.73,13.82,10.2445,37927900
2021-07-26,13.9,14.08,13.87,14.03,10.4001,43838000
2021-07-27,13.93,13.96,13.65,13.79,10.2222,41963200
2021-07-28,13.86,13.99,13.57,13.86,10.2741,70653500
2021-07-29,14.51,14.79,14.3,14.39,10.667,111154800
2021-07-30,14.23,14.3,13.87,13.95,10.3408,74955700
2021-08-02,14.02,14.33,13.88,13.91,10.3112,64673700
2021-08-03,13.97,14.08,13.64,14.02,10.3927,53257700
2021-08-04,13.85,13.93,13.3,13.32,9.8738,81502700
2021-08-05,13.54,13.82,13.45,13.71,10.1629,60524400
2021-08-06,13.82,13.91,13.73,13.8,10.2296,44450600
2021-08-09,13.72,13.82,13.55,13.75,10.1926,38760400
2021-08-10,13.77,13.91,13.66,13.82,10.2445,32120800
2021-08-11,13.86,13.95,13.67,13.93,10.326,42795600
2021-08-12,13.92,14.05,13.79,13.9,10.3038,38547900
2021-08-13,13.88,13.95,13.54,13.59,10.074,45118500
2021-08-16,13.5,13.56,13.32,13.46,9.9776,38664300
2021-08-17,13.32,13.33,12.81,12.99,9.6292,74625300
2021-08-18,12.95,13.21,12.9,13.0,9.6366,50966700
2021-08-19,12.8,12.92,12.57,12.67,9.392,69038800
2021-08-20,12.61,12.67,12.38,12.57,9.3179,53615600
2021-08-23,12.71,12.85,12.47,12.73,9.4365,64573600
2021-08-24,12.81,13.14,12.76,13.08,9.6959,53672500
2021-08-25,13.12,13.28,13.02,13.17,9.7626,51195500
2021-08-26,13.11,13.13,12.81,12.9,9.5625,57559800
2021-08-27,12.89,13.37,12.87,13.31,9.8664,57587300
2021-08-30,13.35,13.37,13.03,13.05,9.6737,42720100
2021-08-31,13.02,13.14,12.93,13.03,9.6589,42212700
2021-09-01,13.03,13.22,12.9,13.11,9.7182,58875700
2021-09-02,13.09,13.21,12.97,13.01,9.644,49053200
2021-09-03,12.99,13.05,12.87,12.89,9.5551,41616700
2021-09-07,12.83,13.04,12.81,12.95,9.5996,64008900
2021-09-08,12.97,13.22,12.91,13.03,9.6589,57980900
2021-09-09,12.95,12.95,12.72,12.76,9.4587,68806400
2021-09-10,12.84,12.93,12.66,12.68,9.3994,48792500
2021-09-13,12.76,12.99,12.62,12.99,9.6292,62270800
2021-09-14,12.93,13.06,12.79,12.86,9.5328,47640800
2021-09-15,12.89,13.25,12.81,13.22,9.7997,60282100
2021-09-16,13.18,13.53,13.1,13.4,9.9331,76426100
2021-09-17,13.41,13.7,13.39,13.55,10.0443,76182400
2021-09-20,13.07,13.19,12.63,12.82,9.5032,126152200
2021-09-21,12.89,12.97,12.66,12.77,9.4661,60473100
2021-09-22,12.92,13.39,12.91,13.23,9.8071,75784000
2021-09-23,13.35,13.74,13.32,13.71,10.1629,68708100
2021-09-24,13.66,13.94,13.64,13.78,10.2148,57440200
2021-09-27,13.89,14.29,13.88,14.16,10.4965,68769700
2021-09-28,14.63,14.73,14.23,14.31,10.6077,107090900
2021-09-29,14.46,14.5,14.17,14.3,10.6003,56805500
2021-09-30,14.26,14.32,14.09,14.16,10.4965,78820500
2021-10-01,14.26,14.37,14.01,14.16,10.4965,51880900
2021-10-04,14.27,14.79,14.22,14.35,10.6373,78332500
2021-10-05,14.44,14.44,14.11,14.29,10.5929,55915800
2021-10-06,14.14,14.34,13.89,14.12,10.4668,61020300
2021-10-07,14.34,14.95,14.31,14.89,11.0376,96557500
2021-10-08,14.92,15.49,14.85,15.12,11.2081,99468900
2021-10-11,15.2,15.36,14.97,15.09,11.1859,45302300
2021-10-12,15.11,15.68,15.01,15.64,11.5936,89134000
2021-10-13,15.59,15.69,15.27,15.51,11.4972,63363500
2021-10-14,15.62,15.62,15.37,15.45,11.4527,50875100
2021-10-15,15.54,16.03,15.54,15.7,11.6381,77211800
2021-10-18,15.57,15.65,15.49,15.56,11.5343,48643800
2021-10-19,15.6,15.69,15.37,15.42,11.4305,44668300
2021-10-20,15.43,16.16,15.37,16.04,11.8901,105213700
2021-10-21,16.16,16.7,16.13,16.55,12.2682,95855000
2021-10-22,16.42,16.54,16.23,16.28,12.068,60646800
2021-10-25,16.4,16.5,15.81,16.0,11.8605,67808000
2021-10-26,16.09,16.22,15.7,15.94,11.816,64882300
2021-10-27,15.79,15.92,15.5,15.51,11.4972,96094300
2021-10-28,16.86,17.58,16.71,16.86,12.4979,215237600
2021-10-29,16.86,17.36,16.55,17.08,12.661,100560700
2021-11-01,17.5,17.97,17.07,17.95,13.3059,125246500
2021-11-02,18.15,18.19,17.73,18.01,13.3504,115146200
2021-11-03,17.92,18.83,17.88,18.63,13.81,104755500
2021-11-04,18.92,19.5,18.72,19.42,14.3956,157505500
2021-11-05,19.71,19.72,18.99,19.29,14.2993,122232200
2021-11-08,19.4,20.42,19.24,20.15,14.9367,153490400
2021-11-09,20.51,20.51,19.41,20.12,14.9145,164928500
2021-11-10,19.88,20.47,19.06,19.36,14.3511,229109600
2021-11-11,19.64,19.84,19.26,19.55,14.492,96436500
2021-11-12,19.38,19.62,19.21,19.5,14.4549,77837900
2021-11-15,19.46,19.95,19.14,19.86,14.7218,84838600
2021-11-16,19.9,20.06,19.53,19.79,14.6699,66557200
2021-11-17,19.74,20.01,19.44,19.96,14.7959,80855200
2021-11-18,20.16,20.26,19.36,19.56,14.5724,111368800
2021-11-19,19.64,19.67,19.24,19.39,14.4458,64610400
2021-11-22,19.39,20.79,19.31,20.48,15.2578,137861700
2021-11-23,20.43,20.53,19.97,20.2,15.0492,90984500
2021-11-24,19.97,20.34,19.78,20.25,15.0865,77324300
2021-11-26,19.66,19.84,19.47,19.75,14.714,49434000
2021-11-29,20.07,20.19,19.49,19.67,14.6544,68778700
2021-11-30,19.62,19.95,19.03,19.19,14.2968,103238400
2021-12-01,19.63,20.47,19.53,19.58,14.5873,125295600
2021-12-02,19.5,20.11,19.28,19.87,14.8034,94142300
2021-12-03,20.37,20.4,18.93,19.14,14.2595,120275200
2021-12-06,19.23,19.49,18.61,19.22,14.3191,88147400
2021-12-07,19.65,20.06,19.52,19.96,14.8704,75885600
2021-12-08,20.18,20.19,19.75,19.81,14.7587,63246800
2021-12-09,19.76,19.93,19.54,19.57,14.5799,63357600
2021-12-10,19.77,21.49,19.76,21.45,15.9805,169657200
2021-12-13,21.24,21.3,20.13,20.43,15.2206,126632300
2021-12-14,19.8,20.18,19.38,20.05,14.9375,124559700
2021-12-15,19.99,20.33,19.55,20.19,15.0418,79679700
2021-12-16,20.57,21.1,20.26,20.35,15.161,107020900
2021-12-17,20.03,20.24,19.6,19.77,14.7289,98710700
2021-12-20,19.46,19.62,19.05,19.42,14.4681,74565600
2021-12-21,19.75,19.79,19.33,19.61,14.6097,58930900
2021-12-22,19.64,20.34,19.64,20.14,15.0045,75806400
2021-12-23,20.08,20.41,20.0,20.25,15.0865,50610500
2021-12-27,20.26,20.89,20.1,20.8,15.4962,59651800
2021-12-28,20.66,21.06,20.59,20.76,15.4664,53020500
2021-12-29,20.71,20.77,20.45,20.56,15.3174,37883000
2021-12-30,20.59,20.96,20.47,20.47,15.2504,51470100
2021-12-31,20.46,21.01,20.46,20.77,15.4739,51899600
2022-01-03,21.27,21.88,21.06,21.77,16.2189,110449000
2022-01-04,22.52,24.56,22.42,24.31,18.1112,311645200
2022-01-05,24.06,24.95,23.47,23.66,17.6269,253540000
2022-01-06,24.09,24.62,23.36,24.46,18.223,155058800
2022-01-07,24.67,24.91,24.04,24.44,18.2081,127017500
2022-01-10,24.1,24.44,23.35,23.85,17.7685,122800700
2022-01-11,23.78,24.35,23.28,24.35,18.141,106011600
2022-01-12,24.61,24.84,24.01,24.47,18.2304,104050000
2022-01-13,24.64,25.87,24.37,25.02,18.6402,185780500
2022-01-14,24.47,25.28,24.3,25.19,18.7668,146012200
2022-01-18,24.87,25.13,24.3,24.38,18.1634,110518100
2022-01-19,24.65,24.92,22.41,22.45,16.7255,153198200
2022-01-20,21.88,22.88,21.57,21.65,16.1295,152014100
2022-01-21,21.21,21.5,20.54,20.65,15.3845,145532900
2022-01-24,19.93,20.47,18.8,20.39,15.1908,186674000
2022-01-25,20.0,20.31,19.56,19.98,14.8853,116775800
2022-01-26,21.01,21.04,19.57,19.91,14.8332,135786400
2022-01-27,20.31,20.65,19.41,19.55,14.565,105674400
2022-01-28,19.32,19.55,18.92,19.54,14.6324,87677100
2022-01-31,19.58,20.33,19.37,20.3,15.2015,91361900
2022-02-01,20.61,20.85,19.92,20.66,15.4711,117651800
2022-02-02,20.81,21.05,20.18,20.63,15.4486,95377600
2022-02-03,20.17,20.62,19.87,19.89,14.8944,103016000
2022-02-04,18.52,18.59,17.52,17.96,13.4492,211100500
2022-02-07,17.73,18.12,17.7,17.89,13.3968,84610000
2022-02-08,17.58,17.91,17.02,17.72,13.2695,142694300
2022-02-09,18.27,18.43,18.03,18.35,13.7412,87118600
2022-02-10,17.97,18.63,17.92,18.08,13.539,76195300
2022-02-11,18.1,18.36,17.42,17.55,13.1422,94534100
2022-02-14,17.51,17.73,17.29,17.46,13.0748,78625000
2022-02-15,17.8,18.13,17.72,18.08,13.539,65883300
2022-02-16,17.89,18.21,17.74,18.01,13.4866,57442100
2022-02-17,17.86,17.94,17.5,17.54,13.1347,55368600
2022-02-18,17.6,18.48,17.57,18.04,13.5091,106404200
2022-02-22,17.67,17.76,17.07,17.29,12.9475,98550700
2022-02-23,17.5,17.73,16.88,16.95,12.6929,79855400
2022-02-24,15.99,17.19,15.96,17.15,12.8426,110443900
2022-02-25,17.25,17.9,17.12,17.83,13.3518,78888000
2022-02-28,17.34,17.68,17.21,17.56,13.1496,82367800
2022-03-01,17.41,17.41,16.45,16.7,12.5056,94819500
2022-03-02,17.5,18.25,17.3,18.1,13.554,138638200
2022-03-03,18.25,18.25,17.44,17.6,13.1796,95395500
2022-03-04,17.35,17.39,16.64,16.85,12.618,91304000
2022-03-07,16.84,16.9,15.97,15.97,11.959,87999200
2022-03-08,16.06,16.72,15.77,16.03,12.0039,101020300
2022-03-09,16.65,16.83,16.28,16.37,12.2585,62846700
2022-03-10,16.11,16.41,15.76,16.33,12.2286,72992600
2022-03-11,16.4,16.48,16.01,16.04,12.0114,54985900
2022-03-14,16.09,16.23,15.51,15.74,11.7868,66341700
2022-03-15,15.77,16.14,15.53,16.06,12.0264,65263700
2022-03-16,16.47,16.63,16.06,16.58,12.4158,82677600
2022-03-17,16.23,16.58,16.16,16.58,12.4158,58500200
2022-03-18,16.42,16.9,16.28,16.86,12.6255,89144000
2022-03-21,16.87,17.11,16.33,16.48,12.3409,72583600
2022-03-22,16.72,17.31,16.7,17.09,12.7977,77647100
2022-03-23,16.82,17.05,16.57,16.68,12.4907,63296800
2022-03-24,16.74,16.98,16.64,16.83,12.603,56314200
2022-03-25,16.74,16.78,16.34,16.47,12.3334,62023100
2022-03-28,16.55,16.68,16.28,16.67,12.4832,54634400
2022-03-29,17.01,17.8,17.01,17.75,13.2919,90676900
2022-03-30,17.52,17.66,17.2,17.27,12.9325,57853400
2022-03-31,17.2,17.35,16.5,16.91,12.6629,52529400
2022-04-01,17.01,17.15,16.34,16.65,12.4682,64695700
2022-04-04,16.66,16.73,16.36,16.66,12.4757,51146500
2022-04-05,16.46,16.62,15.81,15.82,11.8467,91708000
2022-04-06,15.6,15.8,15.18,15.39,11.5247,102881600
2022-04-07,15.07,15.21,14.56,14.96,11.2027,101229100
2022-04-08,14.94,15.44,14.81,15.05,11.2701,75085800
2022-04-11,14.89,15.77,14.89,15.28,11.4423,66117100
2022-04-12,15.5,15.72,15.28,15.36,11.5022,49138700
2022-04-13,15.31,15.55,15.22,15.51,11.6145,51871800
2022-04-14,15.5,15.76,15.46,15.48,11.5921,39312900
2022-04-18,15.37,15.79,15.37,15.67,11.7343,40205800
2022-04-19,15.74,16.23,15.74,16.15,12.0938,55398300
2022-04-20,16.23,16.55,16.01,16.05,12.0189,47351500
2022-04-21,16.48,16.57,15.61,15.7,11.7568,49898500
2022-04-22,15.55,15.64,15.0,15.13,11.33,56193700
2022-04-25,14.91,15.2,14.62,15.19,11.4506,58361400
2022-04-26,15.1,15.14,14.67,14.71,11.0887,60345300
2022-04-27,14.79,15.1,14.6,14.85,11.1943,65847900
2022-04-28,14.91,14.99,13.9,14.62,11.0209,131556500
2022-04-29,14.59,14.97,14.1,14.16,10.6741,83184900
2022-05-02,14.02,14.29,13.82,14.27,10.7571,64734000
2022-05-03,14.31,14.75,14.2,14.56,10.9757,55734200
2022-05-04,14.51,15.0,14.26,14.98,11.2923,59774900
2022-05-05,14.82,14.82,14.34,14.53,10.9531,57889200
2022-05-06,14.46,14.6,14.0,14.21,10.7118,66622200
2022-05-09,13.85,14.17,13.31,13.37,10.0786,71242000
2022-05-10,13.8,13.84,13.02,13.35,10.0635,75506700
2022-05-11,13.2,13.62,12.79,12.83,9.6716,71644900
2022-05-12,12.21,12.8,12.15,12.44,9.3776,113203900
2022-05-13,12.88,13.63,12.87,13.5,10.1766,78944200
2022-05-16,13.49,13.52,12.98,13.05,9.8374,65055400
2022-05-17,13.34,13.53,13.16,13.53,10.1992,50891400
2022-05-18,13.25,13.36,12.71,12.78,9.6339,68362500
2022-05-19,12.64,13.12,12.63,12.85,9.6866,58459600
2022-05-20,13.05,13.12,12.07,12.5,9.4228,78183400
2022-05-23,12.64,12.95,12.5,12.83,9.6716,51929600
2022-05-24,12.6,12.68,12.27,12.42,9.3625,51082800
2022-05-25,12.33,12.81,12.32,12.71,9.5811,41193100
2022-05-26,12.8,13.2,12.79,13.12,9.8902,45709200
2022-05-27,13.26,13.63,13.24,13.63,10.2746,54195700
2022-05-31,13.68,13.82,13.35,13.68,10.3123,79689900
2022-06-01,13.88,13.97,13.4,13.55,10.2143,50726200
2022-06-02,13.64,13.96,13.6,13.89,10.4706,42979700
2022-06-03,13.63,13.78,13.36,13.5,10.1766,43625200
2022-06-06,13.74,13.74,13.38,13.46,10.1465,37711100
2022-06-07,13.26,13.77,13.19,13.74,10.3575,38940300
2022-06-08,13.63,13.85,13.44,13.53,10.1992,39441900
2022-06-09,13.51,13.59,13.28,13.28,10.0108,30468000
2022-06-10,13.0,13.21,12.63,12.75,9.6112,55644400
2022-06-13,12.3,12.38,11.74,11.81,8.9027,80676300
2022-06-14,11.99,12.42,11.91,12.2,9.1966,82369300
2022-06-15,12.22,12.42,12.0,12.27,9.2494,70393200
2022-06-16,11.8,11.91,11.12,11.25,8.4805,80380100
2022-06-17,11.24,11.44,10.9,11.23,8.4654,80248800
2022-06-21,11.55,11.66,11.35,11.46,8.6388,66283400
2022-06-22,11.26,11.68,11.21,11.48,8.6539,46098900
2022-06-23,11.5,11.58,11.25,11.56,8.7142,53655000
2022-06-24,11.65,12.12,11.57,12.01,9.0534,55457600
2022-06-27,12.12,12.18,11.9,12.04,9.076,44009900
2022-06-28,12.14,12.44,11.8,11.81,8.9027,45866900
2022-06-29,11.74,11.76,11.38,11.52,8.684,39474200
2022-06-30,11.24,11.36,10.93,11.13,8.3901,59238200
2022-07-01,11.1,11.5,10.99,11.32,8.5333,54356000
2022-07-05,11.05,11.21,10.61,11.2,8.4428,87269800
2022-07-06,11.15,11.27,10.84,11.06,8.3373,71282900
2022-07-07,11.33,11.72,11.33,11.65,8.782,63000400
2022-07-08,11.65,11.78,11.48,11.62,8.7594,55235600
2022-07-11,11.54,11.66,11.27,11.29,8.5107,48833600
2022-07-12,11.29,11.72,11.27,11.56,8.7142,58414500
2022-07-13,11.31,11.58,11.17,11.51,8.6765,48274300
2022-07-14,11.22,11.4,11.14,11.39,8.586,48176300
2022-07-15,11.58,11.9,11.49,11.88,8.9554,49306900
2022-07-18,12.15,12.25,11.9,11.96,9.0157,45873400
2022-07-19,12.22,12.69,12.21,12.59,9.4906,62650800
2022-07-20,12.6,12.82,12.51,12.73,9.5962,51932200
2022-07-21,12.88,13.0,12.63,13.0,9.7997,66949200
2022-07-22,13.1,13.14,12.72,12.82,9.664,46724700
2022-07-25,12.85,12.99,12.6,12.84,9.6791,36830500
2022-07-26,12.68,12.76,12.46,12.54,9.4529,49272300
2022-07-27,12.75,13.19,12.63,13.19,9.9429,64572300
2022-07-28,13.94,14.09,13.38,14.0,10.5535,144096500
2022-07-29,14.11,14.79,14.01,14.69,11.0737,94551600
2022-08-01,14.66,15.43,14.55,15.34,11.5636,109521700
2022-08-02,15.2,15.45,15.12,15.16,11.428,74626800
2022-08-03,15.48,16.15,15.46,15.69,11.8275,95846000
2022-08-04,15.65,15.67,15.31,15.37,11.5863,85039800
2022-08-05,15.23,15.47,15.13,15.3,11.5335,68093500
2022-08-08,15.57,16.04,15.55,15.78,11.8953,75988100
2022-08-09,15.66,15.7,15.15,15.19,11.4506,67676800
2022-08-10,15.47,15.58,15.23,15.5,11.8008,71607000
2022-08-11,15.8,15.92,15.61,15.83,12.052,61567000
2022-08-12,15.95,16.22,15.84,16.18,12.3185,53182500
2022-08-15,16.0,16.45,15.94,16.32,12.4251,51779600
2022-08-16,16.3,16.68,16.26,16.43,12.5088,54028900
2022-08-17,16.16,16.27,15.9,16.03,12.2043,57118300
2022-08-18,15.99,16.21,15.86,16.15,12.2957,39414200
2022-08-19,15.95,16.14,15.77,15.88,12.0901,48597200
2022-08-22,15.08,15.21,14.91,15.08,11.481,71321800
2022-08-23,15.09,15.42,15.09,15.32,11.6637,51289000
2022-08-24,15.32,15.66,15.24,15.52,11.816,39508700
2022-08-25,15.6,16.04,15.58,15.93,12.1282,56401300
2022-08-26,16.01,16.09,15.41,15.41,11.7323,54517300
2022-08-29,15.2,15.71,15.19,15.57,11.8541,50416500
2022-08-30,15.7,15.8,15.17,15.45,11.7627,66034400
2022-08-31,15.52,15.52,15.24,15.24,11.6028,52058200
2022-09-01,15.1,15.22,14.78,15.19,11.5648,65299800
2022-09-02,15.53,15.57,15.06,15.16,11.5419,64565400
2022-09-06,15.22,15.24,14.84,15.03,11.443,58676700
2022-09-07,14.91,15.49,14.79,15.43,11.7475,55087200
2022-09-08,15.16,15.48,15.02,15.47,11.778,60075900
2022-09-09,15.6,15.7,15.32,15.42,11.7399,63328600
2022-09-12,15.55,15.74,15.45,15.54,11.8312,52656500
2022-09-13,15.0,15.13,14.7,14.74,11.2222,80842500
2022-09-14,14.76,14.85,14.45,14.66,11.1613,59571800
2022-09-15,14.69,15.21,14.68,14.89,11.3364,61377000
2022-09-16,14.62,14.74,14.47,14.72,11.2069,68454800
2022-09-19,14.5,14.96,14.49,14.93,11.3668,48696200
2022-09-20,14.09,14.23,13.01,13.09,9.966,196340000
2022-09-21,13.24,13.59,13.05,13.05,9.9355,94271600
2022-09-22,13.12,13.24,12.75,12.77,9.7223,82004400
2022-09-23,12.33,12.44,11.95,12.31,9.3721,104043700
2022-09-26,12.21,12.38,11.93,11.99,9.1285,89300400
2022-09-27,12.21,12.22,11.66,11.91,9.0676,87044400
2022-09-28,11.91,12.24,11.76,12.18,9.2731,72701600
2022-09-29,11.85,11.88,11.36,11.47,8.7326,84534900
2022-09-30,11.39,11.53,11.19,11.2,8.527,71688200
2022-10-03,11.38,11.59,11.13,11.47,8.7326,66198300
2022-10-04,11.96,12.37,11.94,12.36,9.4102,87629200
2022-10-05,12.38,12.56,12.13,12.51,9.5244,87919100
2022-10-06,12.36,12.63,12.19,12.36,9.4102,64531900
2022-10-07,12.18,12.3,12.0,12.2,9.2884,56494500
2022-10-10,11.47,11.55,11.2,11.36,8.6488,115548900
2022-10-11,11.3,11.87,11.18,11.56,8.8011,75173200
2022-10-12,11.48,11.7,11.35,11.54,8.7859,59628500
2022-10-13,11.24,11.89,11.2,11.77,8.961,70487400
2022-10-14,11.8,11.85,11.56,11.67,8.8849,55127700
2022-10-17,11.98,11.99,11.66,11.83,9.0067,59561700
2022-10-18,12.22,12.25,11.91,12.03,9.1589,53603400
2022-10-19,11.91,12.14,11.86,12.13,9.2351,54130000
2022-10-20,12.13,12.2,11.73,11.77,8.961,55568100
2022-10-21,11.74,12.25,11.68,12.19,9.2808,55132700
2022-10-24,12.3,12.65,12.18,12.48,9.5015,64717700
2022-10-25,12.58,13.03,12.46,12.83,9.768,66391600
2022-10-26,12.8,13.06,12.52,12.82,9.7604,86833600
2022-10-27,12.77,13.22,12.42,13.0,9.8974,88421500
2022-10-28,13.0,13.31,12.97,13.26,10.0954,55777900
2022-10-31,13.15,13.51,13.14,13.37,10.1791,54676700
2022-11-01,13.57,13.65,13.16,13.4,10.202,47454700
2022-11-02,13.22,13.67,13.06,13.06,9.9431,73673500
2022-11-03,12.81,13.46,12.77,13.26,10.0954,58782600
2022-11-04,13.57,13.77,13.27,13.51,10.2857,61489100
2022-11-07,13.61,13.76,13.37,13.7,10.4304,48176900
2022-11-08,13.78,13.8,13.51,13.72,10.4456,52731900
2022-11-09,13.57,13.7,13.28,13.31,10.1335,74199200
2022-11-10,13.69,14.36,13.67,14.18,10.7958,75638500
2022-11-11,14.26,14.67,14.2,14.5,11.0395,60187600
2022-11-14,14.23,14.35,14.06,14.06,10.8164,57691600
2022-11-15,14.29,14.58,14.2,14.3,11.001,61835700
2022-11-16,14.1,14.17,13.84,13.9,10.6933,47484200
2022-11-17,13.66,13.91,13.55,13.91,10.701,54317900
2022-11-18,14.08,14.13,13.82,13.99,10.7625,37101900
2022-11-21,13.86,14.04,13.66,13.95,10.7317,34087100
2022-11-22,14.05,14.15,13.98,14.07,10.824,28738800
2022-11-23,14.0,14.06,13.85,14.03,10.7933,25974200
2022-11-25,13.96,14.11,13.9,14.08,10.8317,12980900
2022-11-28,13.94,13.96,13.7,13.73,10.5625,35249700
2022-11-29,13.85,13.9,13.71,13.75,10.5779,28380800
2022-11-30,13.78,13.95,13.45,13.9,10.6933,61537300
2022-12-01,14.09,14.36,14.0,14.08,10.8317,45335100
2022-12-02,13.84,13.97,13.75,13.86,10.6625,42417400
2022-12-05,13.75,13.77,13.37,13.38,10.2932,39714500
2022-12-06,13.42,13.57,13.06,13.28,10.2163,39996000
2022-12-07,13.2,13.42,13.09,13.1,10.0778,36609800
2022-12-08,13.2,13.26,13.07,13.12,10.0932,32376300
2022-12-09,13.04,13.36,13.04,13.18,10.1394,41553600
2022-12-12,13.2,13.47,13.1,13.46,10.3548,35473800
2022-12-13,13.78,13.92,13.37,13.57,10.4394,57872100
2022-12-14,13.57,13.78,13.36,13.48,10.3702,51199900
2022-12-15,13.23,13.26,12.95,13.03,10.024,55725300
2022-12-16,12.77,12.82,12.08,12.12,9.3239,118345700
2022-12-19,12.12,12.17,11.54,11.69,8.9931,88062500
2022-12-20,11.65,11.68,11.12,11.47,8.8239,82057900
2022-12-21,11.61,11.79,11.55,11.78,9.0624,49256000
2022-12-22,11.54,11.54,11.1,11.31,8.7008,75158700
2022-12-23,11.27,11.4,11.22,11.36,8.7392,38200700
2022-12-27,11.28,11.39,11.13,11.2,8.6162,44837400
2022-12-28,11.18,11.25,10.9,10.95,8.4238,49375400
2022-12-29,11.08,11.55,11.05,11.54,8.8777,53550300
2022-12-30,11.4,11.64,11.39,11.63,8.947,39232200
2023-01-03,11.82,11.92,11.57,11.68,8.9854,45809000
2023-01-04,11.88,12.08,11.74,12.01,9.2393,53429700
2023-01-05,12.11,12.38,11.88,12.25,9.4239,50785600
2023-01-06,12.12,12.59,12.1,12.58,9.6778,53089100
2023-01-09,12.74,12.93,12.55,12.69,9.7624,50865500
2023-01-10,12.68,12.87,12.5,12.84,9.8778,47065500
2023-01-11,12.93,13.26,12.89,13.22,10.1701,51911600
2023-01-12,13.27,13.53,13.11,13.43,10.3317,58113700
2023-01-13,12.63,12.82,12.47,12.72,9.7855,96444000
2023-01-17,12.71,12.85,12.43,12.67,9.747,60774900
2023-01-18,12.79,12.85,12.4,12.41,9.547,48774400
2023-01-19,12.29,12.36,12.04,12.18,9.3701,52918500
2023-01-20,12.21,12.42,12.08,12.4,9.5393,44349200
2023-01-23,12.48,12.91,12.43,12.8,9.847,49688000
2023-01-24,12.68,12.9,12.62,12.74,9.8009,41537400
2023-01-25,12.6,12.85,12.49,12.79,9.8393,37739000
2023-01-26,12.99,13.07,12.71,12.92,9.9394,48970900
2023-01-27,12.88,13.37,12.87,13.27,10.2086,62114600
2023-01-30,13.01,13.2,12.86,12.89,9.9163,64512600
2023-01-31,13.39,13.57,13.25,13.51,10.3932,83093300
2023-02-01,13.52,13.99,13.49,13.79,10.6086,70641000
2023-02-02,14.17,14.6,14.03,14.32,11.0164,102579800
2023-02-03,13.05,13.61,12.78,13.23,10.1778,165500200
2023-02-06,13.16,13.21,12.78,13.14,10.1086,77262800
2023-02-07,13.08,13.51,12.98,13.45,10.3471,70671100
2023-02-08,13.3,13.69,13.3,13.42,10.324,62028400
2023-02-09,13.66,13.93,13.4,13.49,10.3779,78667100
2023-02-10,12.84,12.9,12.51,12.73,10.4106,68205200
2023-02-13,12.71,13.1,12.7,13.09,10.705,64201900
2023-02-14,12.99,13.19,12.82,12.97,10.6068,75352900
2023-02-15,12.75,12.94,12.6,12.93,10.5741,65850000
2023-02-16,12.73,13.14,12.51,12.91,10.5578,64145500
2023-02-17,12.82,12.94,12.65,12.89,10.5414,54401000
2023-02-21,12.72,12.81,12.17,12.2,9.9771,77724200
2023-02-22,12.24,12.31,12.14,12.21,9.9853,52844700
2023-02-23,12.32,12.36,11.88,12.07,9.8708,57952800
2023-02-24,11.82,11.98,11.75,11.88,9.7154,50631600
2023-02-27,11.98,12.42,11.96,12.06,9.8626,60378100
2023-02-28,12.07,12.18,12.01,12.07,9.8708,59796800
2023-03-01,12.35,12.54,12.17,12.32,10.0753,85328800
2023-03-02,12.38,12.55,12.23,12.55,10.2634,78214100
2023-03-03,12.72,13.11,12.65,13.08,10.6968,80080200
2023-03-06,13.08,13.18,12.93,12.98,10.615,50571200
2023-03-07,12.94,12.98,12.78,12.83,10.4923,46540400
2023-03-08,12.78,13.01,12.71,12.98,10.615,46421000
2023-03-09,13.02,13.08,12.44,12.45,10.1816,65423500
2023-03-10,12.43,12.51,12.0,12.1,9.8954,73897400
2023-03-13,11.93,12.31,11.32,12.03,9.8381,119167600
2023-03-14,12.21,12.31,11.77,11.93,9.7563,93844200
2023-03-15,11.5,11.73,11.32,11.71,9.5764,108909300
2023-03-16,11.53,11.89,11.42,11.82,9.6664,74017200
2023-03-17,11.7,11.73,11.12,11.3,9.2411,249885100
2023-03-20,11.33,11.48,11.15,11.18,9.143,74975100
2023-03-21,11.4,11.78,11.38,11.72,9.5846,74794900
2023-03-22,11.76,11.94,11.47,11.48,9.3883,69729100
2023-03-23,11.65,11.78,11.27,11.42,9.3392,74225300
2023-03-24,11.32,11.51,11.18,11.51,9.4129,72425300
2023-03-27,11.63,11.7,11.41,11.52,9.421,55941100
2023-03-28,11.55,11.65,11.46,11.6,9.4865,41385900
2023-03-29,11.78,12.06,11.71,12.05,9.8545,48655400
2023-03-30,12.28,12.39,12.2,12.29,10.0507,57751300
2023-03-31,12.41,12.63,12.39,12.6,10.3043,66868200
2023-04-03,12.53,12.73,12.48,12.68,10.3697,55956300
2023-04-04,12.77,12.85,12.51,12.72,10.4024,54655700
2023-04-05,12.58,12.65,12.22,12.43,10.1652,53332900
2023-04-06,12.42,12.48,12.29,12.33,10.0834,36355800
2023-04-10,12.2,12.72,12.16,12.72,10.4024,61326200
2023-04-11,12.79,13.07,12.79,12.87,10.5251,63633600
2023-04-12,13.06,13.08,12.65,12.67,10.3615,53845500
2023-04-13,12.64,12.64,12.22,12.46,10.1898,75485700
2023-04-14,12.45,12.66,12.42,12.52,10.2388,43542000
2023-04-17,12.5,12.68,12.46,12.68,10.3697,40191100
2023-04-18,12.7,12.76,12.62,12.73,10.4106,38865900
2023-04-19,12.6,12.6,12.17,12.22,9.9935,69451800
2023-04-20,11.81,11.93,11.55,11.87,9.7073,79563100
2023-04-21,11.9,11.92,11.66,11.81,9.6582,46926500
2023-04-24,11.89,12.18,11.88,12.16,9.9444,57794700
2023-04-25,11.97,11.98,11.7,11.77,9.7457,63114700
2023-04-26,11.8,11.86,11.51,11.54,9.5553,58105300
2023-04-27,11.61,11.71,11.44,11.61,9.6132,53280300
2023-04-28,11.59,11.94,11.57,11.88,9.8368,55045000
2023-05-01,12.01,12.29,11.99,12.06,9.9858,59834200
2023-05-02,12.05,12.09,11.66,11.8,9.7705,91090400
2023-05-03,11.74,12.09,11.73,11.79,9.7623,94050700
2023-05-04,11.8,11.83,11.47,11.56,9.5718,79792900
2023-05-05,11.79,12.04,11.72,11.99,9.9279,64173300
2023-05-08,12.02,12.06,11.85,12.02,9.9527,49943800
2023-05-09,11.89,11.93,11.78,11.86,9.8202,42878300
2023-05-10,12.02,12.04,11.73,11.89,9.8451,49193100
2023-05-11,11.83,11.88,11.76,11.87,9.8285,43030800
2023-05-12,11.93,11.94,11.65,11.67,9.6629,45155400
2023-05-15,11.7,11.72,11.59,11.64,9.6381,53197000
2023-05-16,11.55,11.58,11.24,11.25,9.3151,60514900
2023-05-17,11.35,11.64,11.32,11.5,9.5221,50077500
2023-05-18,11.46,11.66,11.45,11.64,9.6381,38181400
2023-05-19,11.66,11.77,11.54,11.65,9.6463,43474200
2023-05-22,11.71,11.73,11.37,11.63,9.6298,57417200
2023-05-23,11.53,11.91,11.53,11.73,9.7126,56843800
2023-05-24,11.64,11.65,11.25,11.33,9.3814,71391000
2023-05-25,11.33,11.52,11.33,11.38,9.4228,51328900
2023-05-26,11.59,12.29,11.54,12.09,10.0107,123257500
2023-05-30,12.65,12.78,12.51,12.59,10.4247,86226900
2023-05-31,12.48,12.49,11.96,12.0,9.9361,86275300
2023-06-01,12.07,12.18,11.84,12.11,10.0272,64407800
2023-06-02,12.26,12.51,12.14,12.39,10.2591,65261200
2023-06-05,12.66,12.68,12.5,12.59,10.4247,49890200
2023-06-06,12.55,12.93,12.51,12.93,10.7062,57258400
2023-06-07,13.02,13.6,12.98,13.59,11.2527,99342000
2023-06-08,13.53,13.74,13.46,13.58,11.2444,64254700
2023-06-09,13.83,14.03,13.7,13.74,11.3769,70329500
2023-06-12,13.8,13.88,13.65,13.78,11.41,44584700
2023-06-13,13.9,14.17,13.89,14.13,11.6998,61781100
2023-06-14,14.25,14.45,13.97,14.2,11.7578,69748500
2023-06-15,14.12,14.5,14.12,14.45,11.9648,61463400
2023-06-16,14.52,14.61,14.32,14.42,11.9399,75398100
2023-06-20,14.3,14.42,13.98,14.22,11.7743,56645800
2023-06-21,14.24,14.28,13.94,14.02,11.6087,49984300
2023-06-22,13.91,14.3,13.89,14.19,11.7495,46862500
2023-06-23,13.93,14.15,13.92,14.02,11.6087,48260200
2023-06-26,14.01,14.23,13.99,14.11,11.6832,44956300
2023-06-27,14.19,14.46,14.06,14.41,11.9316,49813100
2023-06-28,14.39,14.79,14.37,14.79,12.2463,58380800
2023-06-29,14.87,15.13,14.79,14.95,12.3788,58488600
2023-06-30,15.05,15.23,14.96,15.13,12.5278,54036900
2023-07-03,15.15,15.4,15.15,15.24,12.6189,29412700
2023-07-05,15.21,15.42,15.12,15.35,12.71,52003900
2023-07-06,15.17,15.25,14.88,14.98,12.4036,64841400
2023-07-07,14.99,15.24,14.94,14.98,12.4036,53375500
2023-07-10,14.96,15.09,14.83,15.07,12.4781,51882000
2023-07-11,15.07,15.25,14.97,15.23,12.6106,45849700
2023-07-12,15.37,15.42,15.2,15.22,12.6023,47636800
2023-07-13,15.27,15.28,15.08,15.19,12.5775,49664300
2023-07-14,15.23,15.27,14.91,14.98,12.4036,48747900
2023-07-17,14.58,14.63,14.09,14.09,11.6667,99402100
2023-07-18,13.95,14.17,13.92,14.17,11.7329,71710800
2023-07-19,14.14,14.26,14.06,14.1,11.675,58280800
2023-07-20,14.03,14.08,13.9,14.03,11.617,45952600
2023-07-21,14.13,14.16,13.75,13.93,11.5342,57579800
2023-07-24,13.89,14.02,13.85,13.96,11.6849,46687000
2023-07-25,13.86,13.86,13.56,13.58,11.3668,58772700
2023-07-26,13.55,13.75,13.52,13.67,11.4421,42019700
2023-07-27,13.83,13.98,13.7,13.73,11.4924,67313500
2023-07-28,13.58,13.65,13.02,13.26,11.0989,116696500
2023-07-31,13.01,13.22,12.91,13.21,11.0571,64507700
2023-08-01,13.15,13.44,13.11,13.42,11.2329,59129900
2023-08-02,13.2,13.23,12.98,13.04,10.9148,57997400
2023-08-03,12.99,13.14,12.86,13.1,10.965,51996300
2023-08-04,13.1,13.1,12.8,12.89,10.7893,48412900
2023-08-07,12.93,12.96,12.78,12.94,10.8311,43929200
2023-08-08,12.77,12.9,12.7,12.88,10.7809,45103800
2023-08-09,12.77,12.83,12.66,12.73,10.6553,42932600
2023-08-10,12.78,12.78,12.08,12.16,10.1782,104063900
2023-08-11,12.12,12.2,12.0,12.14,10.1615,64371700
2023-08-14,12.03,12.23,12.02,12.2,10.2117,48099600
2023-08-15,12.06,12.15,11.97,11.98,10.0276,42616400
2023-08-16,11.9,12.03,11.8,11.81,9.8853,44838900
2023-08-17,11.88,11.97,11.78,11.83,9.902,36104900
2023-08-18,11.73,12.02,11.72,11.96,10.0108,44519900
2023-08-21,12.04,12.06,11.87,11.97,10.0192,33456700
2023-08-22,12.01,12.03,11.84,11.87,9.9355,32027500
2023-08-23,11.82,11.97,11.8,11.96,10.0108,30437700
2023-08-24,11.89,11.93,11.75,11.75,9.835,33338200
2023-08-25,11.83,11.99,11.58,11.91,9.969,47610000
2023-08-28,11.95,12.06,11.85,11.9,9.9606,29693500
2023-08-29,11.95,12.06,11.89,12.05,10.0861,32009000
2023-08-30,12.07,12.15,12.01,12.03,10.0694,30617900
2023-08-31,12.13,12.27,12.09,12.13,10.1531,39025700
2023-09-01,12.16,12.27,12.04,12.14,10.1615,34716900
2023-09-05,12.12,12.18,12.04,12.09,10.1196,35202000
2023-09-06,12.0,12.11,11.83,12.07,10.1029,41881500
2023-09-07,11.95,12.05,11.9,11.96,10.0108,38559600
2023-09-08,11.97,12.36,11.97,12.3,10.2954,49493500
2023-09-11,12.36,12.4,12.17,12.22,10.2284,34673600
2023-09-12,12.23,12.59,12.22,12.45,10.421,49507700
2023-09-13,12.69,12.91,12.63,12.64,10.58,62579700
2023-09-14,12.61,12.7,12.41,12.62,10.5633,43461600
2023-09-15,12.4,12.79,12.4,12.61,10.5549,63982400
2023-09-18,12.5,12.52,12.25,12.34,10.3289,47444100
2023-09-19,12.34,12.65,12.31,12.56,10.513,40900000
2023-09-20,12.65,12.67,12.35,12.36,10.3456,37449600
2023-09-21,12.2,12.35,12.16,12.2,10.2117,40140500
2023-09-22,12.5,12.77,12.41,12.43,10.4042,65205500
2023-09-25,12.35,12.7,12.34,12.58,10.5298,41219400
2023-09-26,12.49,12.66,12.37,12.43,10.4042,41261000
2023-09-27,12.52,12.52,12.25,12.39,10.3707,41616600
2023-09-28,12.32,12.66,12.17,12.56,10.513,49109800
2023-09-29,12.61,12.66,12.35,12.42,10.3958,62364900
2023-10-02,12.38,12.44,12.23,12.31,10.3038,51204000
2023-10-03,12.16,12.23,12.02,12.07,10.1029,55074700
2023-10-04,12.02,12.08,11.88,11.99,10.0359,45217900
2023-10-05,11.94,12.0,11.69,11.9,9.9606,47425000
2023-10-06,11.82,12.15,11.69,12.0,10.0443,57558500
2023-10-09,11.8,12.15,11.78,12.07,10.1029,33328000
2023-10-10,12.1,12.3,12.09,12.2,10.2117,40404600
2023-10-11,12.29,12.39,12.15,12.25,10.2536,31321500
2023-10-12,11.88,12.07,11.84,12.0,10.0443,51644000
2023-10-13,11.97,12.0,11.8,11.81,9.8853,47221800
2023-10-16,11.91,11.96,11.82,11.93,9.9857,29183000
2023-10-17,11.85,12.17,11.85,12.04,10.0778,40516500
2023-10-18,11.93,11.93,11.75,11.75,9.835,44840100
2023-10-19,11.59,11.76,11.51,11.53,9.6509,49057500
2023-10-20,11.58,11.76,11.54,11.64,9.743,53307500
2023-10-23,11.55,11.69,11.42,11.48,9.609,49073800
2023-10-24,11.5,11.57,11.38,11.39,9.5337,47775600
2023-10-25,11.35,11.64,11.21,11.54,9.6593,74213800
2023-10-26,11.91,11.93,11.33,11.35,9.5002,84725900
2023-10-27,10.93,10.97,9.9,9.96,8.3368,187029600
2023-10-30,10.08,10.14,9.68,9.77,8.1777,106474700
2023-10-31,9.72,9.91,9.63,9.75,8.2882,82238800
2023-11-01,9.84,9.93,9.76,9.91,8.4243,75469700
2023-11-02,10.02,10.15,9.97,10.14,8.6198,66914000
2023-11-03,10.26,10.64,10.25,10.56,8.9768,60912400
2023-11-06,10.56,10.6,10.24,10.31,8.7643,48435500
2023-11-07,10.25,10.29,10.05,10.17,8.6453,50430800
2023-11-08,10.19,10.21,10.03,10.05,8.5433,38700600
2023-11-09,10.04,10.07,9.69,9.7,8.2457,59356900
2023-11-10,9.81,9.87,9.67,9.86,8.3818,45069700
2023-11-13,9.83,9.87,9.74,9.82,8.3477,34458300
2023-11-14,9.99,10.46,9.98,10.4,8.8408,67684000
2023-11-15,10.41,10.57,10.39,10.47,8.9003,45193700
2023-11-16,10.4,10.43,10.1,10.16,8.6368,45408100
2023-11-17,10.26,10.32,10.19,10.27,8.7303,36501200
2023-11-20,10.29,10.43,10.26,10.34,8.7898,46933100
2023-11-21,10.28,10.32,10.1,10.19,8.6623,47284300
2023-11-22,10.24,10.38,10.17,10.26,8.7218,41116300
2023-11-24,10.28,10.53,10.28,10.4,8.8408,22028100
2023-11-27,10.37,10.42,10.3,10.34,8.7898,32247600
2023-11-28,10.33,10.4,10.24,10.37,8.8153,38510600
2023-11-29,10.88,10.96,10.56,10.59,9.0023,77246800
2023-11-30,10.68,10.7,10.18,10.26,8.7218,80525700
2023-12-01,10.29,10.6,10.22,10.58,8.9938,61619800
2023-12-04,10.52,10.79,10.5,10.7,9.0958,54196100
2023-12-05,10.64,10.68,10.54,10.6,9.0108,41551100
2023-12-06,10.75,10.88,10.67,10.69,9.0873,47223500
2023-12-07,10.71,10.88,10.68,10.82,9.1978,40523200
2023-12-08,10.81,11.07,10.79,11.01,9.3593,48961200
2023-12-11,11.02,11.15,10.98,11.07,9.4103,39700900
2023-12-12,11.09,11.2,11.05,11.16,9.4868,40206200
2023-12-13,11.03,11.29,10.8,11.24,9.5549,68066700
2023-12-14,11.47,12.13,11.47,12.08,10.2689,110777600
2023-12-15,12.07,12.18,11.93,12.02,10.2179,85298200
2023-12-18,11.99,12.08,11.91,11.93,10.1414,43424400
2023-12-19,11.97,12.07,11.89,12.02,10.2179,35722900
2023-12-20,11.97,12.14,11.79,11.8,10.0309,54981100
2023-12-21,11.93,12.36,11.9,12.34,10.4899,66424600
2023-12-22,12.32,12.46,12.28,12.35,10.4984,43764600
2023-12-26,12.39,12.5,12.37,12.45,10.5834,26293700
2023-12-27,12.43,12.45,12.23,12.39,10.5324,39891300
2023-12-28,12.38,12.43,12.28,12.34,10.4899,26688500
2023-12-29,12.35,12.39,12.16,12.19,10.3624,40964700
2024-01-02,12.04,12.38,11.94,12.16,10.3369,47494800
2024-01-03,12.02,12.03,11.64,11.71,9.9544,70120100
2024-01-04,11.76,11.82,11.63,11.68,9.9289,54920300
2024-01-05,11.65,12.04,11.63,11.85,10.0734,44443800
2024-01-08,11.85,12.05,11.79,11.97,10.1754,41514400
2024-01-09,11.81,11.9,11.77,11.84,10.0649,49536700
2024-01-10,11.83,11.86,11.71,11.83,10.0564,37539200
2024-01-11,11.75,11.77,11.57,11.71,9.9544,48692000
2024-01-12,11.65,11.77,11.41,11.46,9.7419,55030100
2024-01-16,11.3,11.5,11.18,11.46,9.7419,45207700
2024-01-17,11.17,11.31,11.11,11.27,9.5804,52671300
2024-01-18,11.25,11.31,10.96,10.99,9.3423,71667200
2024-01-19,10.94,11.22,10.83,11.2,9.5209,61143300
2024-01-22,11.23,11.4,11.14,11.2,9.5209,45479600
2024-01-23,11.36,11.46,11.24,11.37,9.6654,45465200
2024-01-24,11.44,11.45,11.0,11.03,9.3763,59064600
2024-01-25,11.09,11.36,11.03,11.34,9.6399,49356700
2024-01-26,11.4,11.5,11.3,11.39,9.6824,35837000
2024-01-29,11.38,11.56,11.3,11.55,9.8184,58249600
2024-01-30,11.77,11.87,11.62,11.78,10.0139,70213300
2024-01-31,11.76,11.99,11.72,11.72,9.9629,74558900
2024-02-01,11.82,12.14,11.62,12.1,10.2859,81065800
2024-02-02,12.03,12.19,11.94,12.14,10.3199,73130900
2024-02-05,12.01,12.08,11.54,11.59,9.8524,81026800
2024-02-06,11.64,12.1,11.62,12.07,10.2604,98636800
2024-02-07,12.73,12.98,12.2,12.8,10.881,137224000
2024-02-08,12.87,12.9,12.54,12.83,10.9065,68653900
2024-02-09,12.81,12.92,12.64,12.68,10.779,47649600
2024-02-12,12.68,13.07,12.64,12.98,11.034,54036500
2024-02-13,12.77,12.9,12.48,12.68,10.779,67907700
2024-02-14,12.72,12.79,12.52,12.56,10.677,52978800
2024-02-15,12.35,12.55,12.31,12.52,10.9301,57811800
2024-02-16,12.42,12.51,12.26,12.3,10.7381,43228600
2024-02-20,12.19,12.33,12.1,12.25,10.6944,44591000
2024-02-21,12.21,12.32,12.05,12.14,10.5984,41835800
2024-02-22,12.13,12.24,12.05,12.12,10.5809,36980500
2024-02-23,12.1,12.26,12.09,12.14,10.5984,32152100
2024-02-26,12.13,12.27,11.95,11.95,10.4325,40241300
2024-02-27,12.02,12.17,11.96,12.0,10.4762,36508800
2024-02-28,11.97,12.4,11.96,12.3,10.7381,51447900
2024-02-29,12.37,12.47,12.32,12.44,10.8603,43098500
2024-03-01,12.53,12.64,12.32,12.45,10.869,48761400
2024-03-04,12.57,13.03,12.57,12.74,11.1222,81871700
2024-03-05,12.65,12.74,12.5,12.58,10.9825,47896200
2024-03-06,12.52,12.57,12.33,12.38,10.8079,48834500
2024-03-07,12.41,12.47,12.26,12.41,10.8341,38971000
2024-03-08,12.43,12.52,12.14,12.18,10.6333,54723800
2024-03-11,12.13,12.24,12.08,12.11,10.5722,35135400
2024-03-12,12.14,12.16,12.03,12.11,10.5722,31245200
2024-03-13,12.12,12.48,12.11,12.37,10.7992,50595300
2024-03-14,12.34,12.37,12.01,12.08,10.546,52619900
2024-03-15,12.05,12.27,12.02,12.06,10.5285,88254000
2024-03-18,12.14,12.19,11.98,12.18,10.6333,36599200
2024-03-19,12.11,12.35,12.11,12.3,10.7381,32668700
2024-03-20,12.26,12.92,12.26,12.9,11.2619,67721500
2024-03-21,12.92,13.06,12.79,12.92,11.2793,55822500
2024-03-22,12.87,12.96,12.85,12.91,11.2706,33137500
2024-03-25,12.92,13.06,12.74,12.9,11.2619,39063500
2024-03-26,12.96,12.96,12.43,12.44,10.8603,67140200
2024-03-27,12.53,13.07,12.52,13.06,11.4016,53555800
2024-03-28,13.07,13.3,13.05,13.28,11.5936,61846400
2024-04-01,13.33,13.38,13.14,13.29,11.6023,35898300
2024-04-02,13.16,13.37,13.09,13.28,11.5936,42653400
2024-04-03,13.25,13.68,13.23,13.65,11.9166,57498900
2024-04-04,13.9,13.95,13.17,13.21,11.5325,67812400
2024-04-05,13.27,13.4,13.09,13.28,11.5936,46937400
2024-04-08,13.35,13.54,13.35,13.41,11.7071,29900500
2024-04-09,13.47,13.59,13.34,13.54,11.8206,35497900
2024-04-10,13.26,13.29,12.95,13.06,11.4016,51395000
2024-04-11,13.11,13.14,12.91,13.04,11.3841,38383100
2024-04-12,12.92,12.92,12.5,12.61,11.0087,52356300
2024-04-15,12.74,12.82,12.18,12.23,10.677,59484400
2024-04-16,12.14,12.25,11.94,12.09,10.5547,56392200
2024-04-17,12.14,12.25,12.02,12.04,10.5111,43646600
2024-04-18,12.08,12.17,11.98,12.06,10.5285,39902100
2024-04-19,12.02,12.23,12.02,12.14,10.5984,39623800
2024-04-22,12.31,12.9,12.25,12.88,11.2444,86462700
2024-04-23,13.05,13.05,12.82,12.94,11.2968,62807100
2024-04-24,12.94,13.05,12.78,12.95,11.3055,74510400
2024-04-25,12.85,13.18,12.63,13.04,11.3841,86944100
2024-04-26,12.76,13.02,12.61,12.79,11.1658,57257800
2024-04-29,12.81,12.84,12.55,12.75,11.1309,50285600
2024-04-30,12.6,12.6,12.13,12.15,10.6071,75890500
2024-05-01,12.16,12.43,12.15,12.2,10.6508,48749400
2024-05-02,12.4,12.55,12.36,12.49,10.9039,46868600
2024-05-03,12.64,12.76,12.39,12.43,10.8516,47463300
2024-05-06,12.54,12.62,12.46,12.5,10.9127,29780300
2024-05-07,12.4,12.45,12.09,12.17,10.7536,48102900
2024-05-08,12.08,12.25,12.02,12.15,10.7359,38177200
2024-05-09,12.14,12.22,12.06,12.13,10.7183,29103800
2024-05-10,12.15,12.17,11.91,11.99,10.5946,51447800
2024-05-13,12.05,12.45,12.05,12.33,10.895,60962300
2024-05-14,12.44,12.64,12.36,12.44,10.9922,39980400
2024-05-15,12.49,12.56,12.18,12.31,10.8773,50739900
2024-05-16,12.27,12.48,12.26,12.38,10.9392,41502200
2024-05-17,12.37,12.38,12.25,12.28,10.8508,24011300
2024-05-20,12.27,12.33,12.14,12.15,10.7359,27019100
2024-05-21,12.16,12.2,12.03,12.15,10.7359,32851000
2024-05-22,12.06,12.08,11.97,12.03,10.6299,35403000
2024-05-23,12.1,12.22,12.01,12.11,10.7006,43590100
2024-05-24,12.16,12.27,12.04,12.16,10.7448,40840400
2024-05-28,12.11,12.13,11.66,11.68,10.3206,57460100
2024-05-29,11.57,11.65,11.5,11.56,10.2146,45759500
2024-05-30,11.58,11.78,11.48,11.77,10.4002,42218900
2024-05-31,11.77,12.15,11.66,12.13,10.7183,57205800
2024-06-03,12.25,12.32,12.02,12.19,10.7713,53784100
2024-06-04,12.08,12.13,11.96,12.03,10.6299,41533100
2024-06-05,12.05,12.12,11.82,12.07,10.6653,45509800
2024-06-06,11.98,12.1,11.96,12.07,10.6653,28289900
2024-06-07,12.0,12.16,11.95,12.15,10.7359,31934000
2024-06-10,12.13,12.52,12.1,12.38,10.9392,68322800
2024-06-11,12.32,12.36,12.05,12.11,10.7006,48201800
2024-06-12,12.28,12.37,12.03,12.08,10.6741,57116200
2024-06-13,12.08,12.09,11.85,11.94,10.5504,41422300
2024-06-14,11.8,11.83,11.55,11.71,10.3472,49382100
2024-06-17,11.66,11.89,11.66,11.85,10.4709,31970100
2024-06-18,11.81,11.94,11.77,11.78,10.409,29023400
2024-06-20,11.71,11.97,11.65,11.94,10.5504,53468000
2024-06-21,11.9,11.91,11.76,11.84,10.462,50178700
2024-06-24,11.93,12.25,11.92,12.23,10.8066,58436900
2024-06-25,12.17,12.21,12.03,12.09,10.6829,38818900
2024-06-26,12.01,12.13,11.95,12.11,10.7006,41426600
2024-06-27,12.08,12.38,12.05,12.23,10.8066,48080200
2024-06-28,12.26,12.62,12.26,12.54,11.0806,65914700
2024-07-01,12.56,12.87,12.53,12.76,11.275,56152700
2024-07-02,12.83,12.95,12.72,12.87,11.3722,46990400
2024-07-03,12.89,12.96,12.8,12.87,11.3722,26894300
2024-07-05,12.87,12.96,12.75,12.84,11.3456,31589300
2024-07-08,12.97,13.2,12.92,12.98,11.4693,44346200
2024-07-09,12.96,13.07,12.88,12.9,11.3987,40680900
2024-07-10,12.95,13.21,12.91,13.17,11.6372,36305500
2024-07-11,13.25,13.54,13.25,13.47,11.9023,51443400
2024-07-12,13.53,14.21,13.53,14.03,12.3971,85609700
2024-07-15,14.21,14.43,14.12,14.23,12.5739,65643300
2024-07-16,14.27,14.47,14.19,14.39,12.7153,52040100
2024-07-17,14.29,14.63,14.28,14.48,12.7948,58087100
2024-07-18,14.51,14.85,14.45,14.55,12.8566,58077000
2024-07-19,14.49,14.5,13.96,13.98,12.353,75908600
2024-07-22,14.02,14.18,13.79,14.12,12.4767,59116800
2024-07-23,14.06,14.07,13.57,13.83,12.2204,85897700
2024-07-24,13.73,13.88,13.59,13.67,12.079,81768700
2024-07-25,11.8,11.98,11.15,11.16,9.8612,259484000
2024-07-26,11.21,11.36,11.05,11.19,9.8877,79599900
2024-07-29,11.18,11.18,10.8,11.01,9.7286,91667500
2024-07-30,11.03,11.11,10.78,10.84,9.5784,69337000
2024-07-31,10.86,11.01,10.72,10.82,9.5607,75478000
2024-08-01,10.86,10.92,10.61,10.69,9.4459,60516500
2024-08-02,10.55,10.55,10.0,10.03,8.8627,110703000
2024-08-05,9.56,9.9,9.49,9.71,8.5799,115594200
2024-08-06,9.79,9.86,9.68,9.78,8.6418,111817600
2024-08-07,9.85,9.98,9.75,9.77,8.7674,69482400
2024-08-08,9.8,10.25,9.8,10.13,9.0905,73007600
2024-08-09,10.08,10.17,9.97,10.1,9.0635,48860800
2024-08-12,10.1,10.1,9.84,9.86,8.8482,56118700
2024-08-13,9.92,10.15,9.77,10.14,9.0994,44766100
2024-08-14,10.16,10.24,10.05,10.18,9.1353,37026400
2024-08-15,10.37,10.5,10.37,10.46,9.3866,41597900
2024-08-16,10.4,10.52,10.37,10.51,9.4315,34142600
2024-08-19,10.56,10.75,10.54,10.72,9.6199,41066300
2024-08-20,10.7,10.79,10.61,10.68,9.584,32468000
2024-08-21,10.84,10.97,10.75,10.85,9.7366,48943900
2024-08-22,10.85,11.01,10.84,10.92,9.7994,50885400
2024-08-23,10.98,11.28,10.94,11.27,10.1135,64612700
2024-08-26,11.32,11.37,11.07,11.11,9.9699,53070300
2024-08-27,11.12,11.22,10.99,11.14,9.9968,44841000
2024-08-28,11.1,11.19,10.98,11.04,9.9071,35442200
2024-08-29,11.02,11.2,10.99,11.11,9.9699,44989200
2024-08-30,11.15,11.23,11.06,11.19,10.0417,44977100
2024-09-03,11.08,11.14,10.94,10.98,9.8532,49613500
2024-09-04,10.99,11.16,10.85,10.95,9.8263,47900700
2024-09-05,11.08,11.14,10.72,10.77,9.6648,50551900
2024-09-06,10.78,10.87,10.53,10.58,9.4943,47508900
2024-09-09,10.61,10.76,10.54,10.66,9.5661,39223300
2024-09-10,10.49,10.49,10.17,10.32,9.261,63019200
2024-09-11,10.31,10.46,10.13,10.45,9.3776,55840200
2024-09-12,10.4,10.65,10.31,10.62,9.5302,43779600
2024-09-13,10.68,10.79,10.63,10.69,9.593,35184800
2024-09-16,10.74,10.92,10.71,10.8,9.6917,34802400
2024-09-17,10.89,11.14,10.82,10.9,9.7814,52068600
2024-09-18,10.93,11.26,10.92,10.98,9.8532,55017300
2024-09-19,11.22,11.31,10.87,10.92,9.7994,52436400
2024-09-20,10.86,10.88,10.69,10.88,9.7635,68809100
2024-09-23,10.84,10.92,10.71,10.91,9.7904,40421300
2024-09-24,10.97,11.0,10.81,10.87,9.7545,37746300
2024-09-25,10.59,10.59,10.32,10.42,9.3507,74109600
2024-09-26,10.56,10.75,10.56,10.68,9.584,51408500
2024-09-27,10.84,10.99,10.76,10.78,9.6738,45469600
2024-09-30,10.48,10.61,10.43,10.56,9.4763,59662900
2024-10-01,10.72,10.82,10.58,10.75,9.6468,63963000
2024-10-02,10.73,10.73,10.43,10.48,9.4045,51457400
2024-10-03,10.41,10.47,10.33,10.45,9.3776,44458300
2024-10-04,10.59,10.61,10.44,10.57,9.4853,45883000
2024-10-07,10.55,10.61,10.45,10.49,9.4135,38009100
2024-10-08,10.5,10.58,10.38,10.49,9.4135,46355700
2024-10-09,10.49,10.68,10.44,10.62,9.5302,40407000
2024-10-10,10.58,10.7,10.54,10.68,9.584,39458300
2024-10-11,10.64,10.8,10.63,10.72,9.6199,31915700
2024-10-14,10.71,10.96,10.66,10.92,9.7994,41940200
2024-10-15,10.91,11.02,10.82,10.84,9.7276,53097100
2024-10-16,10.89,11.18,10.89,11.03,9.8981,46996400
2024-10-17,11.04,11.13,10.94,11.07,9.934,37617200
2024-10-18,11.16,11.17,11.04,11.1,9.9609,26074900
2024-10-21,11.08,11.16,10.86,10.88,9.7635,41008600
2024-10-22,10.92,11.15,10.92,11.11,9.9699,51597600
2024-10-23,11.11,11.24,11.02,11.06,9.925,37335400
2024-10-24,11.24,11.25,11.07,11.24,10.0866,44736400
2024-10-25,11.28,11.33,11.02,11.07,9.934,39120700
2024-10-28,11.17,11.39,11.12,11.37,10.2032,97967000
2024-10-29,10.53,10.55,10.18,10.41,9.3417,156228000
2024-10-30,10.4,10.53,10.33,10.47,9.3956,48853700
2024-10-31,10.43,10.48,10.24,10.29,9.234,72098700
2024-11-01,10.33,10.41,10.2,10.22,9.1712,43472300
2024-11-04,10.23,10.57,10.23,10.36,9.2969,55323800
2024-11-05,10.33,10.64,10.3,10.6,9.5122,49309000
2024-11-06,10.95,11.23,10.84,11.19,10.0417,100781800
2024-11-07,11.01,11.11,10.83,10.96,9.9689,55407900
2024-11-08,10.93,10.97,10.86,10.97,9.978,45463400
2024-11-11,11.07,11.32,11.02,11.23,10.2145,56630500
2024-11-12,11.14,11.3,10.95,11.1,10.0963,44921400
2024-11-13,11.12,11.17,11.02,11.1,10.0963,55150900
2024-11-14,11.13,11.23,11.02,11.07,10.069,56780900
2024-11-15,11.05,11.15,10.98,11.01,10.0144,58895400
2024-11-18,11.05,11.27,11.03,11.21,10.1963,47727300
2024-11-19,11.06,11.32,11.01,11.05,10.0508,53227700
2024-11-20,11.01,11.05,10.61,10.73,9.7597,68633300
2024-11-21,10.78,10.85,10.61,10.8,9.8234,53409500
2024-11-22,10.81,11.38,10.8,11.18,10.169,82556700
2024-11-25,11.3,11.52,11.28,11.4,10.3691,63469300
2024-11-26,11.16,11.23,11.04,11.1,10.0963,47458800
2024-11-27,11.13,11.26,11.06,11.1,10.0963,28474200
2024-11-29,11.16,11.27,11.12,11.13,10.1236,28935200
2024-12-02,11.22,11.25,10.96,10.98,9.9871,50034400
2024-12-03,10.99,11.01,10.82,10.82,9.8416,43904300
2024-12-04,10.85,10.87,10.59,10.74,9.7688,66780700
2024-12-05,10.64,10.69,10.39,10.44,9.4959,68162000
2024-12-06,10.51,10.6,10.42,10.51,9.5596,56227000
2024-12-09,10.56,10.8,10.53,10.6,9.6415,53230100
2024-12-10,10.72,10.74,10.55,10.56,9.6051,45084300
2024-12-11,10.61,10.61,10.28,10.41,9.4687,60487100
2024-12-12,10.38,10.51,10.35,10.39,9.4505,38432600
2024-12-13,10.4,10.44,10.32,10.39,9.4505,40560700
2024-12-16,10.07,10.12,9.88,9.99,9.0866,96264400
2024-12-17,9.96,10.04,9.88,9.97,9.0684,76208600
2024-12-18,9.94,10.09,9.66,9.69,8.8138,84199500
2024-12-19,9.79,9.95,9.7,9.74,8.8592,81659000
2024-12-20,9.7,9.96,9.68,9.88,8.9866,87705500
2024-12-23,9.87,9.92,9.75,9.9,9.0048,50646600
2024-12-24,9.9,10.06,9.89,10.02,9.1139,29083100
2024-12-26,10.0,10.12,9.98,10.07,9.1594,35922700
2024-12-27,10.03,10.2,9.98,10.03,9.123,52899900
2024-12-30,9.95,9.98,9.82,9.88,8.9866,47116700
2024-12-31,9.91,10.01,9.84,9.9,9.0048,54104200
2025-01-02,9.91,9.96,9.64,9.65,8.7774,67156200
2025-01-03,9.69,9.95,9.53,9.88,8.9866,77245900
2025-01-06,10.06,10.19,9.9,9.92,9.023,63840800
2025-01-07,9.95,10.01,9.72,9.76,8.8774,62404000
2025-01-08,9.74,9.75,9.58,9.74,8.8592,61678800
2025-01-10,9.67,9.84,9.59,9.65,8.7774,73373400
2025-01-13,9.66,9.72,9.57,9.71,8.832,66023000
2025-01-14,9.78,9.82,9.68,9.78,8.8956,45419900
2025-01-15,9.97,10.06,9.89,9.95,9.0503,68674400
2025-01-16,9.91,10.06,9.89,10.01,9.1048,45770000
2025-01-17,10.08,10.21,10.04,10.18,9.2595,60802700
2025-01-21,10.3,10.45,10.24,10.43,9.4868,65670800
2025-01-22,10.25,10.25,10.02,10.03,9.123,64949200
2025-01-23,10.05,10.17,9.97,10.16,9.2413,56241100
2025-01-24,10.16,10.31,10.09,10.12,9.2049,42909100
2025-01-27,10.11,10.42,10.1,10.38,9.4414,73082600
2025-01-28,10.23,10.23,9.92,10.08,9.1685,92177600
2025-01-29,10.1,10.29,10.03,10.21,9.2867,69986900
2025-01-30,10.26,10.39,10.06,10.16,9.2413,69663100
2025-01-31,10.17,10.35,9.99,10.08,9.1685,103652400
2025-02-03,9.72,10.06,9.6,9.89,8.9957,131430300
2025-02-04,9.94,10.16,9.9,10.16,9.2413,68716500
2025-02-05,10.16,10.32,9.96,10.01,9.1048,124187800
2025-02-06,9.49,9.64,9.26,9.26,8.4226,222758300
2025-02-07,9.33,9.35,9.18,9.24,8.4045,140852700
2025-02-10,9.25,9.3,9.12,9.24,8.4045,72168000
2025-02-11,9.21,9.26,9.17,9.21,8.3772,54844600
2025-02-12,9.17,9.29,9.1,9.23,8.3954,67339600
2025-02-13,9.29,9.41,9.24,9.35,8.5045,72059800
2025-02-14,9.43,9.51,9.39,9.48,8.6228,53778300
2025-02-18,9.32,9.35,9.23,9.29,8.7261,62175800
2025-02-19,9.27,9.39,9.21,9.34,8.773,50191700
2025-02-20,9.33,9.4,9.28,9.39,8.82,39787800
2025-02-21,9.38,9.41,9.23,9.28,8.7167,58437700
2025-02-24,9.31,9.4,9.21,9.35,8.7824,72562600
2025-02-25,9.37,9.49,9.31,9.42,8.8482,88876800
2025-02-26,9.46,9.62,9.44,9.47,8.8952,87948100
2025-02-27,9.44,9.53,9.29,9.29,8.7261,70518800
2025-02-28,9.32,9.69,9.31,9.55,8.9703,137992600
2025-03-03,9.71,9.82,9.32,9.39,8.82,154435900
2025-03-04,9.23,9.27,9.06,9.12,8.5664,167500000
2025-03-05,9.26,9.67,9.2,9.65,9.0642,157774900
2025-03-06,9.52,9.72,9.42,9.61,9.0267,136680700
2025-03-07,9.54,9.96,9.51,9.9,9.299,150644900
2025-03-10,9.77,10.14,9.77,9.96,9.3554,167183800
2025-03-11,9.92,9.96,9.49,9.69,9.1018,210127000
2025-03-12,9.7,9.71,9.46,9.59,9.0079,129994600
2025-03-13,9.57,9.95,9.5,9.53,8.9515,137747600
2025-03-14,9.66,9.79,9.64,9.73,9.1394,91313800
2025-03-17,9.74,9.98,9.74,9.92,9.3178,98583100
2025-03-18,9.95,10.04,9.88,9.95,9.346,102730900
2025-03-19,9.96,10.28,9.95,10.17,9.5527,124697400
2025-03-20,10.07,10.15,9.99,10.01,9.4024,109103700
2025-03-21,9.91,10.12,9.83,10.0,9.393,240638600
2025-03-24,10.04,10.25,10.01,10.25,9.6278,102847200
2025-03-25,10.3,10.35,10.17,10.29,9.6654,83674900
2025-03-26,10.27,10.35,10.09,10.3,9.6748,139742100
2025-03-27,10.26,10.4,9.82,9.9,9.299,229032500
2025-03-28,9.84,9.89,9.62,9.72,9.13,136868300
2025-03-31,9.57,10.11,9.55,10.03,9.4212,139951900
2025-04-01,10.1,10.17,9.81,9.94,9.3366,135388700
2025-04-02,9.84,10.27,9.82,10.15,9.5339,136908500
2025-04-03,9.99,10.2,9.53,9.54,8.9609,220271000
2025-04-04,9.32,9.73,9.2,9.58,8.9985,177466200
2025-04-07,9.27,9.64,9.0,9.24,8.6791,274938500
2025-04-08,9.52,9.52,8.55,8.69,8.1625,199286800
2025-04-09,8.5,9.54,8.44,9.5,8.9233,199663000
2025-04-10,9.1,9.28,8.88,9.14,8.5852,163535400
2025-04-11,9.11,9.35,9.04,9.33,8.7636,146073700
2025-04-14,9.38,9.81,9.2,9.71,9.1206,189955000
2025-04-15,9.62,9.63,9.38,9.45,8.8764,125469000
2025-04-16,9.47,9.62,9.29,9.4,8.8294,133804900
2025-04-17,9.41,9.69,9.4,9.63,9.0454,129204600
2025-04-21,9.58,9.63,9.35,9.47,8.8952,94138900
2025-04-22,9.55,9.72,9.53,9.65,9.0642,121387100
2025-04-23,9.84,10.01,9.71,9.78,9.1863,158691500
2025-04-24,9.87,10.09,9.82,10.06,9.4493,87031000
2025-04-25,10.05,10.1,9.97,10.04,9.4306,88682400
2025-04-28,10.06,10.18,9.97,10.02,9.4118,77051500
2025-04-29,10.07,10.19,9.93,10.15,9.5339,141980300
2025-04-30,10.11,10.13,9.86,10.01,9.4024,136406200
2025-05-01,10.14,10.32,10.02,10.18,9.5621,126532500
2025-05-02,10.3,10.39,10.22,10.28,9.656,82228700
2025-05-05,10.23,10.24,10.1,10.17,9.5527,105766300
2025-05-06,10.09,10.62,10.06,10.44,9.8063,131814000
2025-05-07,10.46,10.51,10.12,10.28,9.656,116885100
2025-05-08,10.34,10.46,10.26,10.28,9.656,107173400
2025-05-09,10.36,10.49,10.35,10.43,9.7969,76350700
2025-05-12,10.56,10.73,10.48,10.55,10.0542,102035800
2025-05-13,10.6,10.63,10.42,10.6,10.1018,83671000
2025-05-14,10.57,10.7,10.48,10.65,10.1495,84453100
2025-05-15,10.59,10.78,10.55,10.75,10.2448,71096500
2025-05-16,10.77,10.81,10.64,10.8,10.2924,64913000
2025-05-19,10.69,10.79,10.63,10.75,10.2448,60195700
2025-05-20,10.79,10.84,10.66,10.72,10.2162,61063800
2025-05-21,10.66,10.69,10.45,10.48,9.9875,89090500
2025-05-22,10.48,10.5,10.34,10.44,9.9494,94081100
2025-05-23,10.3,10.41,10.29,10.36,9.8731,80519000
2025-05-27,10.45,10.49,10.21,10.31,9.8255,89066800
2025-05-28,10.32,10.34,10.15,10.17,9.692,102335600
2025-05-29,10.21,10.28,10.11,10.22,9.7397,101642200
2025-05-30,10.18,10.46,10.12,10.38,9.8922,152191600
2025-06-02,10.27,10.28,9.88,9.98,9.511,170340800
2025-06-03,9.97,10.23,9.89,10.19,9.7111,121584300
2025-06-04,10.19,10.37,10.18,10.24,9.7588,123191200
2025-06-05,10.2,10.25,10.03,10.1,9.6253,133191400
2025-06-06,10.16,10.35,10.15,10.26,9.7778,105916700
2025-06-09,10.29,10.45,10.29,10.34,9.8541,63638900
2025-06-10,10.38,10.65,10.36,10.6,10.1018,87955500
2025-06-11,10.64,10.77,10.61,10.66,10.159,93094900
2025-06-12,10.58,10.59,10.43,10.53,10.0351,76393300
2025-06-13,10.47,10.51,10.38,10.43,9.9398,90106200
2025-06-16,10.5,10.67,10.5,10.62,10.1209,75195200
2025-06-17,10.59,10.63,10.38,10.42,9.9303,100969400
2025-06-18,10.43,10.53,10.4,10.43,9.9398,82770200
2025-06-20,10.49,10.6,10.46,10.59,10.0923,116743400
2025-06-23,10.55,10.75,10.54,10.75,10.2448,77576500
2025-06-24,10.79,10.87,10.72,10.73,10.2257,77244400
2025-06-25,10.76,10.77,10.42,10.48,9.9875,91927300
2025-06-26,10.5,10.65,10.47,10.63,10.1304,88416400
2025-06-27,10.7,10.92,10.68,10.8,10.2924,182008200
2025-06-30,10.72,10.86,10.69,10.85,10.3401,88472200
2025-07-01,10.81,11.38,10.79,11.35,10.8166,140150700
2025-07-02,11.38,11.78,11.37,11.77,11.2169,122331600
2025-07-03,11.75,11.96,11.75,11.81,11.255,60311500
2025-07-07,11.6,11.79,11.48,11.59,11.0453,73842100
2025-07-08,11.65,11.85,11.64,11.68,11.1311,74190200
2025-07-09,11.78,11.9,11.76,11.83,11.274,63886900
2025-07-10,11.86,11.97,11.78,11.91,11.3503,67263000
2025-07-11,11.85,11.86,11.71,11.78,11.2264,65340700
2025-07-14,11.76,11.9,11.67,11.88,11.3217,62098100
2025-07-15,11.9,11.93,11.52,11.57,11.0263,65101900
2025-07-16,11.35,11.45,11.15,11.24,10.7118,107978100
2025-07-17,11.19,11.35,11.11,11.15,10.626,70345300
2025-07-18,11.17,11.24,11.05,11.16,10.6355,68812600
2025-07-21,11.26,11.45,11.21,11.31,10.7785,65515600
2025-07-22,11.24,11.29,11.08,11.19,10.6641,79403800
2025-07-23,11.28,11.46,11.28,11.38,10.8452,76163200
2025-07-24,11.31,11.43,11.23,11.26,10.7308,63557800
2025-07-25,11.34,11.49,11.24,11.47,10.931,52312300
2025-07-28,11.48,11.49,11.25,11.28,10.7499,54173600
2025-07-29,11.29,11.29,11.06,11.08,10.5593,58371500
2025-07-30,11.13,11.13,10.82,10.87,10.3591,79866900
2025-07-31,10.77,11.15,10.68,11.07,10.5497,101090900
2025-08-01,10.92,10.92,10.68,10.82,10.3115,73541500
2025-08-04,10.89,11.02,10.86,10.95,10.4354,56696800
2025-08-05,10.98,11.1,10.9,11.06,10.5402,58864300
2025-08-06,11.11,11.26,11.08,11.21,10.6832,59519800
2025-08-07,11.3,11.39,11.1,11.28,10.7499,71775000
2025-08-08,11.31,11.37,11.21,11.32,10.788,48465300
2025-08-11,11.3,11.57,11.06,11.14,10.759,84333000
2025-08-12,11.2,11.32,11.13,11.25,10.8653,63944100
2025-08-13,11.27,11.49,11.19,11.44,11.0488,63823300
2025-08-14,11.3,11.45,11.22,11.44,11.0488,52469200
2025-08-15,11.43,11.52,11.41,11.44,11.0488,46141400
2025-08-18,11.4,11.48,11.37,11.46,11.0681,37113800
2025-08-19,11.52,11.73,11.49,11.58,11.184,58020200
2025-08-20,11.52,11.6,11.47,11.49,11.0971,46469900
2025-08-21,11.42,11.43,11.2,11.33,10.9425,51779300
2025-08-22,11.39,11.77,11.39,11.74,11.3385,58538700
2025-08-25,11.72,11.85,11.68,11.82,11.4158,45038800
2025-08-26,11.81,11.87,11.77,11.84,11.4351,48613300
2025-08-27,11.82,11.98,11.81,11.91,11.5027,40381500
2025-08-28,11.99,11.99,11.63,11.71,11.3095,47723700
2025-08-29,11.74,11.83,11.72,11.77,11.3675,44069700
2025-09-02,11.76,11.89,11.64,11.72,11.3192,57704200
2025-09-03,11.67,11.73,11.57,11.62,11.2226,47728700
2025-09-04,11.65,11.7,11.57,11.68,11.2806,33136700
2025-09-05,11.71,11.91,11.66,11.74,11.3385,47547800
2025-09-08,11.75,11.75,11.58,11.69,11.2902,39734500
2025-09-09,11.67,11.68,11.45,11.49,11.0971,41262700
2025-09-10,11.49,11.52,11.31,11.42,11.0295,47021300
2025-09-11,11.46,11.79,11.43,11.76,11.3578,64196100
2025-09-12,11.75,11.81,11.66,11.68,11.2806,50100800
2025-09-15,11.74,11.76,11.61,11.68,11.2806,47942400
2025-09-16,11.69,11.78,11.51,11.61,11.213,58065000
2025-09-17,11.63,11.88,11.55,11.66,11.2612,68585900
2025-09-18,11.69,11.78,11.62,11.74,11.3385,55040100
2025-09-19,11.77,11.8,11.59,11.62,11.2226,71676300
2025-09-22,11.6,11.7,11.57,11.66,11.2612,58432700
2025-09-23,11.7,11.93,11.7,11.73,11.3288,55667600
2025-09-24,11.73,11.83,11.59,11.63,11.2323,60193800
2025-09-25,11.54,11.65,11.37,11.62,11.2226,67656300
2025-09-26,11.65,12.32,11.65,12.01,11.5993,117681800
2025-09-29,12.1,12.12,11.89,12.09,11.6765,83325000
2025-09-30,12.11,12.2,11.91,11.96,11.551,70765000
2025-10-01,12.12,12.28,12.04,12.27,11.8504,73578400
2025-10-02,12.28,12.43,12.12,12.22,11.8021,74530500
2025-10-03,12.25,12.67,12.2,12.67,12.2367,100778600
2025-10-06,12.63,12.8,12.48,12.7,12.2657,90544900
2025-10-07,12.5,12.53,11.74,11.92,11.5124,154390200
2025-10-08,11.98,12.01,11.68,11.74,11.3385,78469700
2025-10-09,11.75,11.77,11.48,11.5,11.1067,70320500
2025-10-10,11.55,11.59,11.35,11.41,11.0198,84595400
2025-10-13,11.49,11.63,11.46,11.54,11.1453,73939400
2025-10-14,11.38,11.76,11.34,11.65,11.2516,89117900
2025-10-15,11.68,11.78,11.64,11.76,11.3578,88960700
2025-10-16,11.74,11.79,11.64,11.74,11.3385,108701200
2025-10-17,11.74,12.01,11.72,11.92,11.5124,107633500
2025-10-20,11.93,12.08,11.91,11.99,11.58,77878900
2025-10-21,12.26,12.63,12.07,12.56,12.1305,297153200
2025-10-22,12.53,12.6,12.28,12.43,12.0049,415062200
2025-10-23,12.47,12.49,12.19,12.34,11.918,479840300
2025-10-24,12.73,13.97,12.71,13.84,13.3667,298366900
2025-10-27,13.8,13.8,13.21,13.26,12.8065,140859000
2025-10-28,13.24,13.28,13.04,13.13,12.681,96738500
2025-10-29,13.1,13.39,13.07,13.24,12.7872,127512200
2025-10-30,13.14,13.29,13.06,13.06,12.6134,80766300
2025-10-31,13.04,13.17,12.99,13.13,12.681,68862000
2025-11-03,13.1,13.1,12.9,13.01,12.5651,80419400
2025-11-04,12.91,12.93,12.75,12.79,12.3526,70360600
2025-11-05,12.92,13.31,12.88,13.11,12.6617,79134300
2025-11-06,13.14,13.26,12.98,13.12,12.6713,82291000
2025-11-07,12.96,13.24,12.95,13.21,12.9058,80011300
2025-11-10,13.23,13.24,13.0,13.16,12.8569,62051200
2025-11-11,13.19,13.44,13.19,13.3,12.9937,79742400
2025-11-12,13.3,13.5,13.3,13.45,13.1403,61840500
2025-11-13,13.4,13.5,13.25,13.28,12.9742,71481600
2025-11-14,13.18,13.31,13.1,13.19,12.8862,67932400
2025-11-17,13.18,13.18,12.78,12.88,12.5834,73404400
2025-11-18,12.87,13.09,12.76,13.02,12.7202,70215400
2025-11-19,13.03,13.15,12.86,12.9,12.6029,49619300
2025-11-20,12.91,13.01,12.38,12.41,12.1242,95861900
2025-11-21,12.51,12.94,12.49,12.83,12.5345,74048900
2025-11-24,12.84,12.98,12.83,12.96,12.6615,52936200
2025-11-25,12.99,13.26,12.98,13.17,12.8667,52885000
2025-11-26,13.17,13.26,13.12,13.19,12.8862,44942200
2025-11-28,13.21,13.34,13.18,13.28,12.9742,29536200
2025-12-01,13.2,13.39,13.13,13.16,12.8569,51594000
2025-12-02,13.19,13.19,12.87,12.96,12.6615,57641700
2025-12-03,12.99,13.14,12.96,13.09,12.7885,45364700
2025-12-04,13.19,13.24,13.06,13.14,12.8374,47554800
2025-12-05,13.15,13.28,13.0,13.03,12.7299,54099400
2025-12-08,13.07,13.16,12.95,13.14,12.8374,45580800
2025-12-09,13.13,13.22,13.06,13.08,12.7788,33350000
2025-12-10,13.08,13.42,13.07,13.41,13.1012,72210700
2025-12-11,13.39,13.68,13.3,13.63,13.3161,59012300
2025-12-12,13.67,13.84,13.67,13.76,13.4431,48337300
2025-12-15,13.8,13.81,13.49,13.65,13.3357,53577300
2025-12-16,13.72,13.99,13.57,13.67,13.3552,69408900
2025-12-17,13.63,13.66,13.29,13.31,13.0035,58320600
2025-12-18,13.38,13.47,13.25,13.32,13.0133,52604800
2025-12-19,13.31,13.48,13.28,13.47,13.1598,61640600
2025-12-22,13.51,13.61,13.42,13.46,13.15,31106100
2025-12-23,13.43,13.45,13.28,13.29,12.9839,25440800
2025-12-24,13.3,13.38,13.25,13.36,13.0523,14227600
2025-12-26,13.34,13.38,13.26,13.31,13.0035,22471400
2025-12-29,13.27,13.31,13.24,13.28,12.9742,24398300
2025-12-30,13.28,13.29,13.2,13.23,12.9253,23002800
2025-12-31,13.21,13.22,13.12,13.12,12.8179,26302300
2026-01-02,13.18,13.39,13.06,13.34,13.0328,46366900
2026-01-05,13.25,13.48,13.2,13.47,13.1598,50135200
2026-01-06,13.51,13.86,13.32,13.8,13.4822,84534700
2026-01-07,13.8,13.82,13.59,13.74,13.4236,50609000
2026-01-08,13.89,14.5,13.89,14.4,14.0684,154276800
2026-01-09,14.35,14.41,14.09,14.2,13.873,68436200
2026-01-12,14.15,14.19,13.96,14.03,13.7069,53444000
2026-01-13,14.06,14.13,13.96,13.98,13.6581,58867500
2026-01-14,14.0,14.12,13.79,13.84,13.5213,65318600
2026-01-15,13.92,14.13,13.79,13.81,13.492,44241500
2026-01-16,13.76,13.8,13.59,13.6,13.2868,60750800
2026-01-20,13.47,13.61,13.23,13.28,12.9742,67018100
2026-01-21,13.41,13.77,13.41,13.77,13.4529,58160100
2026-01-22,13.78,13.84,13.7,13.71,13.3943,38170300
2026-01-23,13.7,13.7,13.55,13.56,13.2477,39702100
2026-01-26,13.56,13.66,13.34,13.44,13.1305,59171000
2026-01-27,13.64,13.95,13.51,13.93,13.6092,100003700
2026-01-28,13.88,13.89,13.76,13.82,13.5017,48751800
2026-01-29,13.89,14.09,13.8,14.0,13.6776,84803900
2026-01-30,13.91,13.98,13.79,13.88,13.5604,66996300
2026-02-02,13.86,13.9,13.75,13.81,13.492,54218100
2026-02-03,13.82,14.04,13.61,13.73,13.4138,76638000
2026-02-04,13.72,14.0,13.69,13.82,13.5017,70488700
2026-02-05,13.75,13.82,13.53,13.72,13.404,79719900
2026-02-06,13.78,13.88,13.67,13.8,13.4822,55588200
2026-02-09,13.75,13.78,13.53,13.59,13.277,59778000
2026-02-10,13.64,13.74,13.57,13.57,13.2575,80827700
2026-02-11,13.62,13.88,13.52,13.85,13.531,129595000
2026-02-12,13.9,14.36,13.85,14.0,13.6776,133257200
2026-02-13,13.88,14.34,13.85,14.12,13.9442,87400200
2026-02-17,14.09,14.17,13.93,14.13,13.9541,57684800
2026-02-18,14.11,14.14,13.81,13.85,13.6776,64199300
2026-02-19,13.77,13.95,13.69,13.78,13.6085,58268500
2026-02-20,13.78,14.04,13.72,14.01,13.8356,67701100
2026-02-23,13.98,14.04,13.57,13.64,13.4702,59134400
2026-02-24,13.77,14.33,13.73,14.2,14.0232,73560800
2026-02-25,14.25,14.49,14.15,14.43,14.2504,58968700
2026-02-26,14.45,14.8,14.3,14.41,14.2306,61456300
2026-02-27,14.32,14.57,14.03,14.09,13.9146,73157000
2026-03-02,13.93,13.93,13.22,13.39,13.2233,110305500
2026-03-03,13.07,13.18,12.68,12.7,12.5419,102354700
2026-03-04,12.95,13.15,12.81,12.81,12.6505,73976700
2026-03-05,12.7,12.75,12.24,12.34,12.1864,71944300
2026-03-06,12.17,12.32,12.03,12.15,11.9988,59877700
2026-03-09,11.94,12.2,11.8,12.19,12.0383,69611200
2026-03-10,12.19,12.51,12.19,12.24,12.0876,56746300
2026-03-11,12.27,12.49,12.03,12.11,11.9593,50074500
2026-03-12,11.93,12.19,11.85,12.04,11.8901,51733900
2026-03-13,12.11,12.13,11.65,11.67,11.5247,48546500
2026-03-16,11.82,11.88,11.64,11.71,11.5642,49441400
2026-03-17,11.86,12.03,11.84,11.94,11.7914,59520100
2026-03-18,11.87,12.01,11.7,11.79,11.6432,55564800
2026-03-19,11.68,11.75,11.48,11.64,11.4951,47423400
2026-03-20,11.64,11.68,11.37,11.52,11.3766,147725100
2026-03-23,11.93,12.01,11.72,11.76,11.6136,44442200
2026-03-24,11.68,11.88,11.67,11.84,11.6926,31903900
2026-03-25,11.95,12.01,11.66,11.67,11.5247,37746100
2026-03-26,11.56,11.72,11.49,11.6,11.4556,28517600
2026-03-27,11.54,11.55,11.29,11.37,11.2285,33064600
2026-03-30,11.41,11.45,11.11,11.21,11.0705,41459900
2026-03-31,11.36,11.59,11.27,11.54,11.3963,38287900
2026-04-01,11.62,11.69,11.58,11.68,11.5346,33991700
2026-04-02,11.47,11.62,11.36,11.6,11.4556,31109100
2026-04-06,11.6,11.63,11.5,11.61,11.4655,24374600
2026-04-07,11.54,11.61,11.35,11.52,11.3766,41991600
2026-04-08,11.96,12.24,11.96,12.18,12.0284,58140000
2026-04-09,12.07,12.27,11.96,12.24,12.0876,32576200
2026-04-10,12.34,12.42,12.07,12.13,11.979,28362700
2026-04-13,12.03,12.17,11.92,12.16,12.0086,32688600
2026-04-14,12.51,12.75,12.45,12.71,12.5518,50232200
2026-04-15,12.7,12.76,12.49,12.71,12.5518,39926500
2026-04-16,12.67,12.75,12.42,12.44,12.2851,37407700
2026-04-17,12.64,13.04,12.62,12.87,12.7098,45735000
2026-04-20,12.81,12.92,12.75,12.87,12.7098,26029000
2026-04-21,12.87,13.03,12.78,12.78,12.6209,32210000
2026-04-22,12.84,12.88,12.58,12.63,12.4728,23958300
2026-04-23,12.61,12.7,12.37,12.48,12.3246,30844500
2026-04-24,12.45,12.46,12.29,12.38,12.2259,35043500
2026-04-27,12.38,12.65,12.38,12.49,12.3345,35098200
2026-04-28,12.52,12.52,12.24,12.4,12.2456,44278000
2026-04-29,12.37,12.38,12.14,12.24,12.0876,48672800
2026-04-30,11.55,12.09,11.47,12.08,11.9296,80557900
2026-05-01,12.06,12.07,11.78,11.88,11.7321,52880500
2026-05-04,11.85,11.88,11.46,11.5,11.3568,51014800
2026-05-05,11.56,11.79,11.56,11.69,11.5445,42262100
2026-05-06,11.94,12.25,11.94,12.17,12.0185,52111200
2026-05-07,12.22,12.3,12.06,12.18,12.0284,38986700
2026-05-08,12.29,12.37,12.18,12.32,12.1666,38453500
2026-05-11,12.34,12.39,12.01,12.05,11.9,48850800
2026-05-12,11.92,12.03,11.8,11.99,11.99,42165300
2026-05-13,11.97,13.94,11.97,13.57,13.57,216261200
2026-05-14,13.75,14.94,13.63,14.48,14.48,187021600
2026-05-15,13.98,14.05,13.29,13.4,13.4,108272300
2026-05-18,13.99,13.99,13.02,13.03,13.03,69708800
2026-05-19,12.89,13.23,12.72,13.06,13.06,41418200
2026-05-20,13.05,13.31,12.92,13.22,13.22,42349000
2026-05-21,13.17,13.8,13.14,13.67,13.67,72523100
2026-05-22,13.79,14.95,13.77,14.93,14.93,109712200
2026-05-26,14.78,15.55,14.78,15.32,15.32,90423300
2026-05-27,15.43,16.06,15.39,15.88,15.88,89234100
2026-05-28,15.86,16.75,15.86,16.65,16.65,98577300
2026-05-29,16.88,17.78,16.82,17.44,17.44,154228200
2026-06-01,17.38,17.48,16.63,16.63,16.63,97586400
2026-06-02,16.57,16.75,15.83,16.15,16.15,72847500
2026-06-03,16.01,16.2,15.63,15.71,15.71,59298500
2026-06-04,15.89,15.89,15.22,15.34,15.34,50079400
2026-06-05,15.23,15.26,14.68,14.9,14.9,65372100
2026-06-08,14.99,15.19,14.91,15.0,15.0,33038300
2026-06-09,15.11,15.39,14.49,14.95,14.95,51032600
2026-06-10,14.84,14.84,14.23,14.3,14.3,50776700
2026-06-11,14.3,14.78,14.1,14.71,14.71,47657200
2026-06-12,14.75,15.0,14.61,14.84,14.84,42162200
2026-06-15,15.22,15.48,14.74,14.77,14.77,48551900
2026-06-16,14.79,14.85,14.41,14.41,14.41,47490000
2026-06-17,14.43,14.48,13.93,13.96,13.96,43099800
2026-06-18,14.12,14.13,13.72,14.06,14.06,88711700
2026-06-22,14.1,14.56,13.95,14.11,14.11,66738100
2026-06-23,13.84,14.22,13.74,14.0,14.0,65368300
2026-06-24,14.03,14.15,13.71,13.84,13.84,51675000
2026-06-25,13.92,14.36,13.89,14.11,14.11,61741400
2026-06-26,13.97,14.48,13.97,14.13,14.13,59551900
2026-06-29,14.09,14.25,13.96,14.02,14.02,46333200
2026-06-30,14.02,14.19,13.79,13.9,13.9,59308700
2026-07-01,13.85,13.88,13.55,13.64,13.64,44544000
2026-07-02,13.82,14.0,13.225,13.36,13.36,42338452
